cluster_id,peptides,n_peptides,n_samples,n_binders,n_zeros,mean_thalf,median_thalf,split,alleles_count
149,"['ASYAAAAAY', 'MNYAAAAAY', 'ALSTGAGAY', 'ASYAGAGAY', 'ALTAGAGAY', 'VSYAAAAAY', 'ALSAGGGAY', 'VSNAAAVAY']",8,38,12,11,2.028947368421052,0.5,val,9
615,"['ELADQLIHL', 'NLADQLIHL', 'SLADQLIHL', 'GLADQLIHL', 'GLADQLIHI']",5,19,15,0,7.597368421052631,4.0,val,8
2350,"['RTWAYHGSY', 'RTWHYCGSY', 'KTWAYHGSY', 'RTWNYHGSY']",4,36,14,10,3.6402777777777775,0.3,test,13
520,"['ETACLGKSY', 'ETACLGKAY', 'ETACLSKAY', 'DTACLAKSY']",4,25,9,5,2.1620000000000004,0.7,test,9
1634,"['HYNAFHWAI', 'YYNAFHWAI', 'YYNAFQWAI', 'HYNAFQWAI']",4,21,19,0,16.66428571428571,19.45,test,6
3083,"['WYMWLGARY', 'MYMWLGARY', 'WYMWLGARF', 'WFMWLGARF']",4,13,8,2,7.588461538461539,2.0,val,7
4499,"['TVHHGAGTR', 'TVYHGAGTK', 'TVYHGAGAK', 'TVYHGAGAR']",4,10,6,2,13.110000000000003,1.25,val,7
4056,"['SMVNGVIKI', 'SMVNGVVRL', 'SMVNGVVKL', 'SLVNGVVRL']",4,5,4,0,1.14,1.3,test,2
4370,"['VLYCVHQEI', 'VLYCVHQHI', 'TLYCVHQEI', 'VLYCVHQRV']",4,4,4,0,2.975,2.2,val,1
2135,"['KLTPPHSAR', 'SLTPPHSAR', 'KLTPPHSAK', 'SLTPPHSAK']",4,4,3,1,14.8,3.5,test,1
494,"['DLKPENILL', 'DLKPQNILL', 'DIKPDNILL', 'DLKPDNILL']",4,4,0,4,0.0,0.0,test,1
1572,"['HPVQAGPIA', 'HPVHAGPVA', 'HPVHAGPIA']",3,33,24,7,7.054545454545454,6.7,test,11
1999,"['KSYAQMWLL', 'KAYAQMWSL', 'KAYANMWSL']",3,30,17,1,2.9783333333333335,1.35,val,16
2610,"['LPFHNVHPL', 'LPFQNVHPV', 'LPFQNIHPI']",3,29,22,2,7.141379310344828,3.5,val,16
953,"['FMSSFYNYV', 'FLSSFYNYV', 'FTSSFYNYV']",3,28,25,0,12.796428571428569,12.899999999999999,test,12
4982,"['YAQMWTLMY', 'YAQMWSLMY', 'YANMWSLMY']",3,25,14,4,2.386,1.4,val,13
826,"['YHQRFVQAL', 'FHSRFVQAL', 'FHARFVQAL']",3,23,9,13,1.8565217391304345,0.0,test,8
4726,"['VSARIAALF', 'VSTAVAALF', 'VSTAIAALF']",3,18,16,0,7.794444444444445,5.550000000000001,val,7
4593,"['VLNPYMPTV', 'VLCPYMPKV', 'VLAPYMPDV']",3,18,18,0,24.216666666666665,18.55,test,9
316,"['ATIEAVLAK', 'ATFEVFLAK', 'ATFEAVLAK']",3,16,10,3,22.85,2.75,test,7
5134,"['YLRQRQAAL', 'YLRQRQVAL', 'YLRRRQKAL']",3,16,7,5,1.1375,0.875,test,8
4650,"['VMAPRTLVL', 'VMPPRTLLL', 'VMAPRTLIL']",3,15,3,7,0.8933333333333332,0.2,val,11
1337,"['GMMDGWYGF', 'GMIDGWYGY', 'GMIAGWHGY']",3,12,4,2,2.058333333333333,0.8500000000000001,val,11
1423,"['GSEEIKSLY', 'GTEEIKSLY', 'GTEEIRSLY']",3,8,2,1,0.8875000000000001,0.25,val,6
2241,"['KRKGGIGEY', 'KRKGGIGGY', 'KRRGGIGGY']",3,6,0,3,0.21666666666666667,0.1,val,4
792,"['FCVKVLAPY', 'FCIKVLCPY', 'FCIKVLNPY']",3,6,4,2,2.6666666666666665,2.5999999999999996,val,4
4555,"['VEGEGLHKL', 'VEGIGLQYL', 'VEGLGLQKL']",3,4,0,0,0.625,0.6499999999999999,val,2
2226,"['KQWSWFSLL', 'KQWGWFALL']",2,35,9,9,0.9,0.4,test,20
971,"['FMFNDLLKL', 'FMFNELLAL']",2,32,14,7,3.9281250000000005,0.6499999999999999,val,19
1040,"['FPSVFINPV', 'FPSVFINPI']",2,30,19,5,3.24,1.9,val,18
1046,"['FPVTPQVPL', 'FPVRPQVPL']",2,29,19,4,5.6448275862068975,2.5,val,15
5101,"['YLIPSVTSL', 'YLIPAVTSL']",2,28,21,2,11.732142857142858,6.5,val,15
5161,"['YMYAVSGAL', 'YMKAPSGAL']",2,26,7,8,1.6115384615384618,0.45,test,20
5207,"['YPKFCRSAM', 'YPKFHRSAM']",2,26,12,5,3.6038461538461535,0.9,test,15
3600,"['RPMTYKAAF', 'RPMTYKAAL']",2,25,11,5,4.812,0.7,test,15
4891,"['WMACHSAAF', 'WMACNSAAF']",2,23,6,6,1.182608695652174,0.3,test,13
1575,"['HPYKDFIAA', 'HPYKDFIAT']",2,21,17,0,5.604761904761905,4.8,test,11
206,"['APAPAAAAV', 'APAAAAQAV']",2,21,16,0,9.08095238095238,3.7,test,11
5328,"['YTFTSLFSL', 'YTITSLFSL']",2,20,3,2,1.0150000000000001,0.5,val,19
3575,"['RPAIVVVAF', 'RPAIVVPAF']",2,20,10,9,3.7300000000000004,1.3,train,11
3666,"['RQWFIDVPL', 'RQWFLDLPL']",2,19,5,6,0.6421052631578947,0.4,val,10
1033,"['FPRIWLHSL', 'FPRPWLHGL']",2,19,9,5,1.4368421052631577,0.9,train,14
2609,"['LPFERATVM', 'LPFDRTTVM']",2,18,10,1,5.438888888888889,1.35,train,15
715,"['ETTNWLWAF', 'ETTNWLWTF']",2,18,5,3,1.0944444444444443,0.4,val,11
5111,"['YLLADTFTI', 'YLLADTFTV']",2,18,10,8,15.894444444444446,5.0,train,12
1806,"['IPKYLEIEI', 'IPNYLEIEI']",2,18,10,2,2.3627777777777776,1.05,train,11
3426,"['REWGWRIPF', 'SEWGWRIPF']",2,17,5,11,2.2411764705882358,0.0,test,11
1116,"['FSLTSSSKY', 'FSLPSSSSY']",2,16,4,3,1.075,0.35,test,9
4005,"['TLARGFPFV', 'SLARGFPFV']",2,16,16,0,4.81875,3.95,val,8
1278,"['GLFDFVNFV', 'GLFGFVNFV']",2,16,16,0,15.93125,16.15,test,8
965,"['FLYDRIAST', 'FLYDRLAST']",2,16,15,0,16.73125,16.25,val,8
2044,"['KIDYYIPYV', 'KISYYIPYV']",2,16,16,0,15.287500000000001,14.8,test,8
1548,"['HLSTAFARV', 'YLSTAFARV']",2,16,16,0,12.18125,10.8,val,8
5342,"['YTLNNGVAM', 'YTLNNGGAF']",2,15,2,7,0.36000000000000004,0.2,train,11
4873,"['WLGARYLEF', 'WLGARFLEF']",2,15,1,5,0.2733333333333333,0.2,test,9
4732,"['VSFNQNLEY', 'VSFDQNLDY']",2,14,4,5,1.8285714285714287,0.30000000000000004,test,9
438,"['CMKSFFGWK', 'CMKTFFGWK']",2,14,2,0,0.8857142857142858,0.45,test,7
3785,"['RTFSILNRK', 'RTYSLLNRK']",2,14,9,2,9.121428571428572,2.8,train,7
5339,"['YTKVVHYRR', 'YTKVVHYRK']",2,14,9,4,47.25,10.15,train,7
2355,"['KVAAAGVSY', 'KVASAGISY']",2,14,5,1,2.357142857142857,0.6,train,11
1549,"['HLTELYFEK', 'HTTELYFER']",2,14,9,2,22.457142857142856,1.45,train,7
2740,"['LTLKGTSYK', 'MTLKGTSYK']",2,14,8,0,8.846428571428572,1.875,train,7
4174,"['SSHDLMLLR', 'STHDLMLLR']",2,14,11,2,12.89285714285714,4.9,train,7
2461,"['LEFNSSLAI', 'MEFNSLLAI']",2,14,7,4,1.242857142857143,0.65,train,9
959,"['FLWGPRALV', 'FLWGPRAYA']",2,14,12,0,5.928571428571429,3.65,train,7
3678,"['RRDKRSVAL', 'RREKRSVAL']",2,13,2,2,1.1615384615384616,0.3,train,8
156,"['ALTSLGLLY', 'ALTDLGLIY']",2,13,6,5,2.730769230769231,0.6,train,7
3795,"['RTLGVFRYK', 'RTLNLFRYK']",2,13,10,0,31.52307692307692,29.7,train,7
2249,"['KRMMIRYCL', 'KRMMVRHCL']",2,13,8,3,6.438461538461538,4.6,train,8
212,"['APAKKAAAK', 'APAKKAAPA']",2,13,8,5,4.092307692307693,1.3,train,12
2322,"['KTFVDLMRR', 'KTFVELMRR']",2,13,9,2,6.8307692307692305,1.5,train,7
3037,"['MTRGLLGSY', 'MTRGILGSY']",2,13,4,2,1.7846153846153843,0.5,train,12
4254,"['SVYGLMGFH', 'SVYGLMGFK']",2,12,2,3,5.2749999999999995,0.3,train,11
4369,"['TLYAVATTF', 'TLYAVATTV']",2,12,9,1,7.025000000000002,3.2,train,12
736,"['NVHTWTEQY', 'EVHTWTEQY']",2,12,6,0,2.408333333333333,1.15,train,6
752,"['EVSARIAAL', 'EVSTAIAAL']",2,12,9,1,5.658333333333334,4.1,train,6
1803,"['IPITESLSF', 'IPITDSLSF']",2,12,6,3,2.2216666666666667,1.38,train,11
947,"['RRRRRRAAL', 'FLRRRRAAL']",2,12,2,4,1.3291666666666668,0.575,train,8
723,"['EVADRILFM', 'EVADRVIFM']",2,12,11,1,15.199999999999998,5.15,train,6
2739,"['MTKEEFTRY', 'LTKEEFTRY']",2,12,5,2,2.6083333333333334,0.75,train,11
2482,"['QFLSFASLF', 'LFLSFCSLF']",2,12,8,4,3.3666666666666667,2.65,train,6
1959,"['MYGIFQSTF', 'IYGIFQSTF']",2,12,10,0,24.158333333333335,33.8,train,6
2777,"['QYDPVAALF', 'LYDAVAALF']",2,12,8,3,9.049999999999999,9.45,train,6
4207,"['STLELRSRY', 'STLELRSGY']",2,11,1,8,0.1818181818181818,0.0,train,9
4534,"['TYGWNIVKL', 'TYGWNLVKL']",2,11,4,3,1.3136363636363637,0.7,train,6
1023,"['FPNITLKII', 'LPNITLKII']",2,11,6,2,1.96,1.1,train,10
3344,"['RYSGFVRTL', 'QYSGFVRTL']",2,11,4,1,2.6181818181818177,0.6,train,6
3343,"['QYSDRRWCF', 'SYHDRRWCF']",2,11,9,0,5.377272727272728,7.0,train,6
3950,"['SEMGANFKA', 'SEMGANFRA']",2,10,6,3,4.95,1.9,train,5
39,"['AELGAFFSI', 'PELGAFFAI']",2,10,2,2,1.67,0.45,train,5
1885,"['ISYGGGWRL', 'ISYGGGWKL']",2,10,6,0,2.88,2.7,train,5
1430,"['GSRAIWFMW', 'GSRAIWYMW']",2,10,7,2,4.13,2.3499999999999996,train,6
3372,"['RARKRGITL', 'RARKRGITM']",2,10,2,6,1.1,0.0,train,6
5265,"['YRIMTRGLL', 'YRILQRGLL']",2,10,1,0,0.5700000000000001,0.6,train,5
4569,"['VETYVLSIV', 'VETYVLSII']",2,10,6,2,1.7,1.4500000000000002,train,5
5013,"['YFHKRDMRL', 'YFHRRDLRL']",2,10,0,4,0.25000000000000006,0.15000000000000002,train,5
563,"['EEFCDMLRL', 'SEFCDMLRL']",2,10,2,4,0.4600000000000001,0.4,train,5
23,"['AEALLADGL', 'CEALLADGL']",2,9,5,2,2.0444444444444447,1.1,train,5
5380,"['YVSVVSSHY', 'YVSVGSSKY']",2,9,1,2,0.8111111111111111,0.3,train,9
4286,"['TAVPWNSSW', 'TAVPWNASW']",2,9,7,0,4.7333333333333325,4.8,train,5
2874,"['MVAKYDLLV', 'MLAKYDHLV']",2,9,7,0,6.222222222222222,4.1,train,8
5131,"['YLRKHIRAL', 'YLREHIRAM']",2,9,3,2,2.3111111111111113,0.8,train,8
2924,"['MMYTVSLGK', 'MMYTVSLGH']",2,9,3,0,3.922222222222222,0.6,train,8
5157,"['YMFESKRMK', 'YMFESKSMK']",2,9,3,2,1.2111111111111112,0.6,train,8
3396,"['REDQWCGSL', 'REDIWCGSL']",2,9,3,2,0.6111111111111112,0.7,train,5
35,"['AETESATLF', 'AEIESATLF']",2,9,9,0,5.2444444444444445,2.3,train,5
885,"['YLCEDTITY', 'FLCDDTITY']",2,9,1,0,1.7333333333333334,0.6,train,6
3242,"['QEGAMHTAL', 'QEGALHQAL']",2,9,4,4,1.4555555555555555,0.7,train,5
1235,"['GELSTLDIM', 'GELNTLDIM']",2,8,1,4,0.3125,0.15,train,4
3949,"['SELSLLSLL', 'SELSLLSLY']",2,8,3,4,3.0,0.35,train,4
3699,"['RRIFDLIEL', 'RRIYDLIEL']",2,8,3,0,0.875,0.5,train,5
3532,"['RLSVKTFVK', 'RLSVKTFVH']",2,8,6,2,11.225,5.15,train,7
1417,"['GRYNLVPPK', 'GRYNLISPK']",2,8,4,4,9.287500000000001,9.0,train,4
3509,"['RLLHRTTRK', 'RLLHRTTRH']",2,8,6,2,20.7875,13.9,train,7
3874,"['RVYAHDAQH', 'RVYAHDAQK']",2,8,6,1,38.0125,26.85,train,7
2019,"['KESSWPQGL', 'KESSWPQGF']",2,8,2,5,0.925,0.0,train,4
2248,"['KRMGVQMQR', 'KRMGVQVQR']",2,8,5,2,15.75,15.75,train,4
2230,"['KRAAAGIMK', 'RRTAAGIMK']",2,8,4,4,10.2375,6.5,train,4
684,"['ESSINISGY', 'KSSLNISGY']",2,8,1,4,0.38749999999999996,0.1,train,8
2257,"['KRWAFRTGV', 'KRWGFRSGV']",2,8,7,0,5.3125,5.35,train,4
726,"['LVTGAGSGF', 'EVAGAGSGF']",2,8,6,1,9.575,6.25,train,8
1976,"['KAAVDLSHF', 'KAAFDLSFF']",2,8,6,0,3.6749999999999994,4.4,train,4
616,"['ELDDYMFFV', 'ETDDYMFFV']",2,8,5,0,5.0,1.8499999999999999,train,7
5281,"['YRTLGVFRY', 'YRTLNLFRY']",2,7,3,2,6.628571428571429,0.2,train,4
4141,"['SRAIWFMWL', 'SRAIWYMWL']",2,7,0,3,0.14285714285714285,0.1,train,4
941,"['FLRDNRAVL', 'LLRDNRAAL']",2,7,3,2,1.0857142857142856,0.6,train,5
3948,"['SEIWRDIDF', 'YEIWRDIDF']",2,7,3,3,1.4000000000000001,0.6,train,4
3226,"['PTTTYTLEY', 'PTAIYTLEY']",2,6,2,1,5.933333333333333,0.4,train,5
4007,"['TLASIGTAF', 'SLASIGTSF']",2,6,4,0,3.5999999999999996,3.05,train,3
2735,"['LTINAVASK', 'LTINAVASR']",2,6,6,0,26.666666666666668,25.0,train,4
1600,"['HSNLNDTTY', 'HSNLNDATY']",2,5,2,0,3.1399999999999997,0.5,train,4
833,"['FYGAKEIAL', 'FHGAKEIAL']",2,5,0,2,0.12000000000000002,0.2,train,5
3679,"['RREGGGAVR', 'RRYGGGLVR']",2,5,4,0,10.459999999999999,1.1,train,4
5270,"['YRLRGEERK', 'YRLRGEARK']",2,5,3,2,8.52,7.8,train,4
3239,"['QARQMVQAM', 'QARRMVQAM']",2,5,3,1,1.3,1.2,train,3
4855,"['WFQRIPLQW', 'WLQKIPLQW']",2,5,2,1,1.7600000000000002,0.7,train,5
1931,"['IVDCLTEMY', 'IVDSLTEMY']",2,5,1,4,3.7,0.0,train,5
1648,"['IAMESIVIW', 'IATESIVIW']",2,5,4,0,5.34,3.6,train,5
2103,"['KLKKKSAFY', 'KLRKKSSFY']",2,4,3,0,3.8499999999999996,4.45,train,2
4641,"['VLWDIPTPK', 'VLWDTPSPK']",2,4,4,0,11.5375,7.75,train,2
1247,"['GFLNEDHWF', 'GFMNEDHWF']",2,4,0,1,0.22500000000000003,0.25,train,2
1063,"['FQNVNKITY', 'FQNVNRITY']",2,4,3,1,6.025,7.7,train,3
4533,"['TYGVCSKAF', 'TYGVCAKAF']",2,4,4,0,1.125,1.1,train,2
1686,"['IFLKPDETF', 'IFLKPEETF']",2,4,2,0,0.9249999999999999,0.8999999999999999,train,2
466,"['CYMHVSDYY', 'CYMHVSDFY']",2,4,4,0,3.1624999999999996,3.2,train,2
500,"['DLLENLQTY', 'DLLENLQAY']",2,3,0,0,0.3666666666666667,0.4,train,2
2483,"['LFPELDCFF', 'LFPELECFF']",2,3,3,0,2.466666666666667,2.5,train,2
4509,"['TVLEFILQK', 'TVLDHILQK']",2,3,3,0,38.06666666666666,39.1,train,2
4860,"['WHDWQQVPF', 'WYDWQQVPF']",2,3,0,0,0.43333333333333335,0.3,train,2
3495,"['RLGPGTLDF', 'RLGWRTLDF']",2,3,1,0,3.0666666666666664,0.2,train,2
4623,"['VLPFDIKKL', 'VLPFDIKYI']",2,2,1,0,0.8,0.8,train,1
889,"['FLDGNELTL', 'FLDGNEMTL']",2,2,2,0,19.049999999999997,19.049999999999997,train,1
3571,"['RPLDSITYL', 'RPADSITYL']",2,2,2,0,3.55,3.55,train,1
3525,"['RLRAEAQRK', 'RLRAEAQVK']",2,2,2,0,48.0,48.0,train,1
2186,"['KPKALSEAF', 'KPKVASEAF']",2,2,0,0,0.55,0.55,train,1
1760,"['ILRNPGYAL', 'ILRNPGFAL']",2,2,2,0,6.1,6.1,train,1
1361,"['GPSHKARVL', 'GPGHKARVL']",2,2,2,0,1.95,1.95,train,1
1400,"['GRITVSTKR', 'GRVTVSTKR']",2,2,2,0,1.75,1.75,train,1
3944,"['SEHTGKEIV', 'SEHTGREIV']",2,2,2,0,1.05,1.05,train,1
4515,"['TVMINNVKI', 'TVMINNVKL']",2,2,1,0,0.91,0.91,train,1
1817,"['IPRRIRQGF', 'IPRRIRQGL']",2,2,2,0,3.0,3.0,train,1
4685,"['VPGASGTVL', 'VPGLPGTVL']",2,2,2,0,2.45,2.45,train,1
4371,"['TLYDRYLIK', 'TLYDRYLIH']",2,2,2,0,15.7,15.7,train,1
1105,"['FSDLCNFLI', 'LSDLCNFLV']",2,2,1,0,3.0999999999999996,3.0999999999999996,train,1
3759,"['RSKAFSNCY', 'RSKAYSNCY']",2,2,2,0,10.35,10.35,train,1
2183,"['KPGPAKFSL', 'RPGPVKFSL']",2,2,2,0,5.25,5.25,train,1
2155,"['KMARAGLGK', 'KMARAGLGH']",2,2,2,0,29.700000000000003,29.700000000000003,train,1
1177,"['FVKDWMERI', 'FVKDWMDRI']",2,2,0,1,0.15,0.15,train,1
493,"['EIKDTEEAL', 'DIKDTKEAL']",2,2,0,0,0.1,0.1,train,1
636,"['ELRSLYNTV', 'KLKSLYNTV']",2,2,1,0,0.6000000000000001,0.6000000000000001,train,1
3155,"['NPVTVINEY', 'NPVTIINEY']",2,2,0,2,0.0,0.0,train,1
2514,"['LLFLKDVEP', 'LLFLEDVEP']",2,2,1,1,10.95,10.95,train,1
1704,"['ILLKALYML', 'IILKALYML']",2,2,1,0,3.5,3.5,train,2
1285,"['GLHAAAPHL', 'GLQADAPHL']",2,2,2,0,1.6,1.6,train,1
3500,"['RLIGKTNEK', 'RLIEKTNEK']",2,2,2,0,26.65,26.65,train,1
3569,"['RPAADGKTV', 'RPAVGGKTV']",2,2,2,0,3.95,3.95,train,1
606,"['EIQLKIDKL', 'EMQLKIDKL']",2,2,1,0,2.575,2.575,train,1
2565,"['LMLASSAGK', 'LMLASSAGH']",2,2,1,1,1.75,1.75,train,1
2255,"['KRVQEVRGY', 'KRVQEVKGY']",2,2,0,1,0.15,0.15,train,1
2511,"['LLDKQQFEL', 'LLDKRQFEL']",2,2,2,0,8.8,8.8,train,1
2802,['MAMGILHTI'],1,36,20,5,2.7111111111111112,1.25,train,36
2807,['MAMTDTTPF'],1,34,14,9,2.570588235294118,0.7,train,34
1072,['FQWWRSHPL'],1,34,12,8,1.8029411764705883,0.45,train,34
2908,['MMHASTSPF'],1,32,4,9,0.8750000000000001,0.3,train,32
2887,['MLMAASRAL'],1,30,13,8,3.6866666666666665,0.8500000000000001,train,30
2915,['MMMPMFNAF'],1,30,9,10,1.103333333333333,0.35,train,30
5237,['YQLEMYHPI'],1,29,20,4,5.258620689655173,2.9,train,29
5187,['YMYRVWSPL'],1,29,9,6,2.0586206896551724,0.4,train,29
1188,['FVVDTTPPL'],1,28,12,6,2.810714285714286,0.8,train,28
2916,['MMMSTAVAF'],1,28,5,12,0.65,0.2,train,28
4933,['WQLTSIWPI'],1,27,9,7,1.8703703703703705,0.4,test,27
774,['FAFCRITSF'],1,26,9,11,0.9115384615384615,0.3,train,26
994,['FMYALSRAF'],1,24,4,12,0.65,0.05,train,24
2211,['KQLELFWVI'],1,24,14,6,6.416666666666667,1.35,test,24
782,['FAMRLLQAV'],1,24,12,3,3.5708333333333333,0.85,test,24
4180,['SSMNSFLLY'],1,23,8,6,2.2956521739130435,0.5,train,23
2567,['LMMSSPPPI'],1,23,11,8,6.139130434782608,0.6,test,23
3033,['MTMYGSISL'],1,23,5,10,0.5000000000000001,0.4,train,23
4987,['YARRYFYPL'],1,23,7,8,1.6782608695652173,0.5,test,23
1004,['FPASHMATY'],1,23,4,10,0.7956521739130435,0.3,val,23
2214,['KQLEYSWVL'],1,23,14,4,3.9695652173913043,1.7,train,23
1062,['FQMGGIGPM'],1,23,10,4,2.2913043478260873,0.7,train,23
2902,['MLYPRVWPY'],1,22,7,7,1.0954545454545455,0.3,val,22
791,['FAYKTGSSM'],1,22,5,7,0.9454545454545454,0.3,val,22
2795,['MAAAAFPAL'],1,22,7,7,2.35,0.4,val,22
2424,['LAFSTRFSF'],1,22,3,13,0.9136363636363637,0.0,val,22
2914,['MMMGMFNML'],1,22,9,4,1.5090909090909088,0.5,train,22
3561,['RMMGKTNPL'],1,22,10,4,7.336363636363637,0.8,train,22
5247,['YQVKYVSPV'],1,21,15,5,12.70952380952381,4.6,test,21
2213,['KQLEWKWGI'],1,21,14,3,6.242857142857143,4.6,test,21
5327,['YTFFFTQYF'],1,21,6,2,2.1857142857142855,0.5,test,21
4989,['YAYEPGSVM'],1,21,7,5,1.5666666666666667,0.3,train,21
2566,['LMMNGTSAM'],1,21,5,10,1.6095238095238094,0.1,train,21
3058,['MVFQHFHLF'],1,21,6,9,1.0666666666666669,0.6,train,21
2920,['MMQVWIQPL'],1,21,9,3,2.7357142857142853,0.45,test,21
4882,['WLMKYPYQL'],1,21,7,5,2.3857142857142857,0.4,val,21
2816,['MAWERGPAL'],1,21,5,6,0.6238095238095239,0.3,train,21
4199,['STFATVLEY'],1,21,8,6,1.942857142857143,0.6,test,21
1184,['FVRQCFNPM'],1,21,10,6,2.838095238095238,0.6,val,21
3012,['MSWGWRLPF'],1,20,7,4,1.565,0.45,train,20
4980,['YAMAIRQAI'],1,20,4,4,1.6,0.6,train,20
4927,['WQFAIHYSF'],1,19,5,7,1.2526315789473683,0.4,test,19
787,['FASASSYAI'],1,19,3,12,0.5105263157894737,0.0,train,19
2970,['MQLPGGWLL'],1,19,2,5,0.5578947368421052,0.4,val,19
5358,['YTYPCIPEY'],1,19,13,1,2.9368421052631586,2.1,test,19
1044,['FPVAMLSCL'],1,19,6,8,2.942105263157895,0.6,test,19
5219,['YPYQLMLSL'],1,19,10,2,3.8052631578947373,1.3,train,19
1006,['FPDGKPFTL'],1,19,9,9,3.805263157894737,0.7,train,19
1900,['ITFQSILGY'],1,19,6,4,1.3736842105263158,0.3,train,19
3016,['MTAHITVPY'],1,19,10,5,5.563157894736841,1.4,test,19
3366,['RAMRMVYYL'],1,19,7,6,2.7421052631578946,0.5,train,19
3022,['MTFPVSLEY'],1,19,10,0,3.121052631578947,1.1,test,19
5210,['YPMSIPATL'],1,19,10,4,4.684210526315789,1.3,test,19
5165,['YMKPGSSPL'],1,19,9,4,3.4631578947368413,0.9,train,19
2928,['MPARLWLCL'],1,19,7,6,2.642105263157895,0.7,train,19
2959,['MPYHGYHII'],1,19,11,3,5.121052631578948,2.0,test,19
5346,['YTNYPFLFF'],1,18,2,5,0.6222222222222221,0.4,train,18
2114,['KLMDVVYSI'],1,18,15,1,14.655555555555557,12.15,val,18
2941,['MPMSMPIPM'],1,18,9,3,5.466666666666667,0.9500000000000001,val,18
3386,['RAYRNALSM'],1,18,7,4,1.047222222222222,0.35,val,18
4133,['SQMPTSLNF'],1,18,3,6,0.938888888888889,0.15000000000000002,test,18
3669,['RQYERYTAL'],1,18,8,4,5.338888888888889,0.55,val,18
1113,['FSIPVTFSY'],1,18,8,2,3.45,0.5,val,18
2940,['MPMKGRFPI'],1,18,10,3,5.055555555555555,1.8,val,18
785,['FARQNNGAF'],1,18,5,9,0.6055555555555556,0.1,train,18
5326,['YTFEPHYFY'],1,18,5,1,1.6777777777777778,0.4,train,18
2208,['KQIPIWLPL'],1,18,9,4,2.9611111111111112,0.85,val,18
5200,['YPFHIFYPV'],1,18,11,3,4.111111111111111,1.75,val,18
1019,['FPLWWVSSI'],1,18,6,4,1.8499999999999999,0.4,val,18
4240,['SVIDHIHYM'],1,18,13,0,6.866666666666666,1.7,val,18
2446,['LAYARGQAM'],1,18,10,2,3.9555555555555557,1.4500000000000002,val,18
3665,['RQWAQDLTL'],1,18,8,5,1.8722222222222225,0.7,test,18
1007,['FPEHIFPAL'],1,18,4,12,0.8999999999999999,0.0,val,18
1054,['FQFTLHWEL'],1,18,5,7,1.1277777777777778,0.45,train,18
2930,['MPAYIRNTL'],1,18,8,6,4.555555555555556,0.8500000000000001,train,18
4907,['WMYEGKHVL'],1,18,11,3,4.244444444444444,2.95,test,18
2912,['MMLSPLVAL'],1,18,6,5,1.9388888888888884,0.35,train,18
2958,['MPYETLVGL'],1,18,11,4,3.5222222222222226,1.5,test,18
3847,['RVMAIFMAL'],1,18,10,4,4.383333333333334,2.3,test,18
870,['FIVEHINAM'],1,18,8,2,2.5555555555555554,0.7,test,18
3645,['RQHPGLFPF'],1,18,6,3,2.4000000000000004,0.45,train,18
2437,['LARQHIAAL'],1,17,6,6,1.6382352941176472,0.5,test,17
4088,['SPAAYVLPL'],1,17,7,10,5.211764705882352,0.0,val,17
776,['FAFKLSFAI'],1,17,4,12,0.5705882352941176,0.0,train,17
2932,['MPEAMTIVM'],1,17,6,7,3.2294117647058824,0.2,train,17
2882,['MLIASTTGM'],1,17,5,3,0.9529411764705882,0.3,train,17
2318,['KTFEWGVFY'],1,17,8,3,2.5,0.7,val,17
3547,['RMFKRVFNM'],1,17,4,7,0.9,0.3,test,17
1003,['FPAPRAETL'],1,17,9,7,5.264705882352941,1.1,val,17
3047,['MTTSMTMSY'],1,17,8,1,2.270588235294118,0.9,val,17
651,['EPADHLAIM'],1,17,7,7,1.2294117647058824,0.4,train,17
2212,['KQLESVMYL'],1,17,10,4,4.047058823529412,1.7,val,17
988,['FMSMVSHEL'],1,17,9,3,6.464705882352941,3.5,val,17
987,['FMRFAFLSM'],1,17,3,12,0.7470588235294118,0.0,train,17
2161,['KMFNRASYF'],1,17,9,1,2.270588235294117,1.0,val,17
969,['FMFDYIPPV'],1,16,8,4,12.262500000000001,8.1,val,16
4836,['WASHIHLVI'],1,16,6,5,2.25625,0.5,val,16
88,['AIIDYIAYM'],1,16,12,0,9.66875,5.8,test,16
5221,['YPYSSSARF'],1,16,9,6,2.9875,1.55,test,16
3137,['NLYGWHLPL'],1,16,3,5,0.8999999999999999,0.25,test,16
2167,['KMIGNLLSF'],1,16,7,2,5.23125,0.7,train,16
1001,['FPALRDAIL'],1,16,8,5,4.29375,1.3,train,16
3014,['MTAASYARY'],1,16,13,2,4.05625,2.5,val,16
4418,['TQFAGVVTV'],1,16,12,1,3.0124999999999997,2.5,val,16
1051,['FQANMFLTL'],1,16,7,9,1.5875000000000001,0.0,val,16
2812,['MARWITWAM'],1,16,7,7,0.91875,0.5,val,16
138,['ALMEVTHVL'],1,16,11,4,11.5,4.15,val,16
4210,['STMPLSWMY'],1,16,8,3,4.34375,1.65,val,16
1011,['FPIGKLTLL'],1,16,6,3,2.55,0.5,val,16
3515,['RLMPDFWEF'],1,16,9,4,6.2375,3.25,train,16
5166,['YMLDMTFPV'],1,16,10,3,15.356250000000001,12.350000000000001,train,16
5371,['YVIRDLAAM'],1,16,11,0,6.140625,2.825,val,16
4922,['WPTPKTHPV'],1,16,9,4,2.290625,1.35,train,16
5059,['YIVGYYSAL'],1,16,6,3,0.8812500000000001,0.65,train,16
5071,['YLAEGHACL'],1,16,9,5,7.300000000000001,1.2999999999999998,train,16
786,['FARTLLAAL'],1,16,3,7,0.515625,0.30000000000000004,train,16
788,['FASSRMSTY'],1,16,4,5,0.6625,0.1,train,16
890,['FLDKGTYTL'],1,16,9,5,7.1875,1.15,val,16
4065,['SLYSGFPSL'],1,16,6,5,2.24375,0.30000000000000004,train,16
2199,['KPWLRAHPV'],1,16,10,4,5.66875,3.9,val,16
5151,['YLYLRPYAL'],1,16,7,1,5.36875,0.7,val,16
5196,['YPARVKCAL'],1,16,8,5,5.1375,1.05,train,16
2903,['MMAKSNSPF'],1,16,2,5,1.1625,0.2,train,16
2935,['MPFIATPPV'],1,16,10,4,3.875,1.9,val,16
2621,['LPLMMLSPL'],1,16,7,3,3.26875,0.7,val,16
1605,['HTAAPWGSY'],1,16,7,1,2.46875,0.8500000000000001,train,16
2814,['MAVGVVLAL'],1,16,3,10,1.44375,0.0,train,16
1353,['GMYGHPFAL'],1,16,8,4,4.9375,0.8999999999999999,val,16
3637,['RPYGKFRAM'],1,16,8,1,5.2,1.05,test,16
5229,['YQFMNFESL'],1,16,5,8,1.03125,0.05,train,16
2904,['MMAWRMMRY'],1,16,4,5,0.7125000000000001,0.15000000000000002,val,16
5315,['YSYIFLSSY'],1,15,3,7,1.936,0.1,train,15
2921,['MMWATAQAL'],1,15,6,3,1.52,0.5,test,15
3618,['RPRLHSISF'],1,15,6,6,4.066666666666666,0.3,test,15
1002,['FPALRFVEV'],1,15,8,1,2.566666666666667,1.1,train,15
3620,['RPRQIAMSL'],1,15,8,6,3.5933333333333337,1.0,train,15
654,['EPFSRRHPL'],1,15,8,4,5.166666666666667,1.4,train,15
2955,['MPVWLPIVI'],1,15,8,1,3.646666666666667,1.1,train,15
2948,['MPVDHPLSL'],1,15,7,4,5.419999999999999,0.8,train,15
3782,['RTFGCSWEF'],1,15,9,1,5.5,2.8,train,15
4932,['WQLSGVVPL'],1,15,4,6,1.0666666666666667,0.4,train,15
5238,['YQLGDYFFV'],1,15,10,3,8.106666666666666,2.9,train,15
2218,['KQMSQPYAV'],1,15,10,3,6.626666666666666,6.7,train,15
1566,['HPLHHPLSI'],1,15,8,3,3.02,1.1,train,15
1807,['IPLCRTSCL'],1,15,10,3,5.766666666666667,2.1,train,15
5212,['YPPPRYITV'],1,15,4,7,1.32,0.5,train,15
1362,['GPIRFVLAL'],1,15,6,6,5.12,0.5,train,15
1820,['IPSPRRIEF'],1,15,6,6,3.0266666666666664,0.5,train,15
2591,['LPAERAHEL'],1,15,10,3,7.593333333333332,2.3,train,15
5194,['YPACEAIGL'],1,15,6,6,2.4266666666666667,0.7,train,15
5336,['YTIYGAWMF'],1,15,6,3,1.2,0.8,train,15
4094,['SPISCSYSL'],1,15,9,3,6.353333333333333,1.1,train,15
2619,['LPLERAIAV'],1,15,13,0,6.946666666666666,3.8,train,15
1812,['IPQFRTLVI'],1,15,7,4,3.0600000000000005,0.8,train,15
258,['AQMVWIHGV'],1,15,12,2,11.393333333333334,8.0,train,15
2555,['LLYAHINAL'],1,15,9,2,8.626666666666667,7.8,train,15
3011,['MSWESTAEY'],1,15,8,3,2.24,2.4,train,15
1037,['FPRYPLNVL'],1,15,7,3,1.34,0.6,train,15
3622,['RPRQRGIPF'],1,15,10,3,5.17,3.2,train,15
3822,['RVFNNYMPY'],1,15,6,1,1.76,0.4,train,15
2202,['KPYMAMSAL'],1,15,7,2,4.3,0.9,train,15
2796,['MAAAGATLY'],1,15,5,4,1.6000000000000003,0.6,train,15
3365,['RAMKALSSI'],1,15,3,10,0.4866666666666666,0.0,train,15
4390,['TPAARALPL'],1,15,8,5,5.746666666666667,1.0,train,15
2966,['MQFPGSVGF'],1,15,3,5,1.1466666666666667,0.3,train,15
2636,['LPQRHHIML'],1,15,6,6,2.146666666666667,0.4,train,15
1576,['HPYKIPATV'],1,15,9,3,2.546666666666667,1.1,train,15
1567,['HPLSHFVNL'],1,15,7,3,4.08,0.8,train,15
1562,['HPFALLLVL'],1,15,3,10,2.19,0.0,train,15
3609,['RPRCAYLPF'],1,15,7,5,4.739999999999999,0.6,train,15
5223,['YQAGISAAL'],1,15,10,1,5.8533333333333335,2.3,train,15
2953,['MPVSIPTPI'],1,15,10,3,3.5266666666666664,1.4,train,15
5350,['YTSDYFISY'],1,15,6,3,3.3400000000000003,0.5,train,15
922,['FLLPRGLAI'],1,15,2,6,0.3,0.2,train,15
5220,['YPYSDDLTI'],1,15,7,3,3.0133333333333336,0.9,train,15
2048,['KIFEYGFTF'],1,15,9,2,5.646666666666667,1.5,train,15
2933,['MPFAWQFGF'],1,15,5,3,1.9666666666666666,0.6,train,15
3465,['RIYSHIAPY'],1,15,5,7,2.0266666666666664,0.2,train,15
5118,['YLMPYSVYI'],1,15,11,0,18.839999999999996,21.5,train,15
3059,['MVFQNYALY'],1,15,8,1,2.1533333333333333,1.1,train,15
1012,['FPIKRISAV'],1,15,12,1,4.786666666666666,3.3,train,15
2811,['MARPADASM'],1,15,7,6,2.486666666666667,0.7,train,15
5357,['YTYGAGSYF'],1,15,11,1,2.9333333333333327,1.4,train,15
1016,['FPKVRAQEL'],1,15,7,6,2.4266666666666663,0.9,train,15
1021,['FPMIIGSEL'],1,15,8,3,2.9133333333333336,1.0,train,15
4003,['SLAALFYSL'],1,14,8,4,2.8857142857142857,1.3,train,14
2447,['LAYASYFSF'],1,14,7,0,2.1999999999999997,1.15,train,14
5292,['YSAEALLPY'],1,14,7,2,2.7142857142857144,1.0,train,14
964,['FLYDISISL'],1,14,11,1,11.799999999999999,6.3500000000000005,train,14
1047,['FPYAIRLVA'],1,14,9,2,5.914285714285714,5.2,train,14
1175,['FVIGGMTGV'],1,14,10,2,5.9857142857142875,2.7,train,14
996,['FMYEGDTPL'],1,14,10,4,11.235714285714284,7.199999999999999,train,14
1561,['HPASRLFPF'],1,14,7,5,2.5,1.1,train,14
1818,['IPRRNVATL'],1,14,4,3,1.4357142857142855,0.6499999999999999,train,14
2647,['LPRYFPTAL'],1,14,8,3,2.5357142857142856,1.2000000000000002,train,14
3651,['RQLLWRYQI'],1,14,6,4,4.1571428571428575,0.8500000000000001,train,14
4900,['WMMAMRYPI'],1,14,1,8,0.29285714285714287,0.0,train,14
4917,['WPLVNFHIL'],1,14,5,5,1.9142857142857146,0.4,train,14
259,['AQMWSLMYF'],1,14,5,2,1.457142857142857,0.6499999999999999,train,14
912,['FLIYFRSPL'],1,14,7,1,3.5642857142857145,1.25,train,14
1137,['FTIGNMFSL'],1,14,7,5,1.8714285714285714,1.0,train,14
1017,['FPLTQRDVL'],1,14,5,4,1.7357142857142858,0.25,train,14
2749,['LTSPISCSY'],1,14,9,2,2.9928571428571433,2.8499999999999996,train,14
5149,['YLYETYHLI'],1,14,11,1,13.299999999999999,7.0,train,14
3710,['RRMATTFTF'],1,14,9,1,10.664285714285713,1.2999999999999998,train,14
3635,['RPVYVALTL'],1,14,1,13,0.4571428571428572,0.0,train,14
1910,['ITMVNSLTY'],1,14,9,2,3.014285714285714,1.2000000000000002,train,14
2184,['KPIPHRTVL'],1,14,7,3,6.042857142857143,1.15,train,14
1140,['FTMRLLSPV'],1,14,8,0,17.85,18.6,train,14
997,['FMYSDFHFI'],1,14,9,1,6.921428571428572,4.25,train,14
2805,['MAMRYPITA'],1,14,4,6,0.9071428571428571,0.35,train,14
5324,['YTFCGTIEY'],1,14,10,1,5.07142857142857,2.4000000000000004,train,14
3655,['RQMRASAPL'],1,14,6,4,3.0642857142857145,0.7,train,14
4701,['VPRPRFSAL'],1,14,5,6,3.6714285714285713,0.55,train,14
2906,['MMFDAMGAL'],1,14,5,2,0.9142857142857144,0.4,train,14
4871,['WLAKSFFEL'],1,14,4,4,0.5142857142857143,0.5,train,14
1577,['HPYVFCALL'],1,14,6,5,1.7571428571428573,0.5,train,14
5355,['YTYATRGIY'],1,14,4,4,1.5000000000000002,0.35,train,14
1179,['FVMSCKLLY'],1,14,7,2,2.649999999999999,0.9,train,14
5204,['YPIVKGFAV'],1,14,10,2,3.242857142857143,2.25,train,14
4921,['WPRHRRLSI'],1,14,6,5,1.4214285714285713,0.55,train,14
2875,['MLAPSTLGY'],1,14,4,2,1.3714285714285717,0.4,train,14
4957,['WTIGNRAPY'],1,14,8,2,6.3571428571428585,2.1,train,14
4984,['YAREAGIAM'],1,14,0,14,0.0,0.0,train,14
1367,['GPRQWRWPL'],1,14,5,8,2.507142857142857,0.0,train,14
3598,['RPMLARLTV'],1,14,7,5,6.742857142857142,2.65,train,14
4671,['VPADHRLAF'],1,14,5,7,4.45,0.3,train,14
5136,['YLSAKITTL'],1,14,10,2,9.814285714285715,7.050000000000001,train,14
5117,['YLMAWKQVL'],1,14,10,3,9.700000000000001,4.550000000000001,train,14
236,['APRARTAAF'],1,14,4,6,4.9071428571428575,0.8,train,14
1555,['HMMAVTLFY'],1,14,6,4,5.542857142857144,0.55,train,14
768,['FAAAAARTL'],1,14,2,4,0.4642857142857143,0.2,train,14
5113,['YLLEMLWRL'],1,14,9,2,15.767857142857144,12.1,train,14
3572,['RPAELGAAL'],1,14,6,5,6.621428571428572,0.9,train,14
872,['FIYGYLEPV'],1,14,8,1,20.52857142857143,21.5,train,14
1156,['FVAATGRPL'],1,14,6,4,1.5785714285714285,0.6,train,14
2896,['MLVGHMPFM'],1,14,4,1,1.6999999999999997,0.45,train,14
3147,['NPFFAVTAL'],1,14,6,6,1.3392857142857146,0.5,train,14
784,['FARERRLAL'],1,14,8,5,5.714285714285714,1.5,train,14
190,['AMMWRIAQL'],1,14,8,2,11.821428571428571,13.5,train,14
2976,['MQQGRFPPL'],1,14,5,7,1.1285714285714286,0.15,train,14
1028,['FPQHIESAL'],1,14,7,5,3.292857142857143,1.15,train,14
3073,['MVYKLWFKY'],1,14,3,8,1.2785714285714287,0.0,train,14
1937,['IVIEAIHTV'],1,13,10,2,9.184615384615384,5.5,train,13
4198,['STFAASGPF'],1,13,2,2,0.5,0.3,train,13
5241,['YQRALHTSI'],1,13,2,3,1.1307692307692307,0.3,train,13
5195,['YPAEITLTW'],1,13,4,6,1.5923076923076922,0.3,train,13
3667,['RQWGMGFLL'],1,13,4,2,1.5,0.6,train,13
4216,['STVGASGVY'],1,13,3,3,0.7307692307692307,0.2,train,13
1151,['FTWYGIAAL'],1,13,6,2,3.0,0.9,train,13
5153,['YLYPWSLGL'],1,13,11,1,13.853846153846153,8.0,train,13
2944,['MPRLSRNAA'],1,13,11,0,8.938461538461539,6.5,train,13
3039,['MTRVLPFTY'],1,13,5,5,1.1538461538461537,0.2,train,13
5231,['YQGKFYMPF'],1,13,5,3,2.0923076923076924,0.4,train,13
5381,['YVVWLMFSL'],1,13,5,8,1.5,0.0,train,13
1180,['FVNRYGVAY'],1,13,2,5,1.1769230769230767,0.3,train,13
1119,['FSVQRNLPF'],1,13,5,3,1.2230769230769227,0.6,train,13
2859,['MIAVALAGL'],1,13,4,7,0.49230769230769234,0.0,train,13
3523,['RLPAYAPLL'],1,13,9,1,5.615384615384615,3.2,train,13
4099,['SPMETTAEF'],1,13,7,4,6.207692307692307,2.9,train,13
3043,['MTSGSSSGF'],1,13,4,3,0.6153846153846154,0.4,train,13
3065,['MVKMGGLGY'],1,13,5,1,3.076923076923077,0.7,train,13
1159,['FVAEGDALV'],1,13,5,3,1.4615384615384615,0.6,train,13
4527,['TVYPKTHYV'],1,13,10,2,4.700000000000001,3.6,train,13
781,['FAKPAGTPM'],1,13,7,3,5.492307692307692,1.3,train,13
3599,['RPMSASRPA'],1,13,8,2,8.607692307692307,8.5,train,13
4694,['VPMEKLKAL'],1,13,6,6,4.015384615384615,0.8,train,13
1511,['HELSLFWPL'],1,13,4,7,1.7153846153846155,0.0,train,13
1031,['FPRGQGVPI'],1,13,9,0,5.415384615384616,2.4,train,13
509,['DMWEHAFYL'],1,13,3,4,0.8846153846153848,0.4,train,13
5097,['YLIGGSATL'],1,13,10,1,9.930769230769231,10.0,train,13
858,['FIIDNFGSV'],1,13,10,1,8.607692307692309,3.6,train,13
1916,['ITSGHSWAY'],1,13,6,1,2.9923076923076923,0.9,train,13
5300,['YSHGTGTGY'],1,13,4,5,1.4846153846153847,0.2,train,13
5249,['YQVPFVQAF'],1,13,6,3,2.007692307692308,0.6,train,13
1799,['IPDGWWWAI'],1,13,3,1,4.161538461538462,0.6,train,13
306,['ASYQFQLPY'],1,13,8,0,2.5230769230769234,1.6,train,13
1343,['GMMRWCMPV'],1,13,8,4,11.207692307692309,8.0,train,13
3595,['RPLDRATVL'],1,13,6,4,6.546153846153847,0.7,train,13
4069,['SMHFYGWSL'],1,13,0,4,0.2384615384615385,0.2,train,13
2466,['LEMQHLISL'],1,13,3,6,1.123076923076923,0.2,train,13
966,['FLYPSWSLY'],1,13,6,5,1.853846153846154,0.5,train,13
2203,['KQFCLSILL'],1,13,3,4,1.5076923076923079,0.5,train,13
1990,['KASSAWHYF'],1,13,10,0,3.446153846153846,2.0,train,13
5364,['YVFAIPLPF'],1,13,3,3,0.7153846153846154,0.5,train,13
4324,['TIIDRIGPY'],1,13,7,1,8.138461538461538,1.9,train,13
2870,['MIYNSFNPY'],1,13,4,3,2.161538461538462,0.3,train,13
4285,['TAVDFGNSY'],1,13,3,1,0.8538461538461538,0.5,train,13
1167,['FVFAPTHGL'],1,13,5,4,2.169230769230769,0.3,train,13
3051,['MTYLDGHPV'],1,13,8,2,1.2923076923076922,1.4,train,13
4131,['SQMGLSCAL'],1,13,6,4,2.7153846153846155,0.7,train,13
3009,['MSSAAHLLY'],1,13,8,2,4.938461538461539,1.3,train,13
3067,['MVLSGTLAY'],1,13,3,5,1.6230769230769229,0.4,train,13
4067,['SMFERDFHF'],1,13,5,4,1.0307692307692307,0.5,train,13
1154,['FVAAFDHFY'],1,13,4,3,2.5846153846153843,0.4,train,13
1986,['KAMRPWQSF'],1,13,7,1,3.100000000000001,1.3,val,13
1073,['FQYEHEQTF'],1,12,3,4,1.6166666666666665,0.25,train,12
4914,['WPEYNFWRM'],1,12,3,9,0.8166666666666668,0.0,train,12
2321,['KTFSAHNLF'],1,12,9,0,4.15,3.5,test,12
2942,['MPMYAIHKV'],1,12,10,0,5.841666666666666,3.2,test,12
3601,['RPNITSTAL'],1,12,7,3,6.3500000000000005,1.1,test,12
4690,['VPISSVASL'],1,12,6,3,6.449999999999999,2.3000000000000003,test,12
4342,['TLFDWGFAL'],1,12,5,0,4.2250000000000005,0.75,test,12
1049,['FPYTGDPPY'],1,12,3,5,2.0666666666666664,0.2,test,12
4480,['TTSDFFVNY'],1,12,3,0,1.2750000000000001,0.25,train,12
1168,['FVFEATKLY'],1,12,5,2,0.9833333333333334,0.5,val,12
286,['ASAAHLAAY'],1,12,4,6,1.9833333333333334,0.1,train,12
5202,['YPITGVKSL'],1,12,7,3,3.2166666666666663,1.3,test,12
2945,['MPRSIGGPV'],1,12,7,1,5.05,3.375,test,12
2650,['LPSWLLAPV'],1,12,9,0,3.7833333333333345,2.0,test,12
4683,['VPFGLVSMM'],1,12,6,1,2.6416666666666666,0.8500000000000001,test,12
5215,['YPSLMSRVV'],1,12,8,2,2.9249999999999994,2.6,test,12
1020,['FPMAVKLFI'],1,12,8,0,5.375,4.15,test,12
3794,['RTLGSFTWF'],1,12,9,0,4.341666666666667,2.1500000000000004,test,12
3632,['RPVFARLPF'],1,12,5,5,5.075,0.6000000000000001,test,12
5188,['YMYTNLACI'],1,12,8,0,9.841666666666669,9.3,test,12
5159,['YMIGYTAYY'],1,12,5,3,2.7916666666666665,0.75,test,12
5203,['YPIVIAPAM'],1,12,9,0,4.766666666666667,3.25,test,12
1018,['FPLWNTEKI'],1,12,6,4,0.9833333333333333,0.7000000000000001,test,12
5263,['YRHKNYYAL'],1,12,5,1,4.05,0.75,test,12
4412,['TPVEHGLVL'],1,12,6,4,3.8750000000000004,0.8,test,12
1770,['ILYAHLHKL'],1,12,8,3,12.941666666666668,14.45,val,12
1157,['FVADSTPLY'],1,12,8,1,6.5249999999999995,5.95,val,12
1609,['HTIFDFLAY'],1,12,5,3,4.166666666666667,0.7,val,12
3559,['RMMETWHPL'],1,12,4,3,3.6,0.3,train,12
1654,['IASPAWFLF'],1,12,9,1,6.3875,3.9000000000000004,test,12
2217,['KQMEDGHTL'],1,12,3,5,2.6999999999999997,0.35,test,12
4591,['VLAGWLFHV'],1,12,10,1,16.7875,16.85,test,12
5365,['YVFVGTSRY'],1,12,6,0,2.7416666666666667,1.65,test,12
386,['AVTALTIAY'],1,12,4,4,1.1125,0.8,train,12
1563,['HPGFTILAL'],1,12,6,3,2.7583333333333333,1.1,val,12
1356,['GPAGYTAAL'],1,12,4,4,2.525,0.55,train,12
1800,['IPFSEGKAL'],1,12,7,4,5.341666666666666,2.8,test,12
3050,['MTVFSYKAF'],1,12,3,1,2.6333333333333333,0.55,train,12
1138,['FTIRDVLAY'],1,12,7,2,5.441666666666667,3.7,test,12
2654,['LPTTITVPV'],1,12,10,0,5.791666666666667,3.85,val,12
985,['FMQEIPTFL'],1,12,7,1,4.166666666666667,3.55,val,12
3580,['RPAPATGAL'],1,12,8,3,10.633333333333335,3.9,val,12
4201,['STFTFPGIY'],1,12,1,3,1.4749999999999999,0.25,val,12
2655,['LPTWLGAAI'],1,12,10,0,2.733333333333333,2.4000000000000004,test,12
4864,['WIFEIATPL'],1,12,6,1,3.266666666666667,0.95,test,12
5199,['YPDRLRLSV'],1,12,8,1,5.233333333333333,1.15,test,12
5367,['YVIEPAAGL'],1,12,4,1,1.2666666666666668,0.75,test,12
3749,['RRYTRRISL'],1,12,7,2,7.225000000000001,3.5,test,12
780,['FAIGDWEPY'],1,12,4,2,1.6333333333333335,0.6,train,12
5206,['YPKCDLVEL'],1,12,8,1,5.425,3.6,test,12
1048,['FPYEGGKVF'],1,12,8,2,5.291666666666667,4.6,test,12
5183,['YMWLGARYL'],1,12,4,3,1.5583333333333333,0.7,train,12
3027,['MTMITPPTF'],1,12,6,1,1.941666666666667,1.0,test,12
4487,['TVAHQVCPY'],1,12,2,1,1.3750000000000002,0.5,train,12
2637,['LPQTRWQAV'],1,12,5,1,2.6250000000000004,0.7,test,12
4392,['TPAQLSMLL'],1,12,5,4,3.0749999999999997,0.35,train,12
1008,['FPEQVSLLM'],1,12,4,5,1.2999999999999998,0.45,train,12
1797,['IPAPGLGAL'],1,12,5,4,5.375,0.75,val,12
1748,['ILMEHIHKL'],1,12,7,3,14.033333333333331,15.350000000000001,test,12
5345,['YTNPQFNVY'],1,12,3,3,1.3,0.35,train,12
2994,['MSAIVSCRY'],1,12,5,2,1.1166666666666665,0.7,train,12
1030,['FPREGVFVF'],1,12,6,3,3.8750000000000004,1.2,test,12
3810,['RTWFHGSLY'],1,12,6,2,3.591666666666667,1.0,val,12
310,['ATATWFQYY'],1,12,6,3,1.6583333333333332,1.05,train,12
3190,['NTIHFTAFV'],1,12,8,0,2.4666666666666663,2.1500000000000004,val,12
3057,['MVFGRFSFA'],1,12,5,1,1.95,0.7,train,12
345,['ATVKGMQSY'],1,12,5,5,1.2,0.45,train,12
2626,['LPMIIGEPI'],1,12,9,1,4.991666666666666,1.9,val,12
1160,['FVANFSMEL'],1,12,8,1,5.016666666666667,3.75,val,12
1646,['IALPVAWLF'],1,12,10,1,5.041666666666667,3.3,val,12
3823,['RVFPGDHFY'],1,12,7,1,6.541666666666665,1.2,val,12
3579,['RPAPARLPL'],1,12,8,2,9.508333333333333,1.55,val,12
4958,['WTIGYDTIY'],1,12,3,2,0.8333333333333335,0.3,val,12
223,['APIEHIASM'],1,12,8,1,8.549999999999999,3.1,val,12
2956,['MPWLTTGPM'],1,12,6,1,3.141666666666667,1.4,val,12
1810,['IPLSILLTL'],1,12,7,0,4.066666666666666,2.65,val,12
4908,['WMYNIQPYL'],1,12,4,1,2.391666666666667,0.7,train,12
2326,['KTIGNFKPY'],1,12,5,3,3.1166666666666667,0.35,val,12
1571,['HPRQFLAFL'],1,12,4,5,2.9499999999999997,0.2,train,12
3356,['RAFSLYMTL'],1,12,5,3,0.9500000000000002,0.44999999999999996,test,12
5353,['YTVRGTGKY'],1,12,7,0,1.5666666666666667,1.25,train,12
5303,['YSKPWMAFF'],1,12,6,1,2.316666666666667,0.85,train,12
659,['EPRVQLVPL'],1,12,6,4,1.5583333333333336,0.9500000000000001,train,12
4097,['SPLHVFVAV'],1,12,11,0,8.991666666666665,6.5,val,12
3798,['RTMEVFTMY'],1,12,5,4,3.7750000000000004,0.25,val,12
3202,['NYMPYVFTL'],1,12,6,6,10.983333333333334,1.35,train,12
5334,['YTIGIGAFY'],1,12,6,1,3.3083333333333336,0.95,train,12
3150,['NPLWPFETV'],1,11,5,2,1.1454545454545455,0.7,train,11
5347,['YTPEQWWPF'],1,11,4,2,0.7454545454545454,0.7,train,11
2072,['KLAEIFQPF'],1,11,5,0,5.554545454545455,0.6,train,11
1090,['FRMLAWHVL'],1,11,4,1,2.1636363636363636,0.8,train,11
4411,['TPVDLLGAL'],1,11,5,4,1.2272727272727273,0.7,val,11
3649,['RQLANAIFK'],1,11,5,3,2.3727272727272726,0.4,train,11
251,['APYMVGDVI'],1,11,5,2,3.972727272727273,0.6,train,11
2594,['LPAGSRIWL'],1,11,5,4,3.6090909090909093,0.9,train,11
3646,['RQIQGIAAF'],1,11,3,5,1.8545454545454545,0.3,train,11
5254,['YRATYSMAL'],1,11,4,2,1.9727272727272727,0.7,train,11
3570,['RPADQFDAM'],1,11,6,4,8.4,3.2,val,11
308,['ATAAATEAY'],1,11,2,4,2.0,0.4,train,11
3573,['RPAGARAAF'],1,11,6,3,6.972727272727273,1.0,test,11
653,['EPALRGSTL'],1,11,4,6,1.6,0.0,train,11
1032,['FPRIGTAVF'],1,11,7,2,4.463636363636364,2.9,val,11
1022,['FPNEVGARI'],1,11,7,0,3.4818181818181815,2.5,val,11
4093,['SPIMETHPL'],1,11,7,4,8.590909090909092,5.7,val,11
4098,['SPLQLRFRM'],1,11,4,2,1.7818181818181815,0.9,val,11
5239,['YQNEVTPEY'],1,11,7,1,2.4545454545454546,1.3,test,11
1101,['FRYEFTAPF'],1,11,6,2,7.318181818181818,4.1,test,11
1025,['FPPGTSLTI'],1,11,2,3,1.1181818181818182,0.2,train,11
1888,['ITAAAWYLW'],1,11,10,0,6.318181818181817,3.8,test,11
2644,['LPRRSLKAF'],1,11,5,5,4.0636363636363635,0.4,test,11
2952,['MPVPGQQSM'],1,11,6,4,3.6545454545454548,1.1,test,11
2629,['LPNRRHHLI'],1,11,4,1,1.9,0.4,test,11
2197,['KPVGWAMSF'],1,11,6,4,3.9545454545454546,1.6,val,11
210,['APAENIVAL'],1,11,7,4,8.463636363636365,4.4,train,11
1371,['GPSLRTTTV'],1,11,2,7,1.2000000000000002,0.0,train,11
1786,['IMNEGWASF'],1,11,5,2,2.081818181818182,0.9,train,11
1569,['HPRHYATVM'],1,11,6,4,5.136363636363637,1.0,train,11
2598,['LPAPPRPTV'],1,11,10,0,7.036363636363635,4.7,val,11
652,['EPAFPHTEL'],1,11,5,4,2.645454545454545,0.8,val,11
1010,['FPHTELANL'],1,11,6,3,2.372727272727273,1.3,val,11
1029,['FPRDPVSTF'],1,11,7,1,5.427272727272729,3.5,val,11
2992,['MRYFIGQPL'],1,11,5,4,2.018181818181818,0.9,train,11
2617,['LPLAKPMVI'],1,11,7,0,4.118181818181818,1.8,val,11
318,['ATFRLECPY'],1,11,8,0,3.1636363636363636,2.3,test,11
5217,['YPVWLTKHL'],1,11,5,2,2.2,0.8,train,11
4414,['TPVMSRFAA'],1,11,6,1,4.6000000000000005,4.8,test,11
859,['FIIDVFAGY'],1,11,6,2,13.518181818181818,2.9,train,11
4674,['VPAKSGPVV'],1,11,7,0,6.736363636363635,6.7,val,11
2420,['LAAPCRNAL'],1,11,5,4,2.6090909090909093,0.8,train,11
2968,['MQIRGFVYF'],1,11,2,4,1.1090909090909091,0.4,train,11
2615,['LPKEYSSEL'],1,11,6,2,4.194545454545455,1.1,val,11
2638,['LPQYFTFDL'],1,11,5,2,2.6999999999999997,0.8,test,11
3361,['RAIREYFQF'],1,11,9,0,9.836363636363638,7.7,test,11
4702,['VPRSAIPPL'],1,11,11,0,6.381818181818182,3.6,train,11
3032,['MTMSYLSTR'],1,11,7,2,20.61818181818182,4.3,train,11
2939,['MPLKVQVCI'],1,11,7,0,3.036363636363636,1.1,train,11
3648,['RQIRMTSTI'],1,11,5,5,2.4363636363636365,0.2,train,11
2181,['KPFMYFEEI'],1,11,8,0,2.490909090909091,1.7,train,11
1061,['FQMDYSLEY'],1,11,6,2,2.6,1.3,train,11
4209,['STMPGGYTY'],1,11,3,4,1.7454545454545458,0.3,train,11
2663,['LQAMHGFPL'],1,11,5,4,2.227272727272727,0.9,train,11
4920,['WPRGAGAAV'],1,11,8,0,5.654545454545455,5.1,train,11
5062,['YIYGIPLSL'],1,11,6,1,2.1818181818181817,1.1,train,11
3063,['MVIFFMSPK'],1,11,3,4,5.9818181818181815,0.3,train,11
3809,['RTVSVMFFI'],1,11,8,0,4.954545454545454,2.6,train,11
5218,['YPWAIFHPH'],1,11,7,4,2.972727272727272,2.5,train,11
2623,['LPLPAQQPF'],1,11,7,3,3.8454545454545452,2.4,train,11
4681,['VPATATASI'],1,11,4,1,4.045454545454546,0.8,train,11
208,['APAAPTPAA'],1,11,8,1,11.645454545454548,11.7,train,11
2627,['LPNAVRPAV'],1,11,8,0,6.290909090909093,4.7,train,11
4955,['WTALMFAAY'],1,11,0,5,0.24545454545454548,0.2,train,11
1614,['HTSALSLGY'],1,11,3,0,2.6727272727272724,0.7,train,11
2592,['LPAEVRAAF'],1,11,7,4,6.881818181818182,3.9,train,11
4461,['TTFPVNGGY'],1,11,1,1,0.43636363636363634,0.4,train,11
2194,['KPTFKHASV'],1,11,6,3,3.0545454545454547,1.4,train,11
5284,['YRYCHQLAL'],1,11,8,2,6.2272727272727275,5.0,train,11
2951,['MPVMKRYSA'],1,11,8,1,5.509090909090909,2.0,train,11
5201,['YPHFMPTNL'],1,11,6,0,3.7363636363636363,3.0,train,11
5317,['YTASVVAAY'],1,11,11,0,11.090909090909092,9.8,train,11
4100,['SPNSNFVTL'],1,11,7,2,8.100000000000001,2.9,train,11
4678,['VPAPAGPIV'],1,11,10,0,11.763636363636364,6.1,train,11
554,['EAMDTISVF'],1,11,6,2,7.6499999999999995,1.2,train,11
4404,['TPREAPYEL'],1,11,5,5,4.945454545454545,0.7,train,11
4695,['VPMHTDLEL'],1,11,6,4,4.381818181818182,3.0,train,11
658,['EPLWGSLAV'],1,11,4,1,1.0272727272727271,0.5,train,11
4126,['SQIETGTPF'],1,11,4,3,1.9000000000000001,0.7,train,11
2656,['LPVFATIGL'],1,11,5,3,3.272727272727273,0.9,train,11
4693,['VPMEDGTNI'],1,11,5,4,2.1545454545454543,0.9,train,11
4910,['WPAGRLVEA'],1,11,5,2,2.3454545454545457,0.7,train,11
1565,['HPLARTAKV'],1,11,8,1,3.9181818181818175,1.8,train,11
3290,['QPEMVTLTI'],1,11,1,10,0.16363636363636364,0.0,train,11
967,['FMAAFYRVM'],1,11,2,4,0.809090909090909,0.2,train,11
3064,['MVIKWIHER'],1,11,8,2,32.43636363636363,17.4,train,11
2561,['LMDENTYAM'],1,11,3,6,2.409090909090909,0.0,train,11
3145,['NPAACSYMV'],1,11,2,3,1.4636363636363638,0.6,train,11
1152,['FTYAPAGMY'],1,11,3,2,0.4727272727272727,0.3,train,11
2929,['MPASWVMRI'],1,11,6,0,3.5727272727272723,1.8,train,11
4675,['VPALTIACM'],1,11,6,5,3.1363636363636362,1.4,train,11
4924,['WPVMQWLTA'],1,11,7,2,2.127272727272727,1.3,train,11
2642,['LPRPSALII'],1,11,5,2,3.4363636363636356,0.6,train,11
3565,['RMWEFLDRL'],1,11,5,3,1.9727272727272729,0.8,train,11
2630,['LPNSNINII'],1,11,9,0,5.281818181818181,1.5,train,11
1036,['FPRVLSGYI'],1,11,3,3,1.1545454545454545,0.5,train,11
1506,['HAVWYVASF'],1,11,7,0,2.0181818181818185,1.6,train,11
2954,['MPVVGYVSF'],1,11,8,3,3.0818181818181816,1.8,train,11
2283,['KSISSIFGY'],1,11,7,1,3.6545454545454548,2.9,train,11
779,['FAHDDRYLY'],1,11,2,5,0.7363636363636363,0.2,train,11
3090,['NAFHHPSAV'],1,11,3,0,1.1,0.4,train,11
1795,['IPAFYTPTA'],1,11,6,3,1.8090909090909089,1.1,train,11
3803,['RTQAVIYAF'],1,11,9,0,14.70909090909091,6.6,train,11
2949,['MPVGGQSSF'],1,11,6,3,2.4181818181818184,1.2,train,11
1821,['IPSTFDLAI'],1,11,5,1,1.9727272727272724,0.9,train,11
1005,['FPAWFAWIF'],1,11,5,4,3.0,0.6,train,11
1826,['IPYHIVNIV'],1,11,8,0,5.9363636363636365,3.2,train,11
3583,['RPASAGAML'],1,11,6,4,5.836363636363635,1.0,train,11
4112,['SPVDRVLTI'],1,11,4,3,2.2363636363636363,0.4,train,11
2934,['MPFDPSELV'],1,11,4,3,1.0636363636363635,0.5,train,11
2606,['LPDLPTTTI'],1,11,4,5,1.1636363636363638,0.5,train,11
4394,['TPAVCGPVI'],1,11,5,1,2.8000000000000003,0.8,train,11
4707,['VPVYTIAPF'],1,11,6,4,2.2545454545454544,1.0,train,11
2652,['LPTPMQLAL'],1,11,6,2,3.5454545454545454,1.0,train,11
1000,['FPAFTDSRF'],1,11,2,5,1.7909090909090906,0.5,train,11
1009,['FPFWGCFVS'],1,11,5,3,3.0818181818181816,0.9,train,11
3624,['RPRRLRSTV'],1,11,5,5,2.436363636363636,0.6,train,11
1014,['FPIQDFPII'],1,11,8,0,4.736363636363637,2.6,train,11
5216,['YPSNKNYEI'],1,11,7,1,4.827272727272727,1.2,train,11
1035,['FPRSMLSIF'],1,11,6,0,3.136363636363637,1.0,train,11
1706,['IIMRRFFYF'],1,11,6,2,9.745454545454546,1.2,train,11
4410,['TPTHLSLAI'],1,11,8,0,2.645454545454545,1.1,train,11
2365,['KVFFGPIYY'],1,11,2,5,1.009090909090909,0.2,train,11
1927,['ITYTDVLRY'],1,11,5,0,2.0363636363636357,0.4,train,11
4697,['VPRENATAF'],1,11,5,4,5.781818181818182,0.2,train,11
207,['APAAPGLSL'],1,11,7,4,9.963636363636365,2.7,train,11
2918,['MMPEAMTIV'],1,11,10,1,5.072727272727272,3.8,val,11
4526,['TVYNGTSKY'],1,11,5,1,2.090909090909091,0.9,train,11
2946,['MPSSYAAGM'],1,11,6,2,4.009090909090909,1.0,train,11
1559,['HPAILSKVL'],1,11,6,3,3.190909090909091,1.7,train,11
3633,['RPVGISSMV'],1,11,4,1,3.290909090909091,0.5,train,11
1809,['IPLINVTFI'],1,11,2,7,1.1545454545454545,0.0,train,11
3553,['RMIESRMSK'],1,11,6,4,12.909090909090908,1.0,train,11
2926,['MPAIFFSIV'],1,11,10,1,4.9818181818181815,2.5,train,11
2618,['LPLATGAFV'],1,11,5,2,1.9454545454545453,0.7,train,11
1560,['HPARRAADL'],1,11,6,4,3.6454545454545455,1.0,train,11
1796,['IPAHPLRML'],1,11,3,3,2.2818181818181817,0.7,train,11
1804,['IPKKIVSLL'],1,11,5,4,3.6545454545454543,0.5,train,11
4111,['SPSSPGSSL'],1,11,5,4,4.827272727272727,0.6,train,11
2421,['LAASVFFTF'],1,11,6,4,2.0454545454545454,1.2,train,11
2657,['LPVIVAPYL'],1,11,4,5,1.8090909090909089,0.4,train,11
2599,['LPAQGLIEF'],1,11,7,3,2.3,1.9,train,11
4919,['WPRDHGPTV'],1,11,7,1,5.9363636363636365,6.2,train,11
4106,['SPSKLASAI'],1,11,3,3,1.936363636363636,0.5,train,11
5178,['YMREVGAAL'],1,11,4,4,1.5272727272727271,0.2,train,11
2965,['MQFKLGIPK'],1,11,1,4,3.027272727272727,0.3,train,11
2635,['LPQIGGEAI'],1,11,5,3,1.5909090909090908,0.5,train,11
1573,['HPVLVTATL'],1,11,7,3,4.636363636363637,2.6,train,11
4415,['TPVWHVTSA'],1,11,7,1,4.827272727272727,2.7,train,11
1141,['FTNKLINGY'],1,11,1,1,0.6636363636363637,0.4,train,11
2595,['LPAIIRPSF'],1,11,3,4,2.2818181818181817,0.3,train,11
3644,['RQHGFTPSK'],1,11,6,3,8.763636363636364,1.9,test,11
2593,['LPAGSPVAV'],1,11,8,0,7.2727272727272725,3.0,train,11
2832,['MEWLKTRPI'],1,11,2,9,0.5,0.0,train,11
4673,['VPAGTTISV'],1,11,10,0,6.781818181818182,4.2,train,11
1574,['HPVTATISF'],1,11,6,4,2.8454545454545452,2.2,train,11
5198,['YPAVINSNI'],1,11,3,1,1.9000000000000001,0.6,train,11
4175,['SSHNHIPGY'],1,11,0,5,0.13636363636363635,0.15,train,11
5061,['YIYDTAFKY'],1,11,3,4,3.3181818181818175,0.4,train,11
2616,['LPKTGTVSL'],1,11,4,1,5.0181818181818185,0.9,train,11
2938,['MPLKKQILF'],1,11,6,3,1.9818181818181815,1.5,test,11
1365,['GPMKLVMAF'],1,11,7,4,1.781818181818182,2.2,train,11
1015,['FPKNDFVSF'],1,11,6,3,5.163636363636363,2.7,train,11
5197,['YPASLHKFF'],1,11,3,4,1.9818181818181815,0.4,train,11
4115,['SPVSRSHSF'],1,11,7,4,5.7727272727272725,2.3,train,11
1045,['FPVQFFIVF'],1,11,0,11,0.0,0.0,val,11
5214,['YPRNGWPAL'],1,11,10,0,4.090909090909091,2.4,train,11
4682,['VPAWLPLGI'],1,11,3,0,1.4363636363636365,0.6,train,11
1802,['IPISGRITA'],1,11,7,1,5.0181818181818185,3.9,train,11
1147,['FTTNIWMKF'],1,11,5,2,1.3818181818181818,0.9,train,11
3582,['RPAPPKIAM'],1,11,7,4,10.5,2.3,train,11
5351,['YTTDVNQLY'],1,11,8,1,6.800000000000001,2.7,train,11
4779,['VTSSVSSGY'],1,11,4,4,1.1909090909090911,0.4,train,11
4514,['TVMEIAGLY'],1,11,6,1,2.6545454545454548,1.2,train,11
2613,['LPFVWAPMV'],1,11,4,1,1.481818181818182,0.8,train,11
2612,['LPFSASIVF'],1,11,7,2,3.8272727272727267,1.9,train,11
241,['APRQWPMPL'],1,11,6,3,3.8,1.1,train,11
4117,['SQAAFGLPI'],1,11,3,3,1.263636363636364,0.3,train,11
3385,['RAYAAMHLW'],1,11,8,0,8.881818181818181,2.9,train,11
769,['FAADKDSLY'],1,11,2,6,0.6272727272727273,0.0,train,11
4870,['WKYLNAVSL'],1,10,3,3,0.8600000000000001,0.35,train,10
4937,['WQTDTTIPL'],1,10,6,3,3.1100000000000003,1.7000000000000002,train,10
4269,['SYLIRALTL'],1,10,4,5,7.790000000000001,0.1,train,10
1039,['FPSSNETSI'],1,10,5,1,1.4899999999999998,0.95,test,10
230,['APNPNRFVI'],1,10,8,0,9.01,4.4,train,10
4705,['VPTSWSHAM'],1,10,7,2,7.75,4.65,train,10
4813,['VVYRGTTTY'],1,10,6,1,2.27,1.1,train,10
4195,['STAPTGSWF'],1,10,1,3,0.45999999999999996,0.4,train,10
4108,['SPSNHHILL'],1,10,4,4,2.92,0.8,train,10
4676,['VPALVTVAL'],1,10,6,3,7.529999999999999,4.25,train,10
5070,['YLACKQHAL'],1,10,4,3,3.2800000000000002,0.8,train,10
4229,['SVFEGIRAY'],1,10,4,3,1.77,0.8,train,10
4397,['TPGRYRTAV'],1,10,4,2,3.78,0.8500000000000001,train,10
3082,['MYMALIAAF'],1,10,5,3,3.84,0.9500000000000001,train,10
1038,['FPSNMMVVT'],1,10,6,3,4.1,2.15,train,10
926,['FLMRNAIQY'],1,10,4,1,1.41,0.5,train,10
4740,['VSITNPFLF'],1,10,6,2,2.2700000000000005,1.2000000000000002,train,10
4479,['TTRGETLFY'],1,10,5,1,1.24,0.95,train,10
5039,['YIFFASFYY'],1,10,4,5,2.81,0.2,train,10
4425,['TQMGGWFQK'],1,10,2,7,3.25,0.0,train,10
2646,['LPRWPPPQL'],1,10,5,0,5.66,1.25,test,10
1606,['HTAEIQQFF'],1,10,9,0,8.91,6.15,train,10
1121,['FTAMQALDY'],1,10,2,4,2.32,0.35,train,10
2329,['KTLKGGWFF'],1,10,8,0,4.250000000000001,4.45,train,10
2312,['KTAVVVTRY'],1,10,6,1,3.21,2.6999999999999997,train,10
3960,['SEVKFKYVL'],1,10,3,5,1.19,0.05,train,10
3544,['RLYQYSFAK'],1,10,4,5,17.6,0.35,train,10
2596,['LPAIVREAI'],1,10,4,1,3.8299999999999996,0.7,train,10
4990,['YAYNSSLLY'],1,10,7,1,3.21,1.9000000000000001,val,10
3562,['RMMGVKYLM'],1,10,3,1,1.44,0.6499999999999999,train,10
4925,['WPWNAREDV'],1,10,0,5,0.18,0.1,train,10
1041,['FPSVRYQNI'],1,10,2,3,0.55,0.35,train,10
644,['EMADYIFFV'],1,10,5,2,1.5499999999999998,0.95,val,10
2101,['KLIPSWASV'],1,10,9,0,8.815000000000001,5.15,train,10
214,['APAVPGIPM'],1,10,8,2,13.169999999999998,9.4,train,10
1907,['ITLKVFAGY'],1,10,7,1,3.2299999999999995,2.7,train,10
4946,['WSADGSSMY'],1,10,2,2,0.95,0.35,train,10
4238,['SVHVGILPY'],1,10,3,3,0.78,0.3,train,10
5304,['YSLAGSSPF'],1,10,6,0,2.46,1.25,test,10
1024,['FPNLQVDPT'],1,10,6,2,3.31,1.6,train,10
5213,['YPQLSAIAL'],1,10,8,1,6.68,5.9,train,10
4271,['SYLRRTQSM'],1,10,3,3,0.6249999999999999,0.35,train,10
4400,['TPLNASPYI'],1,10,2,3,0.9400000000000002,0.3,train,10
1027,['FPQAAPHGV'],1,10,5,0,1.41,1.0,val,10
2836,['MFGYNPYSL'],1,10,1,5,0.42000000000000004,0.15,train,10
1912,['ITPKTHFLF'],1,10,8,2,6.790000000000001,5.75,train,10
2653,['LPTRCRLEI'],1,10,5,0,3.5699999999999994,1.1,test,10
1042,['FPTNTLTSI'],1,10,7,0,2.6700000000000004,2.0,train,10
1813,['IPRFCDHPL'],1,10,7,3,5.760000000000001,5.0,train,10
2346,['KTTWVHWAL'],1,10,5,0,6.11,1.15,train,10
4679,['VPAPHGVAL'],1,10,7,3,9.48,5.85,train,10
4470,['TTITGDSAY'],1,10,1,4,0.33,0.15000000000000002,train,10
1705,['IIMDEAHFL'],1,10,8,1,9.170000000000002,7.949999999999999,train,10
1161,['FVARIDLGY'],1,10,4,2,1.29,0.75,train,10
2229,['KQYNVTQAF'],1,10,5,4,2.43,0.75,train,10
1172,['FVHPENLEY'],1,10,3,6,0.8399999999999999,0.0,train,10
4698,['VPRFAASPI'],1,10,9,0,6.67,3.2,train,10
4797,['VVMTSLALV'],1,10,8,0,15.135,13.375,train,10
3333,['QVSRPMFLY'],1,10,1,5,0.32,0.15,train,10
217,['APEFVTAAA'],1,10,4,2,1.61,0.75,train,10
3013,['MTAAQIRRY'],1,10,3,2,0.72,0.6,train,10
3882,['RVYNNTARY'],1,10,7,1,6.109999999999999,2.0999999999999996,train,10
3362,['RAMACSALI'],1,10,8,1,2.59,1.7,train,10
2302,['KSWLVHWSL'],1,10,6,0,4.51,1.5,train,10
3811,['RTWFYRTEF'],1,10,4,0,5.500000000000001,0.7,train,10
4096,['SPKRLSAAI'],1,10,4,3,4.95,0.5,train,10
5250,['YQYGDNLIL'],1,10,6,3,4.02,1.55,train,10
3148,['NPITLTAAL'],1,10,6,3,4.1899999999999995,3.9000000000000004,train,10
976,['FMIVNNFPV'],1,10,9,0,10.94,12.850000000000001,train,10
660,['EPYPPKGPV'],1,10,0,5,0.15,0.1,train,10
2974,['MQNRFFGFK'],1,10,4,4,3.7099999999999995,0.2,train,10
4913,['WPEIVGAIV'],1,10,7,2,2.34,1.4500000000000002,train,10
5093,['YLHDPLTPY'],1,10,2,3,1.27,0.2,train,10
929,['FLNPVIYTF'],1,10,7,1,4.415000000000001,3.3,train,10
2178,['KMYWITRSK'],1,10,5,5,4.71,0.5,train,10
1814,['IPRLGGMAF'],1,10,6,3,5.89,1.45,train,10
2776,['LYAYWYHLY'],1,10,6,2,7.93,2.9000000000000004,train,10
5242,['YQRRRRFAI'],1,10,1,8,0.24500000000000002,0.0,train,10
2643,['LPRRLQLLF'],1,10,5,4,1.9,0.7000000000000001,train,10
3483,['RLASYGLYY'],1,10,6,1,3.78,1.4,train,10
4766,['VTFWGFWLF'],1,10,7,3,2.84,1.85,train,10
462,['CTWSWHHQL'],1,10,1,2,0.39,0.25,train,10
4684,['VPFVSVNPI'],1,10,7,0,6.0,2.15,train,10
4916,['WPISAILWF'],1,10,4,4,1.4500000000000002,0.8500000000000001,train,10
2171,['KMNNDVFFM'],1,10,7,1,4.1000000000000005,2.6,train,10
4445,['TSFASSWIY'],1,10,5,0,1.19,1.15,train,10
3029,['MTMLTRWKI'],1,10,5,0,1.31,0.8,train,10
4085,['SMSMILVGV'],1,10,8,0,13.694999999999999,15.525,train,10
2661,['LPYPYSSSA'],1,10,10,0,5.639999999999999,4.9,train,10
4189,['SSVGVTHGY'],1,10,3,2,1.0899999999999999,0.25,train,10
1376,['GQFNRYAAM'],1,10,3,3,2.2600000000000002,0.2,train,10
2601,['LPARRRCSA'],1,10,6,4,5.7299999999999995,4.5,train,10
649,['EMMQWWSDY'],1,10,1,4,0.4,0.15000000000000002,train,10
3189,['NTIEELSGY'],1,10,5,3,3.29,0.95,train,10
4670,['VPADAAAAI'],1,10,5,2,5.0600000000000005,1.05,train,10
4398,['TPKFTRMVV'],1,10,5,3,3.7400000000000007,0.95,train,10
1026,['FPPTSFGPL'],1,10,7,2,1.6099999999999999,1.5,train,10
5382,['YVYFYDLSY'],1,10,4,2,3.4199999999999995,0.6000000000000001,train,10
1472,['GVFHTMWHV'],1,10,7,0,5.05,3.9000000000000004,train,10
4508,['TVKSFLNFY'],1,10,6,0,1.41,1.15,train,10
4912,['WPDVFSVSV'],1,10,5,2,2.18,1.0,train,10
4116,['SPVWNSNLI'],1,10,4,0,0.8,0.4,train,10
250,['APYFATVRL'],1,10,5,1,2.4,1.0,train,10
4241,['SVKEDLVAY'],1,10,5,0,2.65,1.25,train,10
552,['EAILRRFPL'],1,10,2,7,0.39,0.0,train,10
2936,['MPGVLSYVI'],1,10,5,2,1.9,1.05,test,10
3560,['RMMGKNIFY'],1,10,2,3,1.22,0.15000000000000002,train,10
2582,['LMVPGAAPV'],1,10,7,2,2.9,1.5,train,10
4704,['VPTATPAPI'],1,10,3,2,1.7100000000000002,0.7,train,10
2604,['LPCQLMYAL'],1,10,7,2,6.460000000000001,4.25,train,10
983,['FMPESSYLL'],1,10,7,0,3.35,3.15,train,10
5397,['YYKKTFSAL'],1,10,5,3,5.76,1.4000000000000001,val,10
441,['CPRIFSHSF'],1,10,4,3,2.9399999999999995,0.55,train,10
5162,['YMKERFTVL'],1,10,2,2,1.5000000000000002,0.6499999999999999,train,10
5046,['YIISTHYQF'],1,10,7,2,2.4400000000000004,1.5499999999999998,train,10
1792,['IMYNYPAML'],1,10,8,1,5.37,5.1,train,10
3797,['RTLNELWFL'],1,10,8,0,3.72,3.65,train,10
3325,['QTYMYTGQY'],1,10,3,4,1.1800000000000002,0.6,train,10
2597,['LPANLTLMM'],1,10,5,2,4.32,1.6,train,10
3054,['MVASQLARY'],1,10,7,1,2.95,1.75,train,10
3762,['RSLKAFFSW'],1,10,8,0,18.96,5.800000000000001,train,10
2590,['LPADPASVL'],1,10,7,3,5.48,3.1,train,10
4206,['STIVWSSRY'],1,10,4,1,1.06,0.45,train,10
4692,['VPKTSTYAL'],1,10,7,3,5.89,3.6,train,10
2180,['KPASRELSV'],1,10,6,3,6.460000000000001,3.1,train,10
1823,['IPTFLQEAL'],1,10,7,2,4.6000000000000005,3.45,train,10
2744,['LTNPLLSPY'],1,10,2,5,1.3800000000000001,0.1,train,10
2950,['MPVLDQSVL'],1,10,4,4,4.779999999999999,0.5,train,10
4090,['SPAIFQSSM'],1,10,6,3,4.575,1.75,train,10
1369,['GPRTRGYAI'],1,10,4,3,2.83,0.4,train,10
1794,['IPAEMLASI'],1,10,8,0,4.51,1.65,train,10
5172,['YMPDVLEKL'],1,10,9,0,5.545,3.7750000000000004,train,10
4413,['TPVIVVPVI'],1,10,4,2,0.82,0.6,train,10
3302,['QQMFPGAPF'],1,10,3,2,1.4300000000000002,0.8,train,10
5147,['YLYASFCTV'],1,10,9,0,20.259999999999998,21.2,train,10
4911,['WPALSSIAA'],1,10,8,1,5.050000000000001,4.55,train,10
860,['FIILSTGKY'],1,10,2,1,0.9299999999999999,0.2,train,10
8,['AAMDGGGFY'],1,9,4,1,2.216666666666667,0.7,train,9
5333,['YTIEGIAFM'],1,9,3,0,0.8444444444444446,0.8,train,9
2829,['MEQRVMATL'],1,9,3,4,1.911111111111111,0.2,train,9
297,['ASMDNTSPM'],1,9,3,1,3.0888888888888886,0.6,train,9
2937,['MPKVARSLL'],1,9,5,3,3.711111111111111,1.0,train,9
2804,['MAMPEYWQF'],1,9,7,1,9.47777777777778,9.3,train,9
1890,['ITAGYNRYY'],1,9,1,5,1.2111111111111112,0.0,train,9
239,['APRPPGAAM'],1,9,6,2,10.422222222222222,4.1,train,9
2304,['KSWPGVQSF'],1,9,6,1,4.322222222222223,2.0,train,9
3552,['RMIAISAKV'],1,9,8,0,11.911111111111111,10.9,train,9
1176,['FVIGSQHLY'],1,9,3,1,4.2,0.5,train,9
5338,['YTKKYLLSF'],1,9,5,1,7.7555555555555555,2.1,train,9
2721,['LSTASSWSY'],1,9,3,2,1.1222222222222222,0.6,train,9
1351,['GMVAPLYGV'],1,9,7,0,5.233333333333333,3.6,train,9
3545,['RLYYDSMSY'],1,9,5,2,2.0,1.0,train,9
3091,['NAISTTFPY'],1,9,2,0,2.1666666666666665,0.6,train,9
655,['EPLAVIASL'],1,9,4,3,1.8555555555555554,0.9,train,9
2210,['KQLDIQYLK'],1,9,5,3,11.133333333333333,4.4,train,9
896,['FLFMDRDAL'],1,9,1,6,0.8,0.0,train,9
287,['ASAQIHLYY'],1,9,7,1,8.116666666666667,5.1,train,9
5004,['YEVPAALIL'],1,9,2,4,0.6555555555555554,0.2,train,9
4302,['TEYKRVMTF'],1,9,2,6,1.3888888888888888,0.0,train,9
2620,['LPLLALLAL'],1,9,5,2,5.022222222222222,3.6,val,9
4906,['WMSPTYQSW'],1,9,1,1,0.5666666666666668,0.4,train,9
2927,['MPAMVPPYA'],1,9,3,2,1.4888888888888892,0.7,test,9
367,['AVHGYYIGY'],1,9,5,1,2.3,2.2,train,9
2364,['KVFDKSLLY'],1,9,8,1,11.244444444444445,5.7,train,9
121,['ALFPIIWAL'],1,9,8,1,10.6,13.1,train,9
3002,['MSNEGSYFF'],1,9,6,1,2.8666666666666663,1.7,train,9
102,['ALAAAGAAY'],1,9,3,0,2.5666666666666664,0.8,train,9
2456,['LEEEGVTPL'],1,9,3,5,0.7888888888888889,0.0,train,9
2495,['LIGFALFGV'],1,9,6,1,1.4666666666666668,1.1,train,9
1599,['HSNASTLLY'],1,9,5,2,3.6333333333333337,1.4,train,9
566,['EEISSIISL'],1,9,3,4,1.5444444444444445,0.1,train,9
3323,['QTWHGDAPY'],1,9,5,1,2.177777777777778,1.0,train,9
4521,['TVSERILPL'],1,9,0,5,0.2555555555555556,0.0,train,9
4975,['YAIYTLGEM'],1,9,4,0,1.6777777777777778,0.5,train,9
2527,['LLKDLMPFV'],1,9,9,0,11.955555555555556,9.4,train,9
4899,['WMLRNIVTF'],1,9,1,3,0.3777777777777777,0.2,train,9
5318,['YTAVVPLVY'],1,9,3,1,1.7444444444444445,0.5,train,9
312,['ATAWRTGGY'],1,9,2,2,0.4444444444444444,0.2,train,9
4872,['WLDSVIQYL'],1,9,5,0,2.3666666666666667,2.8,val,9
5072,['YLAENTFVV'],1,9,8,0,33.77777777777778,39.2,train,9
309,['ATADLELAY'],1,9,5,0,3.6555555555555554,1.0,train,9
1135,['FTHNEYKFY'],1,9,1,3,0.3555555555555555,0.3,train,9
1170,['FVFSTSFYL'],1,9,7,1,6.122222222222223,6.0,test,9
3932,['SAWESFWRI'],1,9,1,5,0.5222222222222221,0.0,train,9
960,['FLWHNDFMM'],1,9,8,0,9.133333333333333,7.5,train,9
2648,['LPSKPSSTL'],1,9,6,2,3.533333333333333,1.8,train,9
2658,['LPVPLFPGF'],1,9,5,2,2.611111111111111,1.2,train,9
1270,['GLAATSFPL'],1,9,8,0,18.18888888888889,14.1,train,9
2305,['KSYEHQTPF'],1,9,7,0,6.199999999999999,4.3,train,9
1519,['HEYQGKAVL'],1,9,4,2,1.1333333333333335,0.4,train,9
3656,['RQNAAIEAL'],1,9,4,3,4.477777777777778,0.7,train,9
1808,['IPLGGNGAM'],1,9,5,2,2.433333333333333,1.6,train,9
3106,['NETGLELTL'],1,9,2,6,0.32222222222222224,0.0,train,9
1097,['FRRVAHSSL'],1,9,3,3,0.9000000000000001,0.2,train,9
1378,['GQMAWGYGF'],1,9,3,2,1.5777777777777777,0.5,train,9
1178,['FVMPIFEQI'],1,9,8,0,7.288888888888888,6.7,train,9
209,['APAAVGAAV'],1,9,5,1,8.655555555555557,3.6,train,9
1928,['IVAPYLFWL'],1,9,7,0,1.9333333333333336,1.4,train,9
4972,['YAAPQLFPV'],1,9,8,0,30.75555555555555,36.4,train,9
1621,['HVIASMRHF'],1,9,6,1,9.344444444444443,3.0,train,9
5343,['YTMDGEYRL'],1,9,7,1,11.0,11.1,train,9
2803,['MAMLADYFY'],1,9,7,0,2.5888888888888886,2.4,train,9
4995,['YEERAHVVL'],1,9,2,5,0.8,0.0,train,9
880,['FLADYGWRL'],1,9,7,0,12.011111111111111,11.9,train,9
5125,['YLPEVISTI'],1,9,9,0,15.366666666666667,12.9,train,9
4293,['TEDQGHFPL'],1,9,2,2,0.6888888888888888,0.2,train,9
4918,['WPPSRWGVV'],1,9,1,7,0.18888888888888888,0.0,train,9
4420,['TQFGVPFVL'],1,9,5,3,4.722222222222223,2.1,train,9
2659,['LPWFLDTTI'],1,9,5,0,2.5222222222222226,1.3,train,9
5142,['YLSSWTPVV'],1,9,8,0,26.633333333333336,33.4,train,9
4161,['SRWAISHWL'],1,9,2,1,1.0222222222222221,0.4,train,9
3297,['QPWTPVSSF'],1,9,3,5,0.7888888888888889,0.0,train,9
5032,['YHHFKTIEL'],1,9,2,4,0.9944444444444446,0.2,train,9
1791,['IMYDSGAKY'],1,9,5,1,4.227777777777778,2.9,train,9
3383,['RAWGRRLMI'],1,9,1,4,0.3666666666666667,0.2,train,9
4849,['WENGFKVVL'],1,9,3,2,1.344444444444444,0.2,train,9
1584,['HQYPANLFY'],1,9,3,1,2.2322222222222226,0.5,test,9
2631,['LPPEFRAAV'],1,9,6,1,3.2555555555555555,1.2,train,9
3097,['NEIRALMAL'],1,9,3,4,0.8333333333333334,0.1,train,9
3802,['RTNGASYAY'],1,9,6,3,5.6000000000000005,2.2,train,9
4077,['SMLSYGNVL'],1,9,1,5,0.21111111111111114,0.0,train,9
3289,['QPAPQGLPI'],1,9,7,0,6.533333333333333,3.3,train,9
3615,['RPRIMAPPV'],1,9,7,0,5.855555555555556,5.0,train,9
2352,['KTWGQYWQV'],1,9,7,0,5.922222222222222,5.5,train,9
3192,['NTLGITHLY'],1,9,3,3,2.9555555555555557,0.4,train,9
607,['EISGSSARY'],1,9,2,3,0.6666666666666667,0.3,train,9
694,['ETFNTPAMY'],1,9,4,1,4.2444444444444445,0.5,val,9
3025,['MTIGMANLI'],1,9,4,2,1.2666666666666666,0.6,train,9
3041,['MTSELAALI'],1,9,4,2,1.1333333333333333,0.7,train,9
935,['FLQGAKWYL'],1,9,7,0,8.466666666666667,8.3,train,9
3566,['RMYWGVNPK'],1,9,4,2,14.244444444444444,0.9,train,9
1013,['FPIPTEVVA'],1,9,6,3,2.611111111111111,2.1,train,9
5297,['YSFSRAYTL'],1,9,2,1,1.0666666666666667,0.8,train,9
4008,['SLASLLVSL'],1,9,7,1,6.366666666666666,6.5,train,9
1050,['FQAGMRLYF'],1,9,1,5,1.011111111111111,0.0,train,9
1855,['ISANANFSY'],1,9,6,0,3.6222222222222222,2.3,test,9
5133,['YLRPYMHGY'],1,9,3,3,1.788888888888889,0.6,train,9
1591,['HRYLIRQSM'],1,9,5,1,2.577777777777778,2.6,val,9
1933,['IVFATAARY'],1,9,6,0,3.8444444444444446,4.2,train,9
5129,['YLQQNTHTL'],1,9,2,4,0.8888888888888888,0.1,train,9
171,['AMAAGLSSL'],1,9,8,1,5.599999999999999,5.4,train,9
3920,['RYWRLRYRI'],1,9,5,3,5.544444444444444,4.1,train,9
4416,['TPYDINQML'],1,9,3,3,1.5666666666666669,0.7,train,9
2175,['KMTPWSAYW'],1,9,9,0,10.47777777777778,6.5,train,9
5332,['YTIDLNDAF'],1,9,2,1,1.2666666666666666,0.5,train,9
5074,['YLAGWGFVV'],1,9,7,0,16.366666666666664,19.0,train,9
4941,['WRMVVRASF'],1,9,3,0,3.422222222222222,0.5,train,9
2645,['LPRVLAIQL'],1,9,5,4,2.711111111111111,1.2,train,9
992,['FMVYVPLPA'],1,9,3,2,1.7666666666666666,0.7,train,9
1917,['ITSKEVFTY'],1,9,8,1,4.055555555555555,4.0,train,9
638,['ELSQSMFHY'],1,9,0,1,0.2555555555555556,0.2,train,9
4300,['TESDAIRTL'],1,9,4,3,1.8666666666666667,0.5,test,9
5049,['YILGFAIPI'],1,9,7,0,5.711111111111111,4.5,train,9
4178,['SSLPSYAAY'],1,9,5,4,1.7444444444444445,1.1,train,9
2756,['LVALTLTSY'],1,9,2,1,1.5166666666666668,0.55,train,9
4298,['TEMYIMYAM'],1,9,5,2,2.166666666666666,1.2,val,9
4915,['WPILGFFPM'],1,9,6,2,4.344444444444444,3.8,train,9
3577,['RPANLAFFL'],1,9,6,0,6.4111111111111105,2.2,train,9
3251,['QETWTRLVL'],1,9,2,2,0.788888888888889,0.4,train,9
1148,['FTWPWMKLF'],1,9,2,2,0.7111111111111111,0.6,train,9
853,['FIAEIDHWI'],1,9,7,0,5.955555555555555,1.5,train,9
4495,['TVFSLLLFY'],1,9,2,3,0.9555555555555555,0.5,train,9
2537,['LLMDCSGSI'],1,9,8,0,7.227777777777778,1.8,train,9
2385,['KVQEWYLSY'],1,9,5,1,6.477777777777778,1.6,train,9
4798,['VVNDFTVSY'],1,9,4,1,2.6444444444444444,0.8,train,9
2824,['MEFEPFQSL'],1,9,2,3,1.0999999999999999,0.1,train,9
3890,['RWFVRNPFF'],1,9,5,2,4.727777777777778,1.8,test,9
4843,['WEFVNRPPL'],1,9,2,4,0.3444444444444445,0.2,train,9
2919,['MMQGTPYVY'],1,9,5,2,2.744444444444444,1.3,val,9
5077,['YLARYSGSM'],1,8,2,5,0.55,0.0,train,8
3484,['RLATVGYPK'],1,8,5,1,17.4375,2.7,train,8
5107,['YLKKWLNSF'],1,8,1,0,1.4000000000000001,0.5,train,8
3007,['MSRDWFMLM'],1,8,0,3,0.33749999999999997,0.35,train,8
5050,['YIMKLHHLV'],1,8,8,0,14.3875,12.7,train,8
881,['FLAFFSNGV'],1,8,7,0,11.3125,10.0,train,8
4030,['SLKDVLVSV'],1,8,7,0,12.662500000000001,7.8,train,8
1071,['FQWHEAMFL'],1,8,3,2,0.8999999999999999,0.6,val,8
5083,['YLDMVLAFL'],1,8,8,0,10.125,10.6,train,8
5055,['YITALNHLV'],1,8,8,0,9.1625,8.55,train,8
4475,['TTMLGGYFY'],1,8,3,0,2.125,0.6,train,8
1117,['FSSQLGLFY'],1,8,3,2,2.31875,0.25,train,8
1844,['IRHENRMVL'],1,8,4,2,1.14625,0.8,train,8
2107,['KLLGQINLV'],1,8,8,0,12.575,12.95,train,8
5123,['YLPDPTVGV'],1,8,8,0,24.5375,24.6,train,8
3392,['REAGMAATL'],1,8,2,2,1.1749999999999998,0.3,train,8
1554,['HMIDKLFYV'],1,8,8,0,22.950000000000003,23.1,train,8
151,['ALSGFCAAV'],1,8,8,0,10.925,11.3,train,8
1789,['IMSSFEFQV'],1,8,7,0,10.975,13.5,train,8
2146,['KLYEGDLRV'],1,8,8,0,16.7375,15.3,train,8
106,['ALAGNHWHV'],1,8,7,1,11.0625,14.0,train,8
3543,['RLYPFGSYY'],1,8,5,0,3.6500000000000004,2.2,train,8
848,['FHRKKTDAL'],1,8,0,5,0.16875,0.0,train,8
4058,['SLYAVTTAV'],1,8,7,0,10.100000000000001,7.65,train,8
4904,['WMRWGGWPF'],1,8,2,2,0.9624999999999999,0.25,train,8
501,['DLMGYIPLV'],1,8,6,0,4.875,2.4,train,8
555,['EAPEMPALY'],1,8,0,3,0.26875000000000004,0.22499999999999998,train,8
1643,['IAISFYHGF'],1,8,5,1,2.8375000000000004,2.45,train,8
2881,['MLHHYGIHY'],1,8,3,1,1.0375,0.30000000000000004,train,8
2917,['MMNYTRSFL'],1,8,1,4,0.47500000000000003,0.1,train,8
3807,['RTRFFCIPK'],1,8,6,0,25.287499999999998,24.7,train,8
811,['FEYGGFPPA'],1,8,4,1,3.0500000000000003,2.4,train,8
4661,['VMNILLQYV'],1,8,7,1,8.2,9.3,train,8
5076,['YLARNAVPV'],1,8,8,0,27.450000000000003,29.5,train,8
2145,['KLYDSVYLT'],1,8,5,2,1.4625,1.5499999999999998,train,8
2550,['LLTEVETYV'],1,8,8,0,18.7625,17.700000000000003,train,8
3780,['RTDAWSYPV'],1,8,5,0,4.0375,1.25,train,8
4354,['TLLDYAAGV'],1,8,8,0,10.5875,8.05,train,8
2980,['MQYLNPPPY'],1,8,2,4,2.225,0.05,train,8
263,['AQRELFFTL'],1,8,3,4,2.7625,0.1,train,8
3282,['QMLPGYFRF'],1,8,5,1,3.05,1.25,train,8
4387,['TMPELAWAV'],1,8,7,0,1.625,1.2999999999999998,train,8
203,['AMYDPQTYY'],1,8,2,1,1.5,0.30000000000000004,train,8
2498,['LIMEFNSLL'],1,8,8,0,3.4125,2.5,train,8
3829,['RVHSFFIQY'],1,8,1,4,1.3375,0.1,train,8
3135,['NLVPMVATV'],1,8,8,0,8.587499999999999,7.199999999999999,train,8
2503,['LLAAVASSY'],1,8,5,1,2.6750000000000003,1.2000000000000002,train,8
1103,['FRYMNSQGL'],1,8,4,2,2.5625,1.45,train,8
4890,['WLYPGAQNL'],1,8,8,0,10.05,10.05,train,8
1074,['FQYYGIDWV'],1,8,7,0,2.875,1.85,train,8
1272,['GLAELLAAL'],1,8,7,0,14.825,13.0,train,8
1181,['FVQGVIWNI'],1,8,5,0,3.5125,2.1,train,8
5176,['YMRERFEPM'],1,8,3,1,3.075,0.8,train,8
4494,['TVFKGFVNK'],1,8,6,1,12.225,5.699999999999999,train,8
4800,['VVPSYIPLV'],1,8,7,0,5.425,2.05,train,8
2100,['KLINTLFHA'],1,8,8,0,29.5,26.8,train,8
4590,['VLAGIFAGV'],1,8,8,0,19.8875,19.65,train,8
957,['FLTSVINRV'],1,8,8,0,19.4625,19.85,train,8
1720,['ILDDNLYKV'],1,8,8,0,13.45,11.350000000000001,train,8
4938,['WRLVYASAV'],1,8,3,2,1.025,0.44999999999999996,train,8
5164,['YMKKRYEEF'],1,8,3,3,1.325,0.9,train,8
4009,['SLDDYNHLV'],1,8,6,0,5.7250000000000005,4.45,train,8
1173,['FVHSGFIYF'],1,8,2,2,0.9375,0.5,train,8
3827,['RVHFHRFMY'],1,8,1,3,0.9750000000000001,0.2,train,8
2351,['KTWGKNLVF'],1,8,5,0,6.762499999999999,2.6,train,8
1281,['GLFPFHFTL'],1,8,7,0,9.925,9.9,train,8
4996,['YEFLGELAL'],1,8,2,3,1.0625000000000002,0.15000000000000002,train,8
3537,['RLWDVEQGV'],1,8,8,0,20.237499999999997,27.2,train,8
2894,['MLSPMLHHW'],1,8,4,0,3.5375,2.65,train,8
99,['AIYKNTIAY'],1,8,4,0,2.7375,0.9500000000000001,train,8
2395,['KVYWAGIEF'],1,8,6,0,3.4375,2.0,train,8
949,['FLSFASLFL'],1,8,6,1,10.337499999999999,12.55,train,8
4437,['TRSFTTHFL'],1,8,2,6,0.65,0.0,train,8
5145,['YLVENTSHL'],1,8,8,0,19.2125,19.95,train,8
3783,['RTFGKLPYR'],1,8,5,0,41.4375,12.0,train,8
2505,['LLAMTFWPA'],1,8,8,0,7.206250000000001,5.675,train,8
1374,['GQFGSGWTW'],1,8,1,6,0.22499999999999998,0.0,train,8
2905,['MMDLSHFLK'],1,8,1,0,0.6125,0.25,train,8
4874,['WLGHPFTPV'],1,8,7,0,1.7875,1.6,train,8
139,['ALMPYMPPA'],1,8,8,0,24.2875,27.55,train,8
1149,['FTWQHNYYL'],1,8,7,0,12.5,12.7,train,8
1717,['ILAKFLHWL'],1,8,7,0,8.725000000000001,6.5,train,8
3784,['RTFGQPLFF'],1,8,6,0,5.449999999999999,4.9,train,8
191,['AMPGVLSYV'],1,8,8,0,9.112499999999999,9.05,train,8
108,['ALAPWQQAV'],1,8,7,1,15.375,13.75,train,8
166,['ALYGWTVLV'],1,8,8,0,16.4125,19.85,train,8
2115,['KLMPGSIYV'],1,8,8,0,20.3,20.4,train,8
2819,['MEADVILPI'],1,8,5,1,2.9749999999999996,1.2,train,8
205,['AMYYRRTER'],1,8,3,1,39.425000000000004,0.8,train,8
3933,['SAYERGLRY'],1,8,5,2,3.0625,1.3,train,8
432,['CLPGVIMSV'],1,8,8,0,8.0125,6.550000000000001,train,8
188,['AMLNGLIYV'],1,8,8,0,15.6125,14.6,train,8
1732,['ILHCANFNV'],1,8,8,0,12.8,13.6,train,8
4651,['VMATLLPPV'],1,8,8,0,18.4625,19.15,train,8
169,['AMAAAAAPY'],1,8,4,0,3.1125,1.1,train,8
3480,['RLARAIIEL'],1,8,7,1,6.5,7.050000000000001,train,8
4643,['VLYDEFVTI'],1,8,8,0,6.612500000000001,3.8000000000000003,train,8
124,['ALIDFLAAV'],1,8,8,0,41.662499999999994,41.5,train,8
1699,['IIFDFFDSL'],1,8,2,1,1.1375,0.5,train,8
1162,['FVDGVPFVV'],1,8,3,0,1.125,0.8500000000000001,train,8
4251,['SVYDFFVWL'],1,8,4,1,1.15,1.0,train,8
3126,['NLATSIYTI'],1,8,7,0,4.6,4.4,train,8
1552,['HLVEALYLV'],1,8,8,0,17.3,19.35,train,8
5137,['YLSDSAINI'],1,8,7,0,10.875,11.25,train,8
3455,['RINEGWPAY'],1,8,3,3,1.7125,0.15000000000000002,train,8
5331,['YTIDCDGSI'],1,8,1,0,0.5875,0.5,train,8
430,['CLLSHTLAY'],1,8,4,3,2.475,1.15,train,8
136,['ALMDYGFRV'],1,8,8,0,17.125,17.15,train,8
4055,['SLVKHHMYV'],1,8,7,0,6.262499999999999,5.05,train,8
5255,['YRAVLRYMM'],1,8,3,1,0.7,0.4,train,8
2110,['KLLPDTAAV'],1,8,8,0,14.675,12.0,train,8
5127,['YLPRFLFGV'],1,8,8,0,23.4125,21.85,train,8
2818,['MAYGFFNNI'],1,8,3,3,1.3875000000000002,0.44999999999999996,train,8
2987,['MRIGSMATL'],1,8,4,2,5.275,0.8999999999999999,train,8
1769,['ILWDYFSLV'],1,8,8,0,12.962499999999999,14.4,train,8
3322,['QTVEMSPFY'],1,8,2,2,1.125,0.6499999999999999,train,8
5305,['YSLEYFQFV'],1,8,5,0,3.675,3.4000000000000004,train,8
1309,['GLSEGAYHV'],1,8,7,0,9.2375,9.350000000000001,train,8
2585,['LMYDIINSV'],1,8,7,0,10.48125,9.75,train,8
4454,['TTALFGHSY'],1,8,4,4,0.9125,0.5,train,8
3128,['NLFDWMHFL'],1,8,7,0,5.85,2.55,train,8
3657,['RQNAPFEPI'],1,8,3,1,2.0625,0.55,train,8
3697,['RRHWGGNVL'],1,8,6,1,4.1375,1.6,train,8
2575,['LMQWWSDYV'],1,8,7,0,12.893749999999999,10.274999999999999,train,8
4076,['SMLPPGYPV'],1,8,4,0,1.725,0.95,train,8
1130,['FTFDNSKFV'],1,8,2,0,0.8125,0.55,train,8
1935,['IVFYSYAGV'],1,8,4,1,1.2249999999999999,1.05,train,8
958,['FLWDEAWYA'],1,8,8,0,13.962499999999999,13.649999999999999,train,8
3479,['RLANLLPLI'],1,8,8,0,19.725,21.65,train,8
3541,['RLYELIGSV'],1,8,7,0,11.850000000000001,7.35,train,8
131,['ALLGGLRPV'],1,8,8,0,27.275,29.0,train,8
3520,['RLNMFTPYI'],1,8,8,0,13.4375,14.8,train,8
4386,['TMNSRYYLV'],1,8,7,1,4.550000000000001,3.05,train,8
2683,['LRAAIELPL'],1,8,3,1,1.25,0.55,train,8
839,['FHKKRVEPL'],1,8,0,4,0.275,0.15,train,8
141,['ALNELLQHV'],1,8,8,0,22.5375,20.5,train,8
948,['FLSDYGPQL'],1,8,8,0,13.1125,12.15,train,8
3412,['REMHHLVEF'],1,8,5,1,4.324999999999999,1.85,train,8
1089,['FRLMRTNFL'],1,8,5,0,1.75,1.35,train,8
4343,['TLFIGSHVV'],1,8,4,0,2.05,1.1,train,8
923,['FLLQDTVEL'],1,8,8,0,13.4375,8.65,train,8
904,['FLIDLAFLI'],1,8,8,0,20.875,19.85,train,8
1320,['GLYLYRFHV'],1,8,4,0,5.2625,1.05,train,8
5278,['YRSMIAFKL'],1,8,4,1,2.1625,0.8,train,8
4078,['SMMPEAMTI'],1,8,3,1,1.4125,0.8,val,8
852,['FHYQDPFPL'],1,8,3,5,4.574999999999999,0.0,train,8
1171,['FVHDSVQYF'],1,8,5,0,5.1625,1.35,train,8
4640,['VLWAHGFEL'],1,8,6,0,7.6875,7.05,train,8
905,['FLIGELANL'],1,8,0,8,0.0,0.0,train,8
3557,['RMLPKLAEF'],1,8,6,0,6.875,5.6499999999999995,train,8
2308,['KTADVTVVF'],1,8,6,2,3.2375,2.45,train,8
921,['FLLPILSQI'],1,8,8,0,21.5,19.1,train,8
972,['FMGRIRSVY'],1,8,4,3,1.15,0.75,train,8
4615,['VLMGGVPGV'],1,8,8,0,28.25,29.6,train,8
4589,['VLAEAMSQV'],1,8,8,0,21.9875,19.15,train,8
4037,['SLLPAIVEL'],1,8,5,0,4.5375,3.15,train,8
4634,['VLSGYIASV'],1,8,8,0,28.075,29.35,train,8
940,['FLRDNLYHV'],1,8,8,0,17.3875,13.350000000000001,train,8
2085,['KLFSDISAI'],1,8,8,0,10.8625,11.65,train,8
5289,['YRYLRHGKL'],1,8,8,0,8.0625,2.4,train,8
3870,['RVVDLYIGR'],1,8,5,1,19.0375,8.15,train,8
5344,['YTMELCGAM'],1,8,3,0,1.5,0.7,train,8
4019,['SLFPEFSEL'],1,8,5,0,1.275,1.05,train,8
22,['AEAASATPL'],1,8,3,1,2.175,0.7,train,8
4047,['SLSAYIIRV'],1,8,7,0,16.25,15.649999999999999,train,8
282,['ARWMISSAL'],1,8,2,1,1.2125,0.4,train,8
4084,['SMSADVPLV'],1,8,7,0,14.975,18.6,train,8
5102,['YLIPFIWFV'],1,8,8,0,42.25,43.55,train,8
4020,['SLFSLLPGV'],1,8,8,0,15.475,14.0,train,8
5228,['YQERFVLAL'],1,8,2,2,1.0875000000000001,0.4,train,8
4233,['SVFPFDGTR'],1,8,3,2,1.025,0.8,train,8
2090,['KLGGYVSFV'],1,8,7,0,9.100000000000001,9.55,train,8
844,['FHMSKPSDL'],1,8,2,4,0.6375,0.1,train,8
3070,['MVRRGVRSL'],1,8,1,4,0.5125,0.1,train,8
3182,['NTAIFDMLY'],1,8,1,1,0.5375,0.45,train,8
4015,['SLFGQRIEV'],1,8,6,0,6.8125,1.5,train,8
2176,['KMVEIPFNV'],1,8,7,0,12.0625,11.75,train,8
5112,['YLLAGGCPY'],1,8,5,0,2.0625,1.0,train,8
1459,['GTTEVNGLY'],1,8,3,5,4.4125,0.0,train,8
2112,['KLLPVHYYM'],1,8,3,0,3.05,0.7,train,8
900,['FLHESDPMV'],1,8,7,0,5.550000000000001,4.4,train,8
1508,['HEAEYNLSL'],1,8,3,3,1.3124999999999998,0.39999999999999997,train,8
4385,['TMLYNKMEF'],1,8,3,0,1.0125,0.55,train,8
5377,['YVRGYLRGY'],1,8,5,3,2.425,1.7999999999999998,train,8
2429,['LALDSYWPV'],1,8,7,0,4.475,4.4,train,8
2880,['MLGTHTMEV'],1,8,7,0,6.3999999999999995,7.35,train,8
2978,['MQRSGMLSL'],1,8,2,1,2.7125000000000004,0.65,train,8
1271,['GLADAFILL'],1,8,6,0,9.625,9.75,train,8
4484,['TVADIWHAM'],1,8,5,1,3.0500000000000003,1.0,train,8
4962,['WVAGVQLLY'],1,8,4,0,5.9625,1.0,train,8
2500,['LIQEIVHEV'],1,8,8,0,17.7375,17.35,train,8
4367,['TLVPQEHYV'],1,8,5,1,1.5375,1.05,train,8
4945,['WRWKSQVTI'],1,8,3,0,2.425,0.44999999999999996,train,8
1735,['ILIDTSAWV'],1,8,8,0,11.625,12.3,train,8
3046,['MTTEDMLEV'],1,8,2,0,0.9937499999999999,0.55,train,8
3040,['MTRVTNNVY'],1,8,2,2,1.4,0.45,train,8
3273,['QLLGWYSRV'],1,8,7,0,3.4875,2.45,train,8
4638,['VLTDWAAPV'],1,8,8,0,16.987499999999997,15.65,train,8
1845,['IRHHVRWAL'],1,8,0,3,0.2625,0.30000000000000004,train,8
3489,['RLDPRLAPV'],1,8,8,0,17.174999999999997,12.55,train,8
140,['ALMRWRHPR'],1,8,6,0,35.1,12.5,train,8
4525,['TVYDINNEV'],1,8,4,0,2.4250000000000003,0.95,train,8
5042,['YIGEVLVSV'],1,8,8,0,19.5,17.9,train,8
4430,['TRAPAPFPL'],1,8,2,3,2.4625,0.25,train,8
3988,['SIIGRLLEV'],1,8,8,0,19.825000000000003,14.950000000000001,train,8
5114,['YLLGDSDSV'],1,8,7,0,5.9125,5.9,train,8
1316,['GLYEFTILV'],1,8,8,0,17.6875,16.9,train,8
968,['FMFDSDEAM'],1,8,3,1,2.4000000000000004,0.55,train,8
861,['FIKDGSSTY'],1,8,4,1,3.3000000000000003,2.15,train,8
2113,['KLMALELFK'],1,8,4,2,14.099999999999998,0.9,train,8
939,['FLQRTDLSY'],1,8,4,2,1.6124999999999998,0.85,train,8
2147,['KLYERNTAF'],1,8,1,3,1.775,0.5,train,8
185,['AMLAGTAVV'],1,8,7,0,6.987500000000001,5.45,train,8
1535,['HLDDVGFLV'],1,8,5,1,5.075,1.6500000000000001,train,8
5144,['YLVDCGAEL'],1,8,8,0,5.487500000000001,5.2,train,8
2356,['KVAELVHFL'],1,8,8,0,9.875,5.8,train,8
3849,['RVMPVFAFK'],1,8,6,1,30.1625,27.950000000000003,train,8
970,['FMFGPTIYY'],1,8,4,1,2.7375,0.85,train,8
5084,['YLDYDTIYV'],1,8,8,0,6.05,5.25,train,8
105,['ALAALITPV'],1,8,8,0,38.7375,38.25,train,8
2163,['KMFTFWYMR'],1,8,1,5,3.4124999999999996,0.0,train,8
4039,['SLLSEFCRV'],1,8,8,0,6.5874999999999995,5.949999999999999,train,8
5329,['YTGAMTSKF'],1,8,0,2,0.4125,0.44999999999999996,train,8
273,['ARKARAAPL'],1,8,3,3,1.3625,0.6,train,8
1083,['FRFGDPMPF'],1,8,6,1,7.75,3.55,train,8
3328,['QVIEYLKPY'],1,8,7,0,12.59,9.575,train,8
4504,['TVIRFWHAM'],1,8,1,1,0.35000000000000003,0.3,train,8
730,['EVDPIGHLY'],1,8,0,3,0.1375,0.2,train,8
571,['EERKNFLEL'],1,8,2,5,0.725,0.0,train,8
674,['ERYPGGVSL'],1,8,3,5,2.05,0.0,train,8
5143,['YLTSFVVPI'],1,8,8,0,30.337500000000002,34.599999999999994,train,8
2913,['MMLVPLITV'],1,8,8,0,6.3999999999999995,6.3,train,8
1547,['HLSGPLAGV'],1,8,8,0,12.337499999999999,13.200000000000001,train,8
3741,['RRWIAPHPL'],1,8,5,1,3.8,3.3499999999999996,train,8
4934,['WQMFMKVTV'],1,8,1,6,0.2875,0.0,train,8
5098,['YLIHDWDAV'],1,8,8,0,11.2375,8.65,train,8
2087,['KLGDITLFL'],1,8,7,0,9.274999999999999,8.65,train,8
4036,['SLLMWITQV'],1,8,8,0,10.4625,10.9,train,8
3387,['RAYSVPETF'],1,8,6,0,3.025,3.2,train,8
892,['FLDPHPYYV'],1,8,8,0,26.1875,25.1,train,8
2737,['LTITYSSSM'],1,8,1,1,0.3875,0.2,train,8
1182,['FVRELLTEV'],1,8,2,0,5.4750000000000005,0.6,train,8
3042,['MTSERTLAV'],1,8,2,2,0.5875000000000001,0.4,train,8
934,['FLQDESAYV'],1,8,8,0,21.9375,23.5,train,8
2120,['KLPRWIFFA'],1,8,8,0,7.1,5.15,train,8
1785,['IMLKANFSV'],1,8,7,0,8.775,10.6,train,8
1708,['IISDLSIFI'],1,8,7,0,2.45,1.75,train,8
1301,['GLNDYLHSV'],1,8,8,0,30.949999999999996,25.9,train,8
3280,['QMISPVMSV'],1,8,7,0,6.1000000000000005,4.9,train,8
5079,['YLDAIQQPV'],1,8,8,0,20.9625,20.45,train,8
1279,['GLFGGLNWI'],1,8,7,0,5.88125,6.2,train,8
2538,['LLMEGLKLL'],1,8,8,0,10.125,10.1,train,8
5087,['YLFLICHNL'],1,8,8,0,11.69125,11.065000000000001,train,8
951,['FLSNVGHYV'],1,8,8,0,33.375,35.6,train,8
201,['AMWDWSKSV'],1,8,6,0,6.625,5.3,train,8
3449,['RIFPATHYV'],1,8,8,0,8.5125,7.949999999999999,train,8
3876,['RVYEALYYV'],1,8,8,0,10.5,8.8,train,8
984,['FMPKVNFEV'],1,8,6,0,4.8125,3.8,train,8
2116,['KLMPICMDV'],1,8,8,0,10.7,10.3,train,8
4225,['SVASGIFNV'],1,8,7,0,2.9,2.45,train,8
3687,['RRFNRTKPM'],1,8,6,1,10.625,6.2,train,8
4027,['SLIDLLHKI'],1,8,8,0,21.4625,21.049999999999997,train,8
5359,['YTYPIAHTA'],1,8,6,0,3.3875,1.05,train,8
320,['ATGDYVAFV'],1,8,5,0,1.775,1.7000000000000002,train,8
1673,['IEIARTLTL'],1,8,3,3,0.5125,0.4,train,8
260,['AQNAISTTF'],1,8,4,4,1.9499999999999997,0.5,train,8
901,['FLHGGDFGV'],1,8,8,0,12.424999999999999,9.05,train,8
3744,['RRYASQTEL'],1,8,5,2,9.3,6.3500000000000005,train,8
1828,['IQAVFGFSL'],1,8,3,3,2.025,0.55,train,8
117,['ALFDTSASL'],1,8,0,8,0.0,0.0,train,8
919,['FLLENAAYL'],1,8,8,0,18.875,17.75,train,8
3448,['RIFAELEGV'],1,8,8,0,11.8875,10.6,train,8
2362,['KVDDTFYYV'],1,8,7,0,8.1625,6.85,train,8
3514,['RLMKQDFSV'],1,8,7,0,16.35,21.4,train,8
1169,['FVFGIPLLV'],1,8,7,0,5.15,4.85,train,8
125,['ALIGGFKPV'],1,8,8,0,26.825,20.200000000000003,train,8
3266,['QLAGYILTV'],1,8,8,0,12.15,9.85,train,8
280,['ARWLASTPL'],1,8,5,1,2.025,1.15,train,8
4164,['SRWSRKMLM'],1,8,3,2,3.675,0.55,train,8
137,['ALMEITSRY'],1,8,6,0,2.6500000000000004,2.35,train,8
1331,['GMFGGCFAA'],1,8,5,1,3.7624999999999997,2.3,train,8
2165,['KMGDGFLYF'],1,8,3,1,1.675,0.75,train,8
2724,['LSYMIGMNY'],1,8,2,2,1.3375000000000001,0.3,train,8
5120,['YLNDFAQLL'],1,8,7,0,11.975000000000001,13.05,train,8
1944,['IVVDNTSAF'],1,8,5,0,4.2125,2.6500000000000004,train,8
4268,['SYLGLTQPF'],1,8,5,1,11.700000000000001,7.8999999999999995,train,8
3140,['NMLSTVLGV'],1,8,7,0,11.4125,10.35,train,8
4360,['TLMKHQEPV'],1,8,8,0,28.375,24.950000000000003,train,8
2143,['KLWGLVDFV'],1,8,8,0,14.137500000000001,12.5,train,8
3854,['RVRAYTYSK'],1,8,5,2,30.799999999999997,17.700000000000003,train,8
1715,['ILAAIAVGV'],1,8,8,0,30.125,35.15,train,8
537,['DVAAMSGYY'],1,8,3,1,2.5374999999999996,0.5,train,8
5088,['YLFQWNDNV'],1,8,8,0,19.7875,21.65,train,8
4642,['VLWKSYPLV'],1,8,6,0,5.425000000000001,3.05,train,8
4893,['WMFRIRIIL'],1,8,4,4,5.7625,0.6,train,8
3987,['SIIGILHLI'],1,8,8,0,7.862500000000001,6.9,train,8
1300,['GLMWLSYFV'],1,8,8,0,16.4375,19.700000000000003,train,8
5290,['YRYSLSSDL'],1,8,2,2,1.3625,0.6499999999999999,train,8
3183,['NTAINFFLY'],1,8,1,4,0.6375,0.1,train,8
2049,['KIFGSLAFL'],1,8,7,0,7.487500000000001,4.85,train,8
623,['ELIKAMNHF'],1,8,5,0,9.15,3.3499999999999996,train,8
3510,['RLLPLLALL'],1,8,8,0,6.9375,7.85,train,8
854,['FIDSYICQV'],1,8,8,0,5.5125,5.25,train,8
2160,['KMFHGGLRY'],1,8,6,0,4.8875,5.2,train,8
3304,['QQYAGWSAL'],1,8,4,2,2.7625,1.45,train,8
5313,['YSSHELWHF'],1,8,4,1,2.5125,2.3,train,8
3748,['RRYRRIYDL'],1,8,5,1,4.237500000000001,4.35,train,8
2625,['LPMEDNSDI'],1,8,6,2,1.3875000000000002,1.3,train,8
4488,['TVAPFNPTV'],1,8,7,0,4.0375,3.7,train,8
4493,['TVFCFFNYI'],1,8,4,2,1.725,1.0,train,8
1570,['HPRQEQIAL'],1,8,7,1,8.5125,5.15,train,8
2568,['LMMTATGEY'],1,8,6,1,4.5,4.1,train,8
161,['ALWEIQQVV'],1,8,7,0,14.1875,15.7,train,8
4014,['SLFGGMSWI'],1,8,5,0,4.574999999999999,5.199999999999999,train,8
2556,['LLYDGSFAV'],1,8,8,0,20.6375,17.65,train,8
1528,['HIMPNSFRV'],1,8,7,0,7.3500000000000005,4.6,train,8
130,['ALLENIHRV'],1,8,8,0,37.15,35.3,train,8
3868,['RVTDMAPFK'],1,7,5,2,24.457142857142856,4.6,train,7
1945,['IVYKNCVLR'],1,7,6,1,13.571428571428571,12.3,train,7
371,['AVMLVHTYY'],1,7,3,2,2.8857142857142857,0.8,train,7
351,['AVAAVAARR'],1,7,6,0,17.514285714285712,6.2,train,7
2409,['KYLYLWSFK'],1,7,2,4,3.3428571428571425,0.0,train,7
3831,['RVIGYILFF'],1,7,2,3,0.8285714285714286,0.2,train,7
751,['EVRLATMLF'],1,7,2,2,0.5285714285714286,0.5,train,7
5011,['YFFVKWIGK'],1,7,3,2,2.042857142857143,0.2,train,7
4217,['STYCSTIQK'],1,7,5,0,26.014285714285716,2.8,train,7
3806,['RTRDIYISR'],1,7,4,3,57.67142857142858,4.6,train,7
1926,['ITYLMNRFK'],1,7,7,0,16.314285714285713,9.1,train,7
373,['AVNNLVELK'],1,7,5,1,9.057142857142857,1.3,train,7
3808,['RTVQVTLGK'],1,7,6,1,12.700000000000001,2.0,train,7
2024,['KFFPSSSYR'],1,7,3,0,9.642857142857142,0.3,train,7
319,['ATFSVPMEK'],1,7,6,1,23.428571428571427,3.9,train,7
4877,['WLIGFDFDV'],1,7,4,1,5.857142857142857,2.7,train,7
3357,['RAFWGQVQK'],1,7,5,1,6.457142857142857,1.7,train,7
4459,['TTFGRIGVK'],1,7,4,2,1.4000000000000001,1.0,train,7
5005,['YEYQTQVSV'],1,7,3,1,2.414285714285714,0.7,train,7
2459,['LEFEALGFL'],1,7,3,3,3.0500000000000003,0.6,train,7
4745,['VSNAVRHAK'],1,7,5,0,9.157142857142857,6.3,train,7
3313,['QSYEFLGLK'],1,7,2,3,0.5428571428571429,0.2,train,7
2862,['MILPMSRAF'],1,7,2,4,0.45714285714285713,0.0,train,7
1467,['GVAMPNLYK'],1,7,4,3,9.0,1.1,train,7
1544,['HLLCQAFSV'],1,7,6,0,4.571428571428571,3.9,train,7
1623,['HVLSLVFGK'],1,7,4,0,2.0142857142857147,1.1,train,7
3053,['MVAGRTPFK'],1,7,4,1,25.171428571428574,3.9,train,7
4080,['SMNYPNSYK'],1,7,5,0,23.84285714285715,3.3,train,7
1483,['GVYPSFMSR'],1,7,6,1,8.27142857142857,2.4,train,7
1557,['HMNKLPLAK'],1,7,3,1,2.8,0.4,train,7
2441,['LASSSYEQF'],1,7,5,1,1.9428571428571426,2.5,train,7
471,['DAMPGVLSY'],1,7,2,1,0.7428571428571429,0.3,train,7
4250,['SVWPYIGAK'],1,7,4,1,1.6142857142857143,1.2,train,7
3516,['RLMRTNFLI'],1,7,6,0,6.971428571428571,2.8,train,7
3834,['RVISDGYFK'],1,7,6,1,12.77142857142857,4.1,train,7
4714,['VQLPQYFTF'],1,7,6,1,27.728571428571428,35.1,train,7
2119,['KLPRMFLPK'],1,7,3,2,2.657142857142858,0.3,train,7
422,['CFMYSDFHF'],1,7,5,1,4.428571428571429,1.1,train,7
4368,['TLWVDPYEV'],1,7,5,0,6.114285714285715,1.7,train,7
5224,['YQAYAAPQL'],1,7,5,2,4.542857142857143,1.4,train,7
3801,['RTMPASLGK'],1,7,5,1,17.099999999999998,2.7,train,7
2173,['KMSGKTPAV'],1,7,6,0,14.314285714285713,14.9,train,7
2873,['MLAESCDSV'],1,7,7,0,9.0,10.5,train,7
4232,['SVFHEHIFK'],1,7,4,1,13.042857142857143,7.3,train,7
3879,['RVYKNYDPR'],1,7,4,2,9.7,1.6,train,7
5141,['YLSPFKLTY'],1,7,2,1,2.3285714285714287,0.2,train,7
2757,['LVAPHMAMM'],1,7,2,1,3.2285714285714286,0.7,train,7
1129,['FTFDLTALK'],1,7,3,1,10.228571428571428,0.7,train,7
3355,['RAFKYPFIK'],1,7,2,5,4.6571428571428575,0.0,train,7
3997,['SIYAGNTPK'],1,7,6,0,29.342857142857138,1.5,train,7
4224,['SVAPGTDFR'],1,7,5,1,11.085714285714285,2.2,train,7
1874,['ISNNHIISK'],1,7,4,0,9.428571428571429,1.0,train,7
3518,['RLNFFTPTK'],1,7,4,2,11.171428571428569,1.3,train,7
4253,['SVYFWWLNR'],1,7,5,1,5.971428571428571,5.8,train,7
350,['ATYTGVFDK'],1,7,4,1,12.857142857142856,1.4,train,7
2957,['MPYAAHDPI'],1,7,1,2,0.4142857142857143,0.2,train,7
2868,['MIYELCTFR'],1,7,4,1,6.9142857142857155,4.6,train,7
1703,['IILAHFLYK'],1,7,3,2,27.485714285714284,0.3,train,7
2513,['LLFGAYFLR'],1,7,6,1,7.742857142857143,3.4,train,7
3826,['RVGIYFGMK'],1,7,2,2,0.8714285714285716,0.5,train,7
4214,['STSRSYMSF'],1,7,3,1,0.7142857142857143,0.5,train,7
2605,['LPDGIVTSI'],1,7,5,0,4.198571428571428,1.7,train,7
43,['AEMGANLCV'],1,7,6,0,4.121428571428572,2.2,train,7
354,['AVAVHDFFK'],1,7,7,0,20.914285714285715,7.9,train,7
2366,['KVFFVNWFR'],1,7,6,1,16.428571428571427,10.5,train,7
3279,['QLYESRLLR'],1,7,4,1,2.642857142857143,1.7,train,7
842,['FHLRSRFAF'],1,7,0,2,0.2714285714285714,0.2,train,7
3799,['RTMFLFVFR'],1,7,7,0,39.114285714285714,23.1,train,7
322,['ATIDVAIPK'],1,7,6,1,26.114285714285717,12.9,train,7
5041,['YIFWIRTPR'],1,7,4,1,9.514285714285714,7.9,train,7
334,['ATNNVFRLK'],1,7,7,0,25.657142857142855,17.1,train,7
2765,['LVIDNLYGF'],1,7,3,1,2.857142857142857,0.6,train,7
3447,['RIDPFRAAK'],1,7,5,2,5.185714285714285,3.5,train,7
1503,['HAGAKSFYK'],1,7,4,2,2.971428571428571,1.5,train,7
3481,['RLASSLYVY'],1,7,3,3,2.6142857142857143,0.3,train,7
3796,['RTLHPFGCK'],1,7,6,1,26.042857142857144,3.9,train,7
3550,['RMGERQLQK'],1,7,3,2,8.15,0.9,train,7
1858,['ISAYTHWYY'],1,7,5,0,3.892857142857143,4.5,train,7
745,['EVMPVSMAK'],1,7,4,2,16.885714285714286,1.2,train,7
720,['ETVNFVPNY'],1,7,5,1,9.085714285714287,5.6,train,7
2378,['KVLCPYMPK'],1,7,6,1,10.985714285714284,3.1,train,7
2893,['MLSHFHMNR'],1,7,4,0,14.62857142857143,8.5,train,7
3750,['RSADGSPPY'],1,7,1,4,1.2428571428571427,0.0,train,7
4664,['VMRMGDLHY'],1,7,5,1,3.442857142857143,1.5,train,7
295,['ASLLRRWPK'],1,7,5,1,28.21428571428571,23.7,train,7
2586,['LMYPTTLLK'],1,7,2,3,9.6,0.5,train,7
2860,['MIEPRTLQY'],1,7,1,3,0.8142857142857143,0.1,train,7
1096,['FRRRKRMGF'],1,7,0,3,0.17857142857142858,0.1,train,7
4173,['SSGVFHSYK'],1,7,1,2,1.3,0.5,train,7
366,['AVGSGPFFK'],1,7,3,2,5.385714285714286,0.5,train,7
3494,['RLFKHGLKR'],1,7,3,2,9.085714285714285,0.9,train,7
1893,['ITAVNRYFK'],1,7,7,0,12.757142857142856,4.5,train,7
2323,['KTHESHLVR'],1,7,5,1,21.36428571428571,4.7,train,7
4608,['VLIGRRWFR'],1,7,4,0,43.3,3.6,train,7
463,['CVFKFIVAK'],1,7,2,5,1.157142857142857,0.0,train,7
4578,['VGYYTFHPK'],1,7,3,0,5.285714285714285,0.8,train,7
1520,['HFFMKHPNK'],1,7,1,3,0.37142857142857144,0.2,train,7
5103,['YLISIFLHL'],1,7,6,1,16.02857142857143,18.4,train,7
5064,['YIYTRSFQM'],1,7,3,3,1.3,0.7,train,7
1924,['ITYGACPRY'],1,7,6,1,2.8285714285714287,1.4,train,7
4791,['VVFEDGLPR'],1,7,6,1,8.328571428571427,6.8,train,7
5363,['YVDIYAASV'],1,7,4,0,1.0571428571428572,1.0,train,7
5036,['YIASIFMPR'],1,7,3,1,12.028571428571428,0.6,train,7
5366,['YVFYDGPPF'],1,7,2,1,1.8571428571428574,0.5,train,7
3836,['RVIYPANQK'],1,7,2,1,11.957142857142857,0.6,train,7
3463,['RIYLDRVAK'],1,7,5,2,4.971428571428571,4.7,train,7
152,['ALSNGIPPV'],1,7,7,0,31.91428571428571,40.8,train,7
2847,['MGFGHRIYK'],1,7,6,0,8.814285714285715,1.7,train,7
305,['ASYGAGAGY'],1,7,3,3,1.5571428571428572,0.3,train,7
289,['ASFAAQLFY'],1,7,2,2,2.857142857142857,0.3,train,7
2347,['KTVCVQATK'],1,7,6,1,7.457142857142857,6.2,train,7
4516,['TVMSSIYGK'],1,7,4,0,10.385714285714286,1.1,train,7
4831,['WALDVPMYF'],1,7,5,0,2.0714285714285716,1.1,train,7
4338,['TLAHTHAAY'],1,7,1,2,1.457142857142857,0.6,train,7
4187,['SSSGMDAYY'],1,7,0,3,0.24285714285714285,0.2,train,7
2306,['KSYETEYPK'],1,7,2,2,6.485714285714286,0.7,train,7
3034,['MTNRQFHQK'],1,7,6,0,25.657142857142862,8.2,train,7
3528,['RLREALCAV'],1,7,7,0,9.714285714285714,5.7,train,7
1375,['GQFLSFASL'],1,7,4,0,2.5,1.0,train,7
2755,['LTYRHKVVK'],1,7,5,0,8.157142857142857,3.0,train,7
4244,['SVMAIFYLR'],1,7,5,1,27.485714285714284,38.0,train,7
4231,['SVFESWLEK'],1,7,5,1,14.957142857142856,2.2,train,7
1451,['GTKAWVMNR'],1,7,7,0,45.685714285714276,20.7,train,7
2034,['KGMKIQHFK'],1,7,3,1,4.457142857142857,0.8,train,7
3728,['RRRWRRLTV'],1,7,1,3,0.4571428571428572,0.1,train,7
3194,['NTVKSFLNF'],1,7,1,1,0.8285714285714285,0.3,train,7
3071,['MVTRFESLK'],1,7,2,4,1.4428571428571428,0.0,train,7
4765,['VTFSAGTFK'],1,7,3,1,17.257142857142856,0.9,train,7
2480,['LFFPFGLFK'],1,7,0,3,0.2857142857142857,0.2,train,7
4483,['TTWNGVHAK'],1,7,6,0,12.842857142857142,4.5,train,7
4006,['SLARRHLAR'],1,7,4,1,6.228571428571428,1.1,train,7
2535,['LLLSFTSFR'],1,7,4,1,6.6,2.4,train,7
103,['ALAAATPMV'],1,7,6,0,26.04285714285714,29.4,train,7
3026,['MTMFVTASK'],1,7,5,0,24.957142857142856,3.4,train,7
170,['AMAAAGMMY'],1,7,3,1,1.8142857142857143,0.7,train,7
2576,['LMRGVKWLK'],1,7,4,3,3.3999999999999995,2.3,train,7
2370,['KVGVYKMHK'],1,7,5,2,6.0,4.6,train,7
4040,['SLMSRVVYK'],1,7,6,0,11.571428571428571,10.8,train,7
4071,['SMIEAESSV'],1,7,6,0,3.042857142857143,1.8,train,7
4247,['SVNNYQASK'],1,7,6,0,9.842857142857143,2.7,train,7
1482,['GVYKFFIAR'],1,7,6,1,10.257142857142856,5.8,train,7
328,['ATLFGSHAR'],1,7,5,1,9.642857142857142,4.9,train,7
1983,['KAIIDTAQF'],1,7,6,0,6.042857142857143,7.6,train,7
5020,['YFYYNAFHW'],1,7,5,1,7.2857142857142865,5.4,train,7
3878,['RVYINVVVK'],1,7,4,2,15.557142857142855,1.2,train,7
2372,['KVHAVLTEK'],1,7,6,0,33.98571428571429,15.4,train,7
1746,['ILMARYMSK'],1,7,6,1,5.8,2.3,train,7
1736,['ILIFLRNFR'],1,7,4,1,2.5,2.1,train,7
3889,['RWFFRPLRK'],1,7,1,4,3.1714285714285717,0.0,train,7
2900,['MLYKSSKSR'],1,7,3,2,0.9571428571428571,0.8,train,7
1444,['GTFKSVAVK'],1,7,3,1,11.242857142857144,0.6,train,7
3431,['RFLTHYFTK'],1,7,2,2,4.1,0.7,train,7
3839,['RVLAIQLKR'],1,7,4,2,25.4,22.7,train,7
1264,['GINDRNFWR'],1,7,3,3,3.885714285714286,0.6,train,7
2569,['LMNDPGAPW'],1,7,3,1,3.757142857142857,0.5,train,7
1589,['HRQGWARAM'],1,7,1,1,0.38571428571428573,0.2,train,7
5152,['YLYNKYSFK'],1,7,4,1,13.528571428571428,2.1,train,7
4977,['YALATQVEF'],1,7,6,0,5.114285714285714,4.4,train,7
4507,['TVKRYLQAK'],1,7,5,1,4.528571428571429,1.4,train,7
4648,['VMAGVFARY'],1,7,4,0,7.557142857142858,1.5,train,7
2534,['LLLRPFWPA'],1,7,4,1,1.2428571428571427,1.0,train,7
1146,['FTSWGMTLR'],1,7,2,2,5.028571428571428,0.4,train,7
2118,['KLNKFISPK'],1,7,5,2,44.01428571428571,36.9,train,7
4460,['TTFLQTMLR'],1,7,5,1,13.664285714285715,3.9,train,7
1088,['FRKKRLTIM'],1,7,1,2,0.6571428571428573,0.2,train,7
276,['ARLSSPIVL'],1,7,2,1,0.9285714285714287,0.8,train,7
682,['ESMMGSTAM'],1,7,3,0,0.9571428571428573,0.7,train,7
2686,['LRHSTAHLL'],1,7,1,1,1.9428571428571428,0.4,train,7
4513,['TVMDIISRK'],1,7,3,2,12.428571428571429,0.9,train,7
2384,['KVNNHLFHR'],1,7,6,0,63.614285714285714,24.6,train,7
3539,['RLYDYFTRV'],1,7,7,0,12.785714285714286,13.9,train,7
2111,['KLLPEGYWV'],1,7,3,0,1.0,0.9,train,7
1784,['IMLEYPHFK'],1,7,2,1,4.114285714285714,0.5,train,7
382,['AVSFRNLAY'],1,7,1,1,1.671428571428571,0.2,train,7
4382,['TMKPHTFNK'],1,7,6,0,6.142857142857143,6.1,train,7
2172,['KMQRMLLEK'],1,7,5,2,2.5142857142857147,2.9,train,7
1461,['GTVDYYLAR'],1,7,6,0,8.642857142857142,5.8,train,7
4901,['WMNHHAITY'],1,7,3,2,2.0714285714285716,0.4,train,7
4462,['TTHKVIFSK'],1,7,5,0,11.757142857142858,1.9,train,7
3181,['NSYTLLLAY'],1,7,0,5,0.1142857142857143,0.0,train,7
2981,['MQYMTIQQK'],1,7,3,2,2.1999999999999997,0.4,train,7
2317,['KTFDTEYQK'],1,7,3,1,9.757142857142858,0.7,train,7
4140,['SRAGISVVL'],1,7,3,2,2.557142857142857,0.5,train,7
3865,['RVSRMRLQR'],1,7,6,0,10.728571428571428,4.6,train,7
3187,['NTFAAWLPM'],1,7,0,1,0.3714285714285714,0.4,train,7
1455,['GTMTTSIYK'],1,7,6,1,21.400000000000002,6.3,train,7
866,['FIRLRFAFK'],1,7,3,2,11.87142857142857,0.8,train,7
5356,['YTYDLAEYR'],1,7,5,1,21.12857142857143,3.5,train,7
3066,['MVLASTTAK'],1,7,3,0,6.057142857142857,0.8,train,7
3555,['RMKWMMAMR'],1,7,3,2,47.22857142857142,0.9,train,7
3482,['RLASTVIYR'],1,7,5,0,28.442857142857143,2.7,train,7
3832,['RVIPPSLLR'],1,7,4,2,3.814285714285714,1.0,train,7
3450,['RIGGVLIFR'],1,7,5,1,7.585714285714286,2.0,train,7
820,['FGAAVSLLF'],1,7,3,1,0.7571428571428571,0.7,train,7
3504,['RLKFSLSYK'],1,7,4,2,26.957142857142856,22.7,train,7
2367,['KVFGYDIDR'],1,7,2,2,0.8857142857142858,0.3,train,7
1143,['FTNPLFYHK'],1,7,4,0,10.042857142857143,1.0,train,7
4267,['SYIRYFTVF'],1,7,5,1,18.599999999999998,19.6,train,7
4211,['STMRRMALR'],1,7,6,0,69.8,33.4,train,7
5163,['YMKFFGNFK'],1,7,2,0,1.2285714285714284,0.7,train,7
2319,['KTFPPTEPK'],1,7,6,1,22.45714285714286,21.6,train,7
981,['FMLSVHYRK'],1,7,3,3,0.9142857142857144,0.7,train,7
2775,['LYAVTTAVL'],1,7,4,1,2.314285714285714,1.5,train,7
3844,['RVLENTHIF'],1,7,5,1,13.914285714285713,5.1,train,7
1450,['GTIIVHPNK'],1,7,4,1,9.671428571428573,1.0,train,7
1201,['FYNGSNWCL'],1,7,4,1,5.314285714285715,5.6,train,7
1091,['FRMTENVPL'],1,7,2,1,2.357142857142857,0.4,train,7
2290,['KSMPTSMGK'],1,7,5,2,10.885714285714286,1.4,train,7
610,['EIYFSSIHR'],1,7,2,0,14.928571428571429,0.4,train,7
1903,['ITIEDKNLY'],1,7,2,2,0.6857142857142857,0.3,train,7
97,['AIYDTMQYV'],1,7,7,0,7.457142857142856,7.2,train,7
3195,['NVIWVSWGY'],1,7,2,1,5.814285714285715,0.7,train,7
3765,['RSNNKFTLK'],1,7,5,2,25.3,23.6,train,7
383,['AVSMANIFR'],1,7,5,1,5.999999999999999,5.8,train,7
4498,['TVHDRTPYR'],1,7,0,7,0.0,0.0,train,7
1464,['GTYPLTAAR'],1,7,6,1,18.8,14.5,train,7
4865,['WILDRLFFK'],1,7,2,3,1.7142857142857142,0.4,train,7
2899,['MLYILGLFK'],1,7,2,5,2.3857142857142857,0.0,train,7
1449,['GTHPTTTYK'],1,7,5,1,25.271428571428572,2.1,train,7
4478,['TTRAWFDKK'],1,7,3,1,1.3428571428571427,0.8,train,7
5193,['YNYSLTLEW'],1,7,1,3,0.5285714285714286,0.6,train,7
1080,['FRDRGQHVL'],1,7,4,2,9.714285714285714,1.3,train,7
3044,['MTSPYRMNR'],1,7,7,0,62.84285714285715,56.0,train,7
2023,['KFFMVHSLK'],1,7,1,1,1.042857142857143,0.7,train,7
4518,['TVNVILRPK'],1,7,4,0,1.9857142857142858,1.5,train,7
3650,['RQLESRLGY'],1,7,3,2,2.0142857142857142,0.7,train,7
3761,['RSLGLRAEK'],1,7,5,2,16.12857142857143,8.8,train,7
2325,['KTHSFTLGF'],1,7,6,0,3.471428571428571,2.8,train,7
460,['CTSSIQYHR'],1,7,5,1,17.314285714285713,18.5,train,7
2922,['MMWEINGPK'],1,7,0,1,0.2857142857142857,0.3,train,7
2581,['LMTHTWHAK'],1,7,1,1,0.4857142857142857,0.4,train,7
2837,['MFIIKYFKK'],1,7,1,5,0.2571428571428572,0.0,train,7
3824,['RVFTEAMTR'],1,7,5,1,6.071428571428571,4.0,train,7
2320,['KTFPTTKAK'],1,7,5,1,9.714285714285714,3.1,train,7
4362,['TLNRCALLR'],1,7,1,1,1.3714285714285714,0.4,train,7
4073,['SMIYFFHHY'],1,7,3,4,1.785714285714286,0.0,train,7
962,['FLWWNAAPA'],1,7,7,0,16.37142857142857,8.9,train,7
4948,['WSFYRVVVK'],1,7,3,2,0.9428571428571428,0.6,train,7
4811,['VVYMDMGVR'],1,7,0,3,0.2714285714285714,0.3,train,7
3101,['NELQTLPSL'],1,7,1,5,0.7714285714285715,0.0,train,7
392,['AVYTEGWER'],1,7,4,1,2.0142857142857142,1.5,train,7
104,['ALAAGIVGV'],1,7,0,7,0.0,0.0,train,7
3880,['RVYLNGIGK'],1,7,4,2,15.828571428571431,3.2,train,7
3828,['RVHGATVFK'],1,7,6,1,39.67142857142857,33.1,train,7
5269,['YRLPDRPSL'],1,7,1,3,0.5571428571428572,0.3,train,7
2310,['KTAPQLNVF'],1,7,6,0,4.771428571428571,5.0,train,7
882,['FLAGGPHAV'],1,7,7,0,33.0,30.8,train,7
2392,['KVVNRWLFR'],1,7,5,0,21.157142857142862,6.5,train,7
91,['AINGFVLPK'],1,7,6,1,16.0,1.6,train,7
3252,['QFAGGSFDF'],1,7,1,2,0.4285714285714285,0.3,train,7
1133,['FTFKVNSVK'],1,7,4,2,3.9285714285714293,1.3,train,7
3138,['NMFTPYIGV'],1,7,6,0,5.385714285714285,3.8,train,7
2725,['LTAHYCFLY'],1,7,4,1,4.685714285714286,2.7,train,7
1442,['GTFEGWLHR'],1,7,6,0,23.428571428571423,16.2,train,7
5078,['YLAWVPAHV'],1,7,6,0,26.742857142857144,25.8,train,7
347,['ATYEIVCSK'],1,7,4,1,6.314285714285715,1.1,train,7
3757,['RSHAAIGAY'],1,7,1,3,2.4714285714285715,0.2,train,7
3703,['RRKWRRWHL'],1,7,2,3,3.5714285714285707,0.4,train,7
1764,['ILSFPYLFK'],1,7,2,5,4.671428571428571,0.0,train,7
1190,['FVYSVSFHK'],1,7,5,2,7.885714285714286,3.0,train,7
4472,['TTLRYPIGK'],1,7,2,2,5.857142857142857,0.3,train,7
3970,['SFSYFYPFR'],1,7,3,2,0.7571428571428572,0.5,train,7
4236,['SVFTGLLPF'],1,7,1,2,1.1714285714285713,0.7,train,7
2425,['LAIEATLAF'],1,7,3,0,2.2142857142857144,0.8,train,7
5378,['YVRTNGASY'],1,7,5,0,2.6999999999999997,1.4,train,7
2345,['KTTLFHTFK'],1,7,5,1,18.785714285714285,6.6,train,7
1286,['GLHATFMPK'],1,7,3,2,5.828571428571428,0.7,train,7
349,['ATYGWNLVK'],1,7,4,0,17.242857142857144,1.8,train,7
1443,['GTFGPVHFR'],1,7,5,1,41.714285714285715,28.3,train,7
372,['AVNAATYNR'],1,7,6,1,42.18571428571429,34.8,train,7
4785,['VTYDYIIPK'],1,7,6,0,14.114285714285716,4.3,train,7
4355,['TLLENLFFK'],1,7,3,1,1.9571428571428573,0.5,train,7
4458,['TTFDLTLRR'],1,7,5,1,8.071428571428571,2.6,train,7
3364,['RAMDVYCHR'],1,7,7,0,39.42857142857143,26.9,train,7
1947,['IWARTYFFK'],1,7,0,4,0.14285714285714285,0.0,train,7
961,['FLWWGKWRK'],1,7,2,1,1.6714285714285713,0.7,train,7
5316,['YTAIGFMRR'],1,7,2,3,6.785714285714286,0.2,train,7
1987,['KAMSTPFSL'],1,7,4,1,2.3428571428571425,2.4,train,7
344,['ATTHSWIPK'],1,7,4,0,18.099999999999998,2.5,train,7
3499,['RLIDFLKDV'],1,7,7,0,32.0,32.8,train,7
4654,['VMFRNASEY'],1,7,3,3,2.942857142857143,0.2,train,7
5310,['YSQGAFTPL'],1,7,1,1,1.1,0.4,train,7
4512,['TVLPLEFAR'],1,7,4,2,1.5714285714285714,1.0,train,7
1939,['IVKYKQYLK'],1,7,5,0,10.6,3.9,train,7
1655,['IASPILFPF'],1,7,6,0,3.8285714285714283,3.9,train,7
837,['FHHRIRCKL'],1,7,0,5,0.2285714285714286,0.0,train,7
3786,['RTGDIGCFK'],1,7,4,1,7.271428571428571,1.2,train,7
3052,['MTYSHHACR'],1,7,7,0,53.37142857142857,60.5,train,7
3820,['RVFGFRTAK'],1,7,5,0,44.800000000000004,50.4,train,7
4792,['VVHAWVLAR'],1,7,6,0,8.214285714285714,3.4,train,7
2909,['MMHEFFGPR'],1,7,4,0,5.785714285714286,3.5,train,7
352,['AVARPFFAK'],1,7,6,0,18.071428571428573,4.6,train,7
5391,['YYFSYPLFV'],1,7,4,1,8.514285714285714,7.0,train,7
444,['CQHHLILTL'],1,7,2,3,0.9285714285714286,0.4,train,7
754,['EVVDMLSTY'],1,7,6,0,15.814285714285713,14.7,train,7
1737,['ILIKCYYMF'],1,7,4,3,3.9571428571428577,1.6,train,7
3061,['MVGIVHFNK'],1,7,4,0,2.414285714285714,1.4,train,7
1925,['ITYGSVSWR'],1,7,5,1,10.257142857142856,8.3,train,7
1328,['GMATGFIGV'],1,7,0,7,0.0,0.0,train,7
142,['ALNTITNLK'],1,7,4,0,6.528571428571428,2.4,train,7
5058,['YIVGYFALM'],1,7,2,1,1.657142857142857,0.7,train,7
3846,['RVLPPFLSR'],1,7,4,2,11.528571428571427,1.7,train,7
591,['EIFPNIKIY'],1,7,0,3,0.2285714285714286,0.3,train,7
1111,['FSFGGFTFK'],1,7,6,0,12.171428571428569,12.4,train,7
2848,['MGFPSLATK'],1,7,2,5,7.285714285714286,0.0,train,7
692,['ETESVNSNY'],1,7,1,3,0.8285714285714285,0.3,train,7
348,['ATYGTAVNK'],1,7,6,0,33.55714285714286,4.4,train,7
4863,['WHWSNALLF'],1,7,1,5,1.2142857142857142,0.0,train,7
5168,['YMLMGFQLK'],1,7,0,1,0.3428571428571428,0.3,train,7
3453,['RIKEHMLKK'],1,7,5,2,26.557142857142857,6.5,train,7
2844,['MFVSRVPAK'],1,7,1,4,0.5428571428571428,0.0,train,7
4255,['SVYKIGFAR'],1,7,5,1,6.614285714285715,6.7,train,7
4764,['VTFQGKFKK'],1,7,5,1,14.899999999999997,5.6,train,7
1453,['GTLTKGVFK'],1,7,4,2,10.571428571428573,4.0,train,7
4357,['TLLGLILFV'],1,7,3,4,3.3,0.0,train,7
917,['FLLDKKIGV'],1,7,7,0,9.171428571428573,3.8,train,7
2382,['KVMDFGIAR'],1,7,6,0,25.071428571428573,8.9,train,7
4041,['SLNPYYQSY'],1,7,1,3,1.2428571428571427,0.6,train,7
359,['AVFDSFVER'],1,7,6,1,50.15714285714286,39.1,train,7
1716,['ILAAWLAPR'],1,7,4,1,10.000000000000002,12.1,train,7
4239,['SVHYKFVTK'],1,7,7,0,6.357142857142857,1.7,train,7
1889,['ITAALAWSL'],1,7,2,2,1.0571428571428574,0.5,train,7
5340,['YTLFVFTNK'],1,7,4,3,12.385714285714286,1.1,train,7
1711,['IISYFIFNR'],1,7,4,1,18.371428571428574,3.9,train,7
913,['FLKDVMESM'],1,7,4,0,2.4928571428571433,1.05,train,7
4421,['TQHFGWHAF'],1,7,2,0,2.028571428571429,0.3,train,7
2736,['LTIPTIMGR'],1,7,5,2,4.285714285714286,2.4,train,7
2553,['LLWNGPMAV'],1,7,7,0,22.771428571428572,17.6,train,7
10,['AANEIRISK'],1,7,2,2,1.442857142857143,0.4,train,7
1463,['GTYKRVTEK'],1,7,6,0,15.942857142857145,6.9,train,7
2108,['KLLKSWVSK'],1,7,3,2,9.385714285714286,0.7,train,7
2032,['KGFFRVFKK'],1,7,4,2,3.4285714285714293,3.1,train,7
3241,['QAYAAPQLF'],1,7,6,0,2.3857142857142857,1.4,train,7
738,['EVIEQWHSL'],1,7,5,1,4.485714285714286,2.0,train,7
1466,['GVALRSTYR'],1,7,5,1,15.528571428571427,3.3,train,7
390,['AVYSSSMVK'],1,7,4,1,23.45714285714286,1.0,train,7
5325,['YTFCRLNVK'],1,7,4,0,4.285714285714286,1.0,train,7
4062,['SLYKYLLLR'],1,7,3,1,1.2857142857142858,0.5,train,7
329,['ATLPLLCAR'],1,7,5,0,12.685714285714287,6.2,train,7
4193,['SSYRMGINK'],1,7,3,2,7.957142857142856,0.4,train,7
1333,['GMFSWNLAY'],1,7,3,0,2.0428571428571427,0.6,train,7
4819,['VYMDAVFEY'],1,7,6,0,16.685714285714287,8.3,train,7
2866,['MIRTWRQNK'],1,7,2,1,0.5571428571428572,0.5,train,7
3028,['MTMLIKAFK'],1,7,7,0,33.72857142857142,12.7,train,7
3430,['RFLEDYFGV'],1,7,0,2,0.24285714285714285,0.3,train,7
2573,['LMQGSTLPR'],1,7,3,2,2.414285714285714,0.5,train,7
4177,['SSKMFNYFK'],1,7,6,0,15.328571428571427,12.8,train,7
2332,['KTMVAFIRK'],1,7,5,1,19.800000000000004,5.3,train,7
4953,['WSQNPTMLY'],1,7,3,0,2.228571428571428,0.8,train,7
5384,['YWARATVEL'],1,7,1,2,0.41428571428571426,0.4,train,7
4466,['TTIFFRADK'],1,7,2,2,6.042857142857143,0.6,train,7
3507,['RLKTATYTF'],1,7,5,0,11.657142857142857,10.7,train,7
3502,['RLIPIFPFF'],1,7,5,0,9.642857142857144,4.0,train,7
2708,['LSHCWPWFK'],1,7,7,0,10.6,4.4,train,7
5375,['YVMLTFVAR'],1,7,4,3,5.057142857142857,1.0,train,7
4986,['YARNFLIPF'],1,7,4,2,2.7714285714285714,1.5,train,7
362,['AVFPRYHPR'],1,7,5,0,38.285714285714285,27.9,train,7
5186,['YMYQYIQEL'],1,7,3,1,4.871428571428571,0.3,train,7
2712,['LSMFVTNKK'],1,7,2,1,2.042857142857143,0.5,train,7
2898,['MLYDRINLR'],1,7,5,1,18.057142857142857,17.7,train,7
2219,['KQNHMQILK'],1,7,5,2,29.87142857142857,35.7,train,7
2762,['LVFTRAICK'],1,7,5,0,5.1,1.8,train,7
4202,['STFTRGAQK'],1,7,4,0,3.928571428571428,1.4,train,7
3031,['MTMRRRLFK'],1,7,7,0,23.38571428571429,19.0,train,7
2150,['KLYKMRIPR'],1,7,5,1,41.614285714285714,1.1,train,7
1848,['IRMEFQSVF'],1,7,4,1,5.185714285714285,1.4,train,7
770,['FAAWIQQTY'],1,7,5,1,2.6142857142857143,1.7,train,7
2081,['KLFDLHGRR'],1,7,2,3,3.6571428571428575,0.1,train,7
4469,['TTIPTNLFR'],1,7,3,2,4.785714285714286,0.7,train,7
5150,['YLYFCSSDV'],1,7,6,0,5.314285714285715,4.5,train,7
4796,['VVMQVKVPK'],1,7,6,0,24.500000000000004,8.8,train,7
4468,['TTILGLLPM'],1,7,0,3,0.2571428571428572,0.2,train,7
3072,['MVVKVNAAL'],1,7,2,3,1.4285714285714286,0.2,train,7
3522,['RLNWLTHLK'],1,7,5,2,24.085714285714285,10.6,train,7
3324,['QTYDWTLNR'],1,7,6,1,11.185714285714285,8.2,train,7
717,['ETVAIDRPA'],1,7,2,1,2.5714285714285707,0.4,train,7
3851,['RVPTVFHKK'],1,7,5,1,6.528571428571429,2.4,train,7
4079,['SMNPVCLPV'],1,7,7,0,10.028571428571428,10.9,train,7
114,['ALFAGDLYR'],1,7,5,1,6.671428571428572,3.7,test,7
5354,['YTWNGTQWV'],1,7,7,0,3.6857142857142855,2.4,train,7
2082,['KLFFQVIAK'],1,7,4,2,8.971428571428572,1.4,train,7
2444,['LAVSAYTPW'],1,7,5,1,5.828571428571428,1.4,val,7
1066,['FQRAIMNAM'],1,7,3,1,4.1,0.7,test,7
2839,['MFKNFPFFK'],1,7,4,1,5.442857142857143,2.2,train,7
4452,['TTAEFTVPK'],1,7,4,2,24.685714285714287,2.8,train,7
5279,['YRTATLRTL'],1,7,3,2,2.0142857142857147,0.8,test,7
2265,['KSAHGSPTF'],1,7,6,0,5.614285714285715,5.6,train,7
1470,['GVFAWVARR'],1,7,5,1,21.485714285714288,11.0,train,7
2838,['MFINDVHAL'],1,7,0,1,0.2785714285714286,0.3,train,7
116,['ALFDRPAFK'],1,7,6,0,28.071428571428566,4.2,train,7
2491,['LIAPRGYFK'],1,7,6,0,4.514285714285714,1.6,train,7
524,['DTFGVIDTM'],1,7,0,0,0.34285714285714286,0.3,train,7
2806,['MAMSNYLLR'],1,7,4,0,5.057142857142857,1.1,val,7
2733,['LTFLDCLYY'],1,7,2,0,1.5714285714285714,0.7,train,7
4276,['SYRNFSFSL'],1,7,5,0,2.871428571428571,1.2,train,7
4735,['VSGFISFFK'],1,7,2,2,2.814285714285714,0.6,train,7
956,['FLTQNFGPV'],1,7,7,0,10.414285714285715,2.4,train,7
2869,['MIYMGLWLK'],1,7,4,1,2.414285714285714,1.0,test,7
3191,['NTIRNAASF'],1,7,1,0,0.4142857142857142,0.3,train,7
3272,['QLLDFLLAY'],1,7,2,1,2.6,0.3,train,7
4496,['TVFYNIPPM'],1,7,1,3,0.34285714285714286,0.2,train,7
1707,['IINAHRIPK'],1,7,6,1,25.47142857142857,27.3,train,7
698,['ETIEDYLGY'],1,7,5,0,34.57142857142857,39.4,train,7
2999,['MSFSDTFEM'],1,7,6,1,4.8428571428571425,4.9,train,7
3763,['RSLVCLAPK'],1,7,4,2,7.628571428571428,1.3,val,7
4744,['VSMMIAMKK'],1,7,2,2,4.9071428571428575,0.3,train,7
3060,['MVFVELPSK'],1,7,1,2,0.6857142857142857,0.4,train,7
1597,['HSGFIYFGK'],1,7,1,4,0.9,0.0,train,7
863,['FILSGRFSY'],1,7,4,1,4.785714285714286,6.5,train,7
1484,['GVYTGSIGY'],1,7,3,1,5.685714285714285,0.5,test,7
4474,['TTMGWLFLK'],1,7,6,0,29.314285714285713,34.6,train,7
391,['AVYSTFLHR'],1,7,6,0,25.400000000000002,21.1,train,7
3884,['RVYPSQVGR'],1,7,6,1,22.25714285714286,6.1,train,7
3993,['SINDPRWGR'],1,7,3,2,4.257142857142857,0.7,val,7
646,['EMFIIKYFK'],1,7,1,2,1.5428571428571427,0.6,train,7
4658,['VMLQIPFYK'],1,7,3,1,2.942857142857143,0.9,train,7
2734,['LTFLHTLYK'],1,7,4,0,23.728571428571424,11.7,test,7
975,['FMIDWILDA'],1,7,6,0,11.971428571428572,11.1,train,7
2558,['LMAEDLANV'],1,7,7,0,21.471428571428568,21.9,train,7
4235,['SVFSRPLPL'],1,6,1,2,0.4000000000000001,0.25,train,6
1965,['IYPEWYFLW'],1,6,5,1,22.516666666666666,30.8,train,6
33,['AEHFENQVL'],1,6,3,1,2.2833333333333337,0.8,test,6
747,['EVNAHIHTM'],1,6,5,0,7.783333333333334,2.95,train,6
1611,['HTLESPVEF'],1,6,3,0,2.15,0.8999999999999999,val,6
1616,['HTTKGAALM'],1,6,1,1,0.4666666666666666,0.3,train,6
5267,['YRKPSGGVF'],1,6,1,0,1.05,0.7,train,6
1344,['GMNDHNFFV'],1,6,5,1,13.316666666666668,15.3,train,6
5387,['YWMGGTTYF'],1,6,4,1,10.166666666666666,12.05,train,6
1183,['FVRNPFFAV'],1,6,1,3,0.3,0.1,train,6
4755,['VSWKPWSSK'],1,6,3,1,3.733333333333333,1.2000000000000002,test,6
1158,['FVADYLARF'],1,6,5,0,10.25,1.5499999999999998,train,6
4528,['TWIRIWSVL'],1,6,1,2,0.4333333333333333,0.3,train,6
1871,['ISLICGHSY'],1,6,6,0,2.65,2.7,train,6
544,['DVVPMVTQM'],1,6,3,0,3.9166666666666665,2.1,val,6
4535,['TYLALMATF'],1,6,5,1,24.5,26.35,train,6
2751,['LTVKHMANV'],1,6,1,2,0.3333333333333333,0.2,train,6
1961,['IYLNEVNTF'],1,6,5,0,16.983333333333334,17.75,train,6
3048,['MTTTANWLW'],1,6,5,0,7.316666666666666,5.9,train,6
401,['AYGENFEFW'],1,6,5,1,24.28333333333333,28.95,train,6
4264,['SYGFRLGFL'],1,6,0,1,0.2333333333333333,0.2,train,6
5312,['YSRPWNWTF'],1,6,3,0,2.0666666666666664,2.05,test,6
4453,['TTAKAMEQM'],1,6,2,0,1.4666666666666668,0.3,train,6
746,['EVMTAVGLM'],1,6,6,0,27.283333333333335,26.700000000000003,train,6
333,['ATNNLGFMY'],1,6,3,1,5.316666666666666,1.5999999999999999,val,6
497,['DIVKGLSGY'],1,6,2,2,0.6833333333333332,0.55,train,6
5298,['YSGNIVHRY'],1,6,2,1,1.1166666666666667,0.75,train,6
2440,['LASIAGHHF'],1,6,4,0,1.2166666666666668,1.1,val,6
599,['EIKDRILSY'],1,6,5,0,22.25,19.9,train,6
4575,['VFSPFGYSF'],1,6,5,0,18.816666666666666,22.15,train,6
3204,['NYPASLHKF'],1,6,4,1,12.5,10.0,test,6
2715,['LSNFMLWQF'],1,6,5,0,4.433333333333334,4.05,train,6
5122,['YLNKIQNSL'],1,6,2,2,1.5,0.35,test,6
4903,['WMRGRGRAL'],1,6,1,4,0.4083333333333334,0.0,train,6
1962,['IYLPIVHPF'],1,6,6,0,36.550000000000004,38.3,train,6
2399,['KWYKYPWRF'],1,6,4,0,12.933333333333335,15.700000000000001,train,6
4272,['SYLTVHQMI'],1,6,5,0,22.891666666666666,25.325000000000003,train,6
4325,['TIINSSLHY'],1,6,1,1,1.4666666666666668,0.5,train,6
1971,['IYTVIYYIF'],1,6,5,0,12.0,6.15,train,6
1876,['ISPRNYFTF'],1,6,5,1,5.583333333333333,5.0,train,6
2662,['LQALSNLIL'],1,6,3,1,1.8833333333333335,1.1,val,6
3094,['NEALAAAGL'],1,6,2,2,1.1666666666666667,0.6499999999999999,val,6
1618,['HVAAFSSLI'],1,6,0,0,0.5833333333333333,0.6,train,6
4758,['VTDPGGLYY'],1,6,2,2,21.133333333333333,0.25,train,6
1652,['IARISALGF'],1,6,2,2,0.9333333333333332,0.5,train,6
625,['ELILDRGYY'],1,6,2,2,0.6166666666666667,0.5,train,6
2784,['LYKSGLFQF'],1,6,4,1,7.5,5.2,test,6
3896,['RYFTVAFLF'],1,6,5,0,23.99166666666667,27.700000000000003,train,6
1617,['HTVGLGQGY'],1,6,3,0,2.3833333333333333,0.9,test,6
4522,['TVSPSAPTY'],1,6,2,0,3.133333333333333,0.55,train,6
3023,['MTGGVTLVR'],1,6,2,1,12.733333333333336,0.5,train,6
1954,['IYAYADDYW'],1,6,4,2,1.5833333333333333,1.4500000000000002,val,6
2843,['MFVSNRWFL'],1,6,4,1,1.8499999999999996,1.45,train,6
2288,['KSLTTTMQF'],1,6,5,0,5.366666666666667,5.1,train,6
3910,['RYPRSVLTF'],1,6,5,0,15.358333333333334,14.075,train,6
4663,['VMPLLVWLF'],1,6,4,0,12.316666666666668,14.65,train,6
339,['ATQPVHWFL'],1,6,3,0,1.2999999999999998,0.75,val,6
4179,['SSMNSDAAY'],1,6,1,2,2.05,0.30000000000000004,train,6
5407,['YYVWMVQFF'],1,6,4,1,19.366666666666667,19.2,train,6
4905,['WMSNGTWNY'],1,6,2,1,2.5666666666666664,0.2,train,6
733,['EVFFGLSRY'],1,6,6,0,10.166666666666668,6.9,train,6
605,['EIPQFMIGL'],1,6,1,1,0.48333333333333334,0.35,train,6
527,['DTIYPTAIY'],1,6,5,0,4.416666666666667,2.55,train,6
1964,['IYNTVVLTI'],1,6,4,1,1.8499999999999999,1.7,test,6
2406,['KYLFSPNML'],1,6,5,0,11.733333333333334,10.05,train,6
1194,['FYFNWNTPI'],1,6,6,0,16.633333333333336,15.8,train,6
718,['ETVEWALKF'],1,6,3,0,3.5499999999999994,1.95,val,6
2282,['KSIPADLVF'],1,6,6,0,6.75,6.3,train,6
1630,['HYANFHNYF'],1,6,5,0,23.874999999999996,31.5,train,6
2622,['LPLNRAYPL'],1,6,3,0,2.033333333333333,1.4,test,6
4245,['SVMPAWQEK'],1,6,3,0,15.816666666666668,1.05,val,6
2029,['KFRRFTQAI'],1,6,0,0,0.4333333333333333,0.3,train,6
4808,['VVYIILAPK'],1,6,2,2,7.433333333333333,0.65,test,6
757,['EVVQFMNSM'],1,6,5,0,7.933333333333334,9.05,train,6
596,['EIINNITAV'],1,6,3,2,4.28,1.79,test,6
1454,['GTMHQEIFR'],1,6,4,1,13.266666666666667,8.85,val,6
2973,['MQLSRLTLR'],1,6,4,1,20.95,14.95,train,6
2876,['MLASIDLKY'],1,6,3,0,3.733333333333333,2.45,train,6
3942,['SEFWLNYTA'],1,6,3,0,2.75,2.3000000000000003,train,6
195,['AMRWGHLPL'],1,6,2,3,1.4666666666666668,0.15,train,6
4026,['SLICGAALY'],1,6,2,1,1.3,0.5,train,6
3968,['SFMQEIPTF'],1,6,4,1,12.683333333333335,11.2,train,6
4356,['TLLESFLFY'],1,6,2,1,4.733333333333333,0.5,train,6
2417,['KYYNDILKL'],1,6,4,0,2.6833333333333336,2.75,train,6
2845,['MFWKLPPWL'],1,6,1,1,0.5499999999999999,0.2,train,6
4262,['SYFPDSNNV'],1,6,2,1,0.6833333333333335,0.65,train,6
756,['EVVPGDYPM'],1,6,3,1,2.7166666666666672,1.1,train,6
3346,['QYTRNSFYI'],1,6,5,1,8.666666666666666,11.2,train,6
2794,['LYVAGVPEL'],1,6,4,0,7.666666666666668,3.35,train,6
4854,['WFMTWQPNI'],1,6,2,1,1.0999999999999999,0.65,train,6
4763,['VTFGARASF'],1,6,3,0,1.9833333333333334,1.25,test,6
1052,['FQAQNIAGL'],1,6,3,1,2.191666666666667,1.175,val,6
568,['EEMPLVWDL'],1,6,2,2,3.2999999999999994,0.55,train,6
1684,['IFIYSFFTW'],1,6,4,0,7.375,6.725,train,6
4557,['VEIGLGMPF'],1,6,4,2,2.9916666666666667,1.6749999999999998,train,6
3493,['RLFFKCIYR'],1,6,5,0,28.633333333333336,4.9,train,6
4524,['TVWNRLIAR'],1,6,3,1,19.766666666666666,3.4000000000000004,test,6
4537,['TYLSSSLFL'],1,6,4,1,9.866666666666665,8.0,train,6
4772,['VTLFSNLGY'],1,6,1,2,0.2833333333333334,0.1,train,6
701,['ETIGLVRAL'],1,6,5,0,14.383333333333333,8.55,train,6
2232,['KREEHYIVL'],1,6,3,2,2.5833333333333335,1.6,val,6
535,['DTVNRTHQY'],1,6,4,0,2.9450000000000003,1.2000000000000002,train,6
5256,['YREAGIPVL'],1,6,1,3,1.05,0.3,train,6
5386,['YWLNTPFLV'],1,6,4,1,4.266666666666667,2.8499999999999996,train,6
604,['EIPGSPGSY'],1,6,1,4,0.2833333333333334,0.0,train,6
5396,['YYKDDISYF'],1,6,4,1,11.483333333333334,11.850000000000001,train,6
4279,['SYVFNFHKY'],1,6,2,2,0.7333333333333333,0.55,train,6
2789,['LYQKNIEHF'],1,6,5,1,9.516666666666667,6.199999999999999,train,6
2549,['LLRRRPYPL'],1,6,0,1,0.3499999999999999,0.25,train,6
4536,['TYLQSLASL'],1,6,4,0,7.95,5.55,train,6
3819,['RVFDKADGK'],1,6,3,1,9.283333333333333,2.3,val,6
2263,['KSAAIDGEY'],1,6,4,0,4.8,3.15,test,6
360,['AVFEIFFRK'],1,6,5,0,15.5,4.0,train,6
4517,['TVNPIVTEK'],1,6,6,0,4.833333333333333,2.45,train,6
3336,['QWALLPYLF'],1,6,4,0,9.950000000000001,12.65,train,6
5054,['YISPIFIPM'],1,6,3,0,2.283333333333333,0.95,val,6
2414,['KYTHFFSGF'],1,6,5,0,28.83333333333334,37.099999999999994,train,6
1894,['ITCVVIPSK'],1,6,2,3,6.866666666666667,0.25,test,6
4523,['TVVPLMAFL'],1,6,0,0,0.3166666666666667,0.3,train,6
1966,['IYPFHVQKI'],1,6,4,1,6.041666666666667,3.35,train,6
643,['ELYPTVNTY'],1,6,2,1,1.2166666666666666,0.8,train,6
622,['ELIEAITGL'],1,6,4,0,4.933333333333334,4.65,train,6
755,['EVVGSYIRY'],1,6,4,1,6.8,7.35,test,6
518,['DSIMLTATF'],1,6,1,3,0.3666666666666667,0.2,train,6
4266,['SYINRTGTF'],1,6,5,0,18.083333333333332,19.6,train,6
744,['EVLKAMSLY'],1,6,3,1,3.4499999999999997,1.7,val,6
4477,['TTPAVISGF'],1,6,3,0,2.2333333333333334,0.95,train,6
783,['FAMTVPLLI'],1,6,4,0,1.6166666666666665,1.7,train,6
2407,['KYLLNVSYL'],1,6,6,0,15.316666666666665,14.75,train,6
325,['ATIWQLLAF'],1,6,3,2,2.8000000000000003,1.05,test,6
1196,['FYIPLMTRL'],1,6,4,1,13.716666666666669,9.3,train,6
5406,['YYVMGGAFL'],1,6,4,1,3.5666666666666664,3.5,train,6
4127,['SQIRRFNLR'],1,6,2,3,6.216666666666666,0.4,train,6
1123,['FTAYYLILA'],1,6,6,0,2.716666666666667,2.3,train,6
1629,['HWMDATFNI'],1,6,5,0,8.049999999999999,7.85,train,6
3917,['RYSNFAWYF'],1,6,6,0,25.799999999999997,33.099999999999994,train,6
611,['EIYRTLYGL'],1,6,0,4,0.05000000000000001,0.0,train,6
576,['EFIYWDWLY'],1,6,0,3,0.09999999999999999,0.05,train,6
3906,['RYNCKCCWF'],1,6,4,0,2.6,2.1500000000000004,val,6
3922,['RYYLSFFHI'],1,6,5,0,21.416666666666668,24.45,train,6
543,['DVSPLMHLF'],1,6,2,2,2.8333333333333335,0.5,val,6
725,['EVAESVMFM'],1,6,5,0,21.416666666666668,18.35,train,6
3899,['RYKSRCYIF'],1,6,6,0,14.233333333333334,14.350000000000001,train,6
1497,['GYQHKTLAI'],1,6,1,3,0.3,0.2,train,6
3904,['RYMSKTYNF'],1,6,6,0,40.71666666666667,39.7,train,6
3908,['RYPGVMYAF'],1,6,5,0,25.75,33.05,test,6
256,['AQIGVIGVF'],1,6,3,2,5.033333333333334,2.4499999999999997,val,6
81,['AIARGFHFY'],1,6,3,1,3.6666666666666674,1.0,train,6
5128,['YLQAKSQVL'],1,6,2,2,0.9416666666666668,0.675,test,6
1207,['FYRNISDPL'],1,6,2,0,0.7083333333333334,0.725,test,6
299,['ASSAFSGLF'],1,6,4,0,2.8000000000000003,2.7,val,6
1556,['HMMKRMSYR'],1,6,3,0,42.4,41.1,train,6
1932,['IVFAFHFYR'],1,6,5,1,13.816666666666665,14.1,train,6
3424,['REVLNVRYM'],1,6,2,1,4.2,0.55,train,6
5394,['YYHDYFNLI'],1,6,4,0,20.358333333333334,25.775,train,6
3909,['RYPIDPFLL'],1,6,4,2,3.4166666666666674,1.7,train,6
678,['ESFDLAGLF'],1,6,2,0,0.4833333333333334,0.2,train,6
2021,['KEVSGVKGF'],1,6,2,3,1.9166666666666667,0.3,train,6
4866,['WILTHTLYR'],1,6,1,4,0.3166666666666667,0.0,train,6
2780,['LYGLITEQF'],1,6,4,2,27.55,28.25,train,6
3334,['QVVEHLNRM'],1,6,3,3,7.1000000000000005,0.75,test,6
3901,['RYLVKTESW'],1,6,5,1,28.483333333333334,35.2,train,6
1952,['IYAAISYMI'],1,6,5,0,14.583333333333334,17.95,train,6
3203,['NYNGLLSSI'],1,6,4,1,2.6999999999999997,3.2,train,6
4303,['TFAWASFLW'],1,6,4,0,14.549999999999999,12.1,val,6
700,['ETIFTVLAL'],1,6,4,0,3.5500000000000003,3.3,test,6
4539,['TYMFTHIDL'],1,6,1,2,0.5833333333333334,0.4,train,6
1490,['GYAWIDFDI'],1,6,3,1,4.083333333333333,2.65,train,6
729,['EVCQATSQY'],1,6,5,1,12.866666666666667,14.95,train,6
3248,['QEPGIFCAI'],1,6,2,2,1.3499999999999999,0.6,val,6
2380,['KVLSHGWAY'],1,6,4,1,4.8,3.55,train,6
2801,['MALVAFLRF'],1,6,3,3,1.6333333333333335,0.55,val,6
4270,['SYLQAIGIL'],1,6,4,0,4.7,5.65,train,6
4825,['VYYIVVRDF'],1,6,2,1,0.6583333333333333,0.35,train,6
979,['FMKSRVYSI'],1,6,1,2,0.5333333333333333,0.6,train,6
3926,['SAIENYETF'],1,6,4,0,2.716666666666667,2.3,train,6
1787,['IMPRDSWLI'],1,6,4,2,10.275,12.575,train,6
532,['DTTTDISKY'],1,6,3,3,1.4166666666666667,0.5,test,6
1683,['IFISANNQW'],1,6,4,1,3.7833333333333337,3.1,train,6
5283,['YRWVNLASF'],1,6,3,0,2.716666666666667,1.0,train,6
3199,['NYFNRMFHF'],1,6,6,0,16.900000000000002,15.65,train,6
4588,['VIWAASGFY'],1,6,3,1,2.466666666666667,0.65,val,6
2413,['KYQSPVNIF'],1,6,5,1,7.908333333333332,7.375,train,6
2307,['KSYQIDLDF'],1,6,6,0,4.533333333333332,3.5500000000000003,train,6
2267,['KSAQFPFHF'],1,6,4,0,6.383333333333333,5.65,test,6
4857,['WFSSGLWPF'],1,6,3,1,1.0833333333333333,0.85,val,6
1967,['IYPGVNHGF'],1,6,4,0,6.75,4.1,train,6
3842,['RVLDTVEKW'],1,6,5,0,27.71666666666667,12.2,train,6
2274,['KSFFLMSAM'],1,6,3,3,1.7833333333333332,1.15,train,6
4794,['VVLDLFARK'],1,6,4,1,14.116666666666667,1.45,train,6
531,['DTRGIFSAY'],1,6,5,0,2.533333333333333,1.7000000000000002,train,6
3892,['RYAYTSVEF'],1,6,5,0,8.0,7.5,train,6
2792,['LYSRSFWFF'],1,6,5,0,17.825,22.65,train,6
528,['DTLKVCIGY'],1,6,3,3,0.65,0.55,val,6
2470,['LESAIGLPM'],1,6,3,2,2.75,0.9,test,6
3017,['MTDAIRTLK'],1,6,4,2,2.466666666666667,2.45,val,6
4677,['VPAMFTAAL'],1,6,1,3,0.6999999999999998,0.15,test,6
3911,['RYQAQQVEW'],1,6,5,1,18.26666666666667,5.7,train,6
3895,['RYFSVTRPL'],1,6,4,0,12.983333333333334,8.35,test,6
5404,['YYSNKVFPI'],1,6,6,0,16.78333333333333,18.15,train,6
1974,['IYYWTAWLI'],1,6,5,1,12.483333333333334,14.200000000000001,train,6
3905,['RYMYIYLFI'],1,6,5,0,17.158333333333335,16.424999999999997,train,6
2028,['KFLDWMIFI'],1,6,3,0,3.0833333333333335,1.95,test,6
1775,['IMANRAQVL'],1,6,1,2,0.8583333333333333,0.25,train,6
4538,['TYLYNKYSF'],1,6,5,0,13.216666666666669,12.35,train,6
4815,['VYAPAGVEL'],1,6,4,1,2.65,2.4,val,6
541,['DVSEWDAVY'],1,6,2,0,0.5833333333333334,0.3,val,6
3414,['RENGGYWLL'],1,6,2,0,2.1,0.4,train,6
3049,['MTVDEVEDY'],1,6,1,4,0.39999999999999997,0.0,train,6
4506,['TVIYRGTTF'],1,6,2,2,0.7833333333333333,0.2,train,6
3918,['RYTRRISLF'],1,6,5,0,17.88333333333333,15.25,train,6
597,['EIIPKIKAY'],1,6,4,1,22.650000000000002,22.950000000000003,test,6
685,['ESTINLLPY'],1,6,2,1,0.7166666666666667,0.44999999999999996,train,6
3113,['NFWLNTLLF'],1,6,4,1,3.616666666666667,3.45,train,6
1688,['IFQKISFFW'],1,6,5,1,7.25,7.3,train,6
521,['DTAKAFAYL'],1,6,3,1,1.8666666666666665,0.8999999999999999,val,6
1882,['ISTHIGFSF'],1,6,3,0,3.1166666666666667,3.1,train,6
3888,['RWFDNNHDL'],1,6,1,1,0.6499999999999999,0.3,train,6
4259,['SWLYNYFVF'],1,6,4,0,5.116666666666666,5.5,train,6
5369,['YVILVGAAF'],1,6,0,6,0.0,0.0,train,6
2415,['KYYIYRLYF'],1,6,5,0,10.683333333333332,12.0,train,6
5177,['YMRERLSDF'],1,6,4,1,2.566666666666667,1.05,train,6
407,['AYQPTRWFI'],1,6,5,0,7.283333333333332,7.45,train,6
3755,['RSFRIHILF'],1,6,5,0,4.8500000000000005,3.7,train,6
855,['FIFFFLFNI'],1,6,3,2,1.4833333333333334,0.65,test,6
3903,['RYMRVYNLW'],1,6,5,0,18.55,20.35,train,6
1948,['IWATVVPNF'],1,6,4,0,7.116666666666667,5.050000000000001,train,6
5180,['YMSPHHKKL'],1,6,2,2,3.133333333333333,0.35,test,6
702,['ETIVLLRAF'],1,6,3,2,15.533333333333333,2.25,val,6
464,['CVNDGGLFY'],1,6,1,1,0.48333333333333334,0.35,train,6
2293,['KSNRIPFLY'],1,6,3,0,2.9333333333333336,0.8500000000000001,val,6
3253,['QFMEGIYKL'],1,6,2,1,0.8166666666666665,0.9,train,6
421,['CEWPLTHTI'],1,6,2,1,3.5833333333333326,0.675,train,6
1638,['IAASNLEQF'],1,6,5,0,2.183333333333333,2.4,train,6
4820,['VYQRGTHPF'],1,6,5,0,13.833333333333336,11.9,train,6
399,['AYFATPASV'],1,6,3,0,1.4333333333333336,1.0,test,6
1950,['IWGGTSFLF'],1,6,4,1,17.275000000000002,21.75,train,6
689,['ETATSLAHV'],1,6,4,1,5.483333333333333,1.65,train,6
1953,['IYASRPLDF'],1,6,4,1,7.3,6.1499999999999995,test,6
542,['DVSPILEAY'],1,6,2,1,4.733333333333333,0.7,train,6
1805,['IPKRNRSIL'],1,6,1,2,1.1166666666666667,0.2,train,6
2001,['KAYSEAETF'],1,6,5,0,7.8500000000000005,6.8999999999999995,train,6
593,['EIIELTRTL'],1,6,2,2,0.48333333333333334,0.2,train,6
3434,['RFTPVKHEL'],1,6,4,1,8.55,6.35,train,6
3464,['RIYRKGNPL'],1,6,2,2,0.75,0.35,train,6
3921,['RYWYFAAEL'],1,6,5,0,6.333333333333333,6.2,train,6
4172,['SSEQTFMYY'],1,6,1,0,2.783333333333333,0.4,train,6
1601,['HSNSEYLMF'],1,6,4,1,1.3,1.3,train,6
3758,['RSIPVNEAL'],1,6,4,0,2.1666666666666665,1.7,val,6
1494,['GYLEGTRTL'],1,6,1,2,0.5833333333333334,0.35,train,6
2401,['KYAKFFQNF'],1,6,5,0,38.90833333333334,36.875,train,6
2196,['KPTHISYVM'],1,6,4,0,4.216666666666667,4.3,train,6
5314,['YSSPHLLRY'],1,6,2,1,4.283333333333333,0.45,val,6
4895,['WMIKETACL'],1,6,3,2,1.5166666666666666,1.2,test,6
5395,['YYIIETEHL'],1,6,5,1,8.65,5.2,train,6
5001,['YERGNIIIF'],1,6,2,2,1.3666666666666665,0.45,train,6
2578,['LMSGKDVFY'],1,6,1,2,1.2,0.25,train,6
4273,['SYMSTFPLF'],1,6,6,0,39.324999999999996,44.575,train,6
2359,['KVATIFTSR'],1,6,5,1,18.683333333333334,8.75,train,6
469,['CYSRPLVSF'],1,6,4,0,2.1249999999999996,2.35,train,6
323,['ATIGTAMYK'],1,6,3,1,21.5,7.8,test,6
4025,['SLHYFTSKY'],1,6,2,2,0.9499999999999998,0.35,train,6
2830,['MEVGNTVAF'],1,6,4,2,3.6166666666666667,3.55,val,6
3891,['RWLPLVSLF'],1,6,5,0,13.408333333333331,11.775,train,6
1440,['GTFDLGGLY'],1,6,4,2,3.4666666666666663,3.8,train,6
4999,['YEKKLALYL'],1,6,2,2,4.458333333333333,0.625,train,6
3018,['MTDKICWLY'],1,6,3,0,8.016666666666666,3.85,test,6
687,['ETAEAMHAS'],1,6,1,1,0.75,0.5,train,6
1112,['FSIMIYFTF'],1,6,2,4,0.5,0.0,train,6
3232,['PYMSALFWI'],1,6,4,1,7.241666666666667,4.7,train,6
1608,['HTFTAPIAK'],1,6,4,0,9.883333333333333,8.15,train,6
2791,['LYSFALMLI'],1,6,3,1,1.866666666666667,0.95,train,6
3485,['RLAVENLLY'],1,6,4,1,3.516666666666666,3.6500000000000004,train,6
2358,['KVARSLLDY'],1,6,3,0,2.6,0.9500000000000001,val,6
307,['ASYRLCLYR'],1,6,3,1,6.95,1.9500000000000002,test,6
3954,['SEQGEFKLL'],1,6,3,2,3.6333333333333333,0.8500000000000001,train,6
3793,['RTLDTLALY'],1,6,4,0,9.066666666666666,4.1,train,6
4823,['VYTNAIQYV'],1,6,4,1,5.05,2.5,train,6
3347,['RAAEMDYIM'],1,6,6,0,5.666666666666667,4.85,train,6
1280,['GLFNYFFGK'],1,6,3,1,11.283333333333333,0.65,val,6
1628,['HWLKVWFEW'],1,6,5,1,6.683333333333333,7.8,train,6
3919,['RYVGLYLPF'],1,6,5,0,23.666666666666668,23.7,train,6
4894,['WMIHTLEAL'],1,6,3,1,2.5833333333333335,2.6999999999999997,test,6
5182,['YMWECPDFF'],1,6,0,1,0.3166666666666667,0.3,train,6
2799,['MAGCGYLMF'],1,6,2,1,0.7916666666666666,0.35,train,6
4482,['TTVDHMAII'],1,6,1,2,1.4166666666666667,0.15000000000000002,train,6
4561,['VEKWLACGV'],1,6,1,1,1.5833333333333333,0.5,train,6
1441,['GTFEFTSFF'],1,6,5,0,3.6833333333333336,2.2,train,6
4743,['VSMDQLASY'],1,6,2,1,2.4,0.30000000000000004,train,6
403,['AYINWGFGI'],1,6,5,0,9.6,8.95,train,6
5383,['YVYPDNLPR'],1,6,3,1,3.4666666666666672,1.05,val,6
749,['EVPAQYLTY'],1,6,4,1,8.9,5.9,train,6
3914,['RYRRLIQIL'],1,6,2,0,1.091666666666667,0.7250000000000001,train,6
3198,['NVTEDLASM'],1,6,1,3,0.5166666666666666,0.15,train,6
5388,['YWPTEGYEF'],1,6,4,2,10.633333333333333,12.15,train,6
1951,['IWIKLSYLW'],1,6,5,0,11.883333333333335,13.3,train,6
1109,['FSFFMNENF'],1,6,5,0,2.4333333333333336,1.6,train,6
5100,['YLINGRIPV'],1,6,6,0,13.5,7.699999999999999,train,6
5393,['YYGRWVHEF'],1,6,5,0,26.291666666666668,26.875,train,6
3003,['MSNPLTSPI'],1,6,3,1,1.5999999999999999,1.35,test,6
526,['DTITNVTTM'],1,6,3,0,4.75,3.5999999999999996,val,6
1963,['IYLRRYFEI'],1,6,5,0,13.541666666666666,16.15,train,6
3380,['RAVGLSTSF'],1,6,2,2,1.3166666666666667,0.44999999999999996,val,6
5146,['YLWFKRHVY'],1,6,2,2,0.8833333333333332,0.75,train,6
3233,['PYPYLFYKF'],1,6,4,1,18.425,21.725,test,6
20,['AAYVLPLHR'],1,6,2,2,5.0,0.35,train,6
5402,['YYQIRDMPW'],1,6,1,1,1.5333333333333332,0.55,train,6
737,['EVHYSGINY'],1,6,5,0,8.033333333333333,5.45,train,6
3747,['RRYQKSTEL'],1,6,4,1,8.383333333333333,4.6,val,6
3341,['QYQNEINYL'],1,6,5,0,5.45,5.4,train,6
2353,['KTYAPLAFR'],1,6,4,1,18.416666666666664,8.65,train,6
3395,['RECGARVIL'],1,6,3,2,1.25,0.8500000000000001,test,6
2412,['KYNSHHFTF'],1,6,5,0,46.91666666666666,45.05,train,6
4817,['VYFVLTDRF'],1,6,4,1,11.4,11.1,train,6
588,['EIAQHGAWY'],1,6,3,0,1.1166666666666667,0.9,val,6
2403,['KYFIPVIEI'],1,6,5,1,7.033333333333334,8.1,train,6
2400,['KYAEAFQMV'],1,6,4,0,10.733333333333334,8.55,train,6
4619,['VLNGAPYSY'],1,6,3,1,2.766666666666667,1.3,test,6
4837,['WASIVPHTW'],1,6,3,0,1.8333333333333333,0.8,test,6
3930,['SARRRHLVF'],1,6,1,3,0.5333333333333333,0.2,train,6
3972,['SFYVNRGFK'],1,6,2,1,6.2,0.45,train,6
3160,['NQLYLTVSF'],1,6,1,4,0.8166666666666668,0.0,train,6
2030,['KFVAGAMNI'],1,6,2,1,0.9166666666666666,0.6499999999999999,train,6
1914,['ITQNNCYSF'],1,6,4,1,1.7666666666666666,2.05,train,6
2800,['MALATGLWW'],1,6,4,0,4.1000000000000005,3.7,train,6
3401,['REIGDISYL'],1,6,2,3,1.7000000000000002,0.15,train,6
1868,['ISIPRSVGF'],1,6,6,0,3.2000000000000006,2.75,train,6
704,['ETKKRMDYF'],1,6,4,0,12.983333333333334,7.2,val,6
4200,['STFDLYVYR'],1,6,5,0,24.366666666666664,28.75,train,6
1521,['HFKKRFSTL'],1,6,1,2,0.9416666666666668,0.35,train,6
3642,['RQFVSNNGK'],1,6,2,3,2.2,0.45,train,6
3894,['RYEFTAPFI'],1,6,2,2,1.0666666666666667,0.65,train,6
5233,['YQHLHTAPK'],1,6,3,2,1.8833333333333335,0.85,train,6
4540,['TYQVYRYII'],1,6,5,0,4.216666666666668,3.05,train,6
750,['EVREFLGSY'],1,6,4,0,9.366666666666665,6.95,train,6
3363,['RAMDTYHRW'],1,6,5,0,9.316666666666668,8.7,train,6
4486,['TVAEHFHWM'],1,6,3,0,1.0999999999999999,0.8,test,6
609,['EIVAEYITY'],1,6,3,1,1.8833333333333335,0.85,val,6
4263,['SYGCPTNPF'],1,6,3,0,7.3999999999999995,4.550000000000001,test,6
74,['AFYWHFIFR'],1,6,2,3,3.733333333333333,0.35,train,6
2761,['LVFLGPGLY'],1,6,3,2,4.433333333333334,2.65,train,6
1308,['GLRWHVRAF'],1,6,1,3,0.45,0.05,train,6
914,['FLKNRFEAL'],1,6,3,2,1.4000000000000001,0.8,train,6
943,['FLRGRAYGL'],1,6,0,2,0.23333333333333336,0.2,train,6
4277,['SYSTPALTL'],1,6,4,1,1.9166666666666667,1.4,train,6
3079,['MYIFLPVML'],1,6,4,1,7.283333333333332,4.1,train,6
4064,['SLYPPCLFK'],1,6,3,2,22.716666666666665,8.600000000000001,train,6
4967,['WYAPVALLF'],1,6,4,1,18.566666666666666,22.05,train,6
341,['ATSGYRIAY'],1,6,2,1,1.3499999999999999,0.6499999999999999,train,6
3432,['RFNNLTVYF'],1,6,4,1,2.9,3.05,train,6
4774,['VTLTHPITK'],1,6,3,3,13.966666666666667,1.8,val,6
4021,['SLFTEQAFY'],1,6,2,1,1.4833333333333334,0.44999999999999996,train,6
3030,['MTMPLSCTK'],1,6,6,0,14.366666666666667,8.3,train,6
1205,['FYPPVLQPI'],1,6,4,1,9.549999999999999,7.75,train,6
603,['EIPDVLNSL'],1,6,2,0,0.5833333333333334,0.35,train,6
4451,['TTADHMHML'],1,6,2,0,0.6666666666666669,0.65,train,6
3281,['QMKRRILSF'],1,6,2,3,1.7000000000000002,0.2,train,6
2443,['LAVMGDAAW'],1,6,5,1,6.633333333333333,6.8,train,6
2349,['KTVRYWHRF'],1,6,4,0,4.499999999999999,4.1,train,6
3205,['NYYAPRIQF'],1,6,4,0,4.716666666666667,3.85,test,6
1857,['ISASLAALF'],1,6,5,0,4.333333333333333,5.1,train,6
1120,['FSYNVAYAI'],1,6,2,0,1.2166666666666666,0.7,val,6
1342,['GMMGGLWKY'],1,6,3,1,1.5333333333333332,0.75,train,6
1619,['HVCYFSHPY'],1,6,5,0,4.1,2.55,train,6
2026,['KFIILLTSF'],1,6,3,1,3.366666666666667,1.65,train,6
2397,['KWGKKIILF'],1,6,2,1,1.25,0.75,test,6
2324,['KTHIHIFSF'],1,6,5,0,3.983333333333334,3.0,train,6
1975,['KAAETYHVF'],1,6,5,0,6.883333333333333,7.3,val,6
3086,['MYTRNLLWL'],1,6,4,1,6.766666666666666,6.800000000000001,train,6
4621,['VLNHYTPEY'],1,6,5,0,4.116666666666666,1.7000000000000002,train,6
525,['DTIKTLPPI'],1,6,4,1,1.9166666666666667,1.4,test,6
2055,['KIMDYGKYK'],1,6,5,1,11.700000000000001,4.25,train,6
2393,['KVYKTYFEK'],1,6,4,1,17.583333333333332,12.0,train,6
3900,['RYLNIYQLW'],1,6,5,0,44.583333333333336,43.099999999999994,train,6
4530,['TYFEEPAAF'],1,6,4,1,12.166666666666666,7.95,train,6
1077,['FRAPNTREL'],1,6,4,2,9.033333333333333,3.05,train,6
4571,['VFFKQWFEK'],1,6,0,2,0.16666666666666666,0.2,train,6
1633,['HYMLKHLVW'],1,6,5,1,19.216666666666665,22.55,train,6
255,['AQIGIFAPV'],1,6,4,0,5.416666666666665,4.2,val,6
1581,['HQFTSNPEV'],1,6,2,2,0.9,0.4,test,6
3775,['RSYMSFWCK'],1,6,5,0,10.016666666666666,4.6,train,6
2783,['LYILGLFKF'],1,6,4,2,15.066666666666668,12.2,test,6
1250,['GFYLSGHLF'],1,6,4,2,5.216666666666667,4.8500000000000005,train,6
504,['DLVKMMISY'],1,6,0,0,0.35000000000000003,0.3,val,6
1996,['KAWGKSIIF'],1,6,4,0,2.0,1.7,val,6
5006,['YEYVLIGIL'],1,6,2,3,1.1333333333333333,0.2,train,6
4134,['SQQPVQMLY'],1,6,2,0,2.0,0.5,train,6
713,['ETRSFTTHF'],1,6,5,0,6.533333333333334,6.5,train,6
1155,['FVAAGAFHM'],1,6,1,0,0.4666666666666666,0.35,train,6
510,['DMYFCHFYK'],1,6,3,2,2.283333333333333,1.85,train,6
4846,['WEKAWPAVF'],1,6,2,2,2.2833333333333337,0.8,train,6
732,['EVFEIIRSY'],1,6,4,1,2.866666666666667,2.85,train,6
2782,['LYIEILRLL'],1,6,4,1,7.2,3.55,train,6
675,['ESAERLKAY'],1,6,2,2,0.7333333333333333,0.6,train,6
728,['EVATRFNTM'],1,6,4,0,10.316666666666665,5.15,train,6
412,['AYYKPYVQL'],1,6,2,1,0.8833333333333333,0.6,test,6
3969,['SFSFGGFTF'],1,6,5,0,5.949999999999999,5.55,train,6
3913,['RYRQVLSPL'],1,6,3,0,4.666666666666667,1.7999999999999998,val,6
1687,['IFPSMYFLM'],1,6,5,1,7.916666666666667,5.75,train,6
3087,['MYYPAQLYL'],1,6,4,0,5.733333333333333,5.35,test,6
1631,['HYDAPVFPI'],1,6,0,2,0.26666666666666666,0.30000000000000004,train,6
1635,['HYQTLCTNF'],1,6,4,1,6.416666666666667,6.85,train,6
4249,['SVQWFRLPR'],1,6,5,1,15.266666666666667,8.65,train,6
740,['EVIPMFSAL'],1,6,4,1,29.21666666666667,22.15,val,6
569,['EEQQSMLAL'],1,6,2,1,1.9333333333333336,0.75,train,6
980,['FMKVKFEAL'],1,6,2,2,1.1083333333333334,0.375,train,6
699,['ETIEILRNY'],1,6,4,0,9.566666666666668,10.9,train,6
3420,['RESFGVESF'],1,6,2,3,1.25,0.15,train,6
5400,['YYLLFYPTI'],1,6,5,1,22.816666666666666,28.0,train,6
1069,['FQTLTSCTF'],1,6,2,1,2.733333333333333,0.6,train,6
3354,['RAFGRDWRY'],1,6,5,0,2.283333333333333,1.5,train,6
2056,['KIMKVVNRW'],1,6,5,1,16.525000000000002,7.825,train,6
3723,['RRRLRTLVL'],1,6,1,1,0.5583333333333333,0.5,train,6
5398,['YYLEKANKI'],1,6,4,0,22.733333333333334,27.6,test,6
488,['DIAEHGAYY'],1,6,3,0,1.7333333333333332,1.15,val,6
608,['EISSIISLM'],1,6,6,0,15.433333333333332,13.75,train,6
2327,['KTINALVYF'],1,6,6,0,6.266666666666667,5.65,train,6
4218,['STYQPLPLY'],1,6,2,0,1.5,0.4,test,6
1998,['KAWSEGLAM'],1,6,2,4,0.5,0.0,val,6
709,['ETNDLVTNV'],1,6,2,1,0.7000000000000001,0.44999999999999996,train,6
4191,['SSWNSAHEK'],1,6,1,0,2.4499999999999997,0.6499999999999999,train,6
2773,['LWFRNHFVF'],1,6,4,0,12.616666666666667,17.0,train,6
2027,['KFITHPFLW'],1,6,5,0,27.125,34.225,train,6
2062,['KIRLGFHWK'],1,6,4,2,5.166666666666667,3.95,val,6
878,['FLAAECPFL'],1,6,6,0,19.55,22.75,train,6
3342,['QYQYLSILF'],1,6,4,2,3.033333333333333,2.8,test,6
3943,['SEHFSLLFL'],1,6,4,0,4.8,2.15,train,6
1955,['IYCGFKFAW'],1,6,4,0,7.549999999999998,3.9,train,6
2041,['KICMQHFLK'],1,6,5,1,10.35,7.6,train,6
5051,['YINMAWNLV'],1,6,2,0,0.8166666666666665,0.8500000000000001,test,6
2391,['KVVNPLFEK'],1,6,2,2,12.200000000000001,0.65,train,6
5390,['YYFQSGNEI'],1,6,4,1,3.7916666666666665,3.75,train,6
2451,['LEALSPPLL'],1,5,3,1,2.2399999999999998,1.5,val,5
2476,['LEVSFGSVI'],1,5,3,1,1.7,1.5,test,5
3158,['NQFGSVPAL'],1,5,3,1,1.08,1.1,train,5
1891,['ITAHLKRLW'],1,5,4,0,5.57,6.7,train,5
1919,['ITTEQYAWF'],1,5,3,0,2.94,1.0,train,5
2445,['LAWQRTLKW'],1,5,5,0,5.4,6.0,train,5
2284,['KSLAVEPRF'],1,5,4,0,6.8,7.5,train,5
721,['ETVWPFFYA'],1,5,2,0,2.8600000000000003,0.5,val,5
5306,['YSLGQGPVW'],1,5,5,0,6.279999999999999,7.1,train,5
3965,['SFHIIEWLF'],1,5,4,0,2.28,2.7,train,5
2298,['KSTDSESDW'],1,5,4,1,9.180000000000001,6.8,val,5
1741,['ILLARLFLY'],1,5,2,2,3.04,0.7,test,5
2275,['KSFGRISVL'],1,5,4,0,1.8199999999999998,2.3,train,5
2333,['KTNDFAPAW'],1,5,5,0,11.5,9.2,train,5
4738,['VSIPVTNTW'],1,5,4,0,6.459999999999999,7.8,test,5
705,['ETKKTMLAL'],1,5,4,0,10.719999999999999,12.6,train,5
742,['EVIRATYPS'],1,5,1,1,1.52,0.7,val,5
2687,['LRKERLAKL'],1,5,1,1,1.8399999999999999,0.8,test,5
724,['EVAEKDAMY'],1,5,3,1,7.840000000000001,3.5,val,5
4725,['VSANVKGNW'],1,5,3,0,5.02,4.8,train,5
696,['ETHDRGFAM'],1,5,4,0,4.34,1.8,train,5
4750,['VSSAVPTSW'],1,5,4,0,5.279999999999999,6.0,train,5
416,['CARRRLRTL'],1,5,0,3,0.1,0.0,train,5
3411,['REMGIVDLL'],1,5,2,1,1.8400000000000003,0.5,val,5
3929,['SARGLCNTW'],1,5,2,0,2.0599999999999996,0.6,train,5
3084,['MYPFIFFIV'],1,5,4,0,11.580000000000002,13.1,train,5
5320,['YTDKIAMSY'],1,5,2,1,8.52,0.6,train,5
3254,['QGKQHLHSL'],1,5,0,4,0.03,0.0,train,5
2478,['LEYGANYFL'],1,5,3,2,1.1400000000000001,1.5,test,5
584,['EHAGVISVL'],1,5,2,2,4.3,0.3,train,5
2215,['KQLGQVMLL'],1,5,2,1,1.48,0.5,train,5
5185,['YMYDFILRF'],1,5,3,0,1.72,1.1,train,5
1612,['HTQAIEGAW'],1,5,4,1,2.8200000000000003,1.4,train,5
3000,['MSIISTFHL'],1,5,4,0,2.6,2.6,train,5
505,['DLYDMIHNV'],1,5,1,1,1.54,0.6,train,5
410,['AYSSWMYSY'],1,5,4,0,1.4200000000000002,1.0,train,5
1665,['IEADIEHFL'],1,5,2,1,1.52,0.7,train,5
465,['CYIENPRTL'],1,5,3,1,2.2199999999999998,1.1,val,5
3653,['RQMKSGGRF'],1,5,3,1,2.94,1.9,test,5
624,['ELIKELPGY'],1,5,4,0,11.46,11.1,train,5
1086,['FRKAQIQGL'],1,5,0,1,0.5399999999999999,0.6,train,5
734,['EVFNETGWM'],1,5,3,0,1.14,1.4,train,5
4824,['VYWENEVSI'],1,5,2,1,1.54,0.9,train,5
5293,['YSALRPHEY'],1,5,1,2,1.2200000000000002,0.4,train,5
712,['ETQTGMHAH'],1,5,2,1,1.8399999999999999,0.6,train,5
1509,['HEGDIVPLF'],1,5,2,2,2.3,0.4,train,5
3588,['RPGHRRMVF'],1,5,1,3,1.8800000000000001,0.0,train,5
944,['FLRKNQRAL'],1,5,2,2,0.74,0.5,train,5
5034,['YHLGGIEGL'],1,5,0,1,0.24,0.3,train,5
2559,['LMAFSTGPF'],1,5,4,0,2.1399999999999997,1.7,train,5
3503,['RLIWSHHHI'],1,5,3,0,1.5399999999999998,1.5,train,5
3398,['REFYLRVGF'],1,5,3,2,3.88,1.6,train,5
4818,['VYLKTNVFL'],1,5,4,1,12.379999999999999,11.2,train,5
3934,['SAYYLDIGF'],1,5,2,2,1.4,0.4,train,5
1330,['GMFANRWII'],1,5,2,1,0.6,0.4,train,5
2827,['MENLMYALL'],1,5,3,1,4.04,1.8,train,5
4998,['YEHYFVFAA'],1,5,3,1,5.160000000000001,7.4,val,5
856,['FIFLKKNEL'],1,5,0,2,0.29,0.15,train,5
4531,['TYFSLNNKF'],1,5,4,0,9.540000000000001,9.0,train,5
5302,['YSKIRGAAL'],1,5,1,2,0.52,0.6,train,5
4213,['STPAILHIM'],1,5,0,2,0.18,0.2,train,5
4554,['VEFEPPHAA'],1,5,4,1,3.38,1.4,train,5
2554,['LLWYRRGTF'],1,5,0,2,0.36,0.2,train,5
4309,['TFMYVFSTF'],1,5,4,0,6.24,6.9,train,5
1878,['ISRQIHWCW'],1,5,5,0,4.88,4.5,train,5
2895,['MLSSFGWIY'],1,5,2,1,1.14,0.4,test,5
3378,['RATQPAAEF'],1,5,3,1,1.4,1.2,test,5
765,['EYLRIPLTI'],1,5,4,1,5.75,6.85,train,5
5192,['YNLRRGTAL'],1,5,3,0,4.300000000000001,1.0,train,5
4456,['TTARPRPPM'],1,5,0,3,0.16,0.0,train,5
3321,['QTSTLYDFY'],1,5,2,2,0.76,0.2,val,5
93,['AISAQVAAY'],1,5,2,1,3.22,0.4,train,5
807,['FERGVINVF'],1,5,2,2,1.1,0.4,train,5
4275,['SYQALAFDI'],1,5,3,1,1.01,1.3,train,5
2867,['MITRRQLCY'],1,5,1,2,0.54,0.2,train,5
2209,['KQIVIINPM'],1,5,1,2,3.96,0.2,train,5
1870,['ISLEAGQRF'],1,5,5,0,4.720000000000001,4.9,train,5
4769,['VTGPVGQLW'],1,5,5,0,9.52,6.1,train,5
3318,['QTHFPQFYW'],1,5,4,0,4.42,4.5,train,5
1513,['HENARLRAL'],1,5,2,2,1.0399999999999998,0.6,train,5
4954,['WSTIWRQLY'],1,5,0,2,0.2,0.2,train,5
1626,['HVVNYNGLL'],1,5,2,1,1.8200000000000003,0.8,train,5
800,['FEGIAVLGL'],1,5,2,3,0.76,0.0,train,5
26,['AEFPVGSTA'],1,5,2,1,2.04,0.5,train,5
1485,['GWALGYLYF'],1,5,2,1,0.9,0.7,train,5
3967,['SFLHWFHHL'],1,5,5,0,4.720000000000001,4.6,train,5
5024,['YGLERLAAM'],1,5,3,1,1.12,1.3,val,5
5392,['YYGKTPMQI'],1,5,3,2,2.45,3.9,test,5
879,['FLADKKMTL'],1,5,1,2,1.34,0.7,train,5
4896,['WMIKPLGRW'],1,5,0,2,0.26,0.1,train,5
2299,['KSTSPTRTW'],1,5,5,0,12.4,9.7,train,5
177,['AMFEEQNQW'],1,5,4,1,3.22,1.1,train,5
681,['ESLLHQASW'],1,5,4,0,1.7200000000000002,1.2,train,5
803,['FENDIDEIL'],1,5,2,2,1.4,0.6,val,5
2815,['MAVTAAPYI'],1,5,3,0,1.24,1.0,train,5
2268,['KSAQVPLPL'],1,5,5,0,3.7600000000000002,2.3,train,5
3077,['MYAMMIARF'],1,5,4,1,11.4,5.1,train,5
4881,['WLLLRQLPI'],1,5,0,1,0.5199999999999999,0.5,train,5
478,['DEMVCKWLL'],1,5,2,2,1.9,0.7,test,5
1197,['FYIQMCTEL'],1,5,2,1,2.6999999999999997,0.7,train,5
1536,['HLDELTTTL'],1,5,1,2,0.54,0.2,train,5
291,['ASHFISNSW'],1,5,5,0,6.540000000000001,6.6,train,5
184,['AMKDRFQPL'],1,5,1,3,3.0599999999999996,0.0,train,5
533,['DTVHDRTPY'],1,5,1,1,0.62,0.5,train,5
3774,['RSVWIPGRW'],1,5,5,0,7.779999999999999,7.7,train,5
1657,['IATATWFQY'],1,5,1,0,0.7799999999999999,0.7,train,5
4897,['WMILRAISF'],1,5,2,1,1.48,0.8,train,5
5323,['YTENTSSYY'],1,5,1,1,0.36,0.2,train,5
1055,['FQHERLGQF'],1,5,1,1,2.4000000000000004,0.4,train,5
3085,['MYQYIFLSF'],1,5,4,0,14.280000000000001,14.8,train,5
5287,['YRYISFLVL'],1,5,1,3,1.8,0.0,train,5
1433,['GSYFSGFYK'],1,5,4,0,7.600000000000001,1.7,train,5
4566,['VENSPRASL'],1,5,2,2,0.5199999999999999,0.2,train,5
1231,['GEIVLCHVL'],1,5,3,0,2.16,1.9,val,5
3928,['SALNHTKKW'],1,5,3,0,2.0799999999999996,1.0,test,5
5286,['YRYGFVANF'],1,5,4,0,16.979999999999997,11.1,train,5
5105,['YLKKKNHPL'],1,5,2,2,2.41,0.85,train,5
3245,['QELSDAPFL'],1,5,2,2,0.76,0.3,train,5
621,['ELHNGFTGY'],1,5,3,1,0.8800000000000001,1.0,train,5
3963,['SEYKAAGYL'],1,5,2,2,0.8800000000000001,0.4,val,5
51,['AENHFLVGL'],1,5,3,0,4.3,1.3,train,5
3121,['NIDNMCHLY'],1,5,2,2,3.1699999999999995,0.7,test,5
802,['FEKEGYSLV'],1,5,0,2,0.32,0.4,train,5
1514,['HERPVILSL'],1,5,2,3,0.6,0.0,train,5
3399,['REGGGAVRL'],1,5,3,1,1.5699999999999998,1.1,train,5
62,['AEVRLATML'],1,5,2,1,2.7,0.8,train,5
1425,['GSFKEYVFW'],1,5,4,0,8.580000000000002,9.6,train,5
2760,['LVFLDTINR'],1,5,2,2,1.1400000000000001,0.7,train,5
45,['AEMQNPVYL'],1,5,3,0,3.3600000000000003,1.6,val,5
2463,['LELAFSGVL'],1,5,3,2,2.1399999999999997,1.4,test,5
1242,['GEYAPFARL'],1,5,2,0,0.8200000000000001,0.6,train,5
4993,['YEDEDIIVI'],1,5,1,1,0.54,0.6,train,5
1379,['GQMYNMNTL'],1,5,2,1,4.0600000000000005,0.2,train,5
19,['AATIRVLAL'],1,5,1,3,0.36,0.0,train,5
1777,['IMDASSFTL'],1,5,2,2,3.3,0.3,train,5
218,['APFARLLNL'],1,5,1,2,1.9,0.2,train,5
3790,['RTKAIGLNF'],1,5,4,0,4.12,3.8,train,5
1543,['HLKRTILAL'],1,5,1,1,0.54,0.7,train,5
1672,['IEHALAHQL'],1,5,3,1,3.4799999999999995,2.3,train,5
2264,['KSAFYQSYL'],1,5,5,0,3.6,4.0,train,5
3340,['QYPAFVLFI'],1,5,3,1,4.86,5.0,train,5
4556,['VEIFKHLVF'],1,5,1,2,0.8799999999999999,0.4,train,5
2328,['KTIQGGLGW'],1,5,5,0,7.959999999999999,7.0,train,5
4832,['WANDFNHHY'],1,5,3,1,1.9,1.0,train,5
508,['DMRKRIEAF'],1,5,1,2,0.6799999999999999,0.1,train,5
4074,['SMKTRTAWF'],1,5,2,2,1.4,0.6,train,5
4741,['VSLGAISFW'],1,5,5,0,7.24,6.1,train,5
31,['AEGVVAFLI'],1,5,4,0,3.18,1.2,train,5
4440,['TRYYWDIHL'],1,5,2,0,1.04,0.9,val,5
843,['FHMDPSGTF'],1,5,1,3,1.24,0.0,train,5
5399,['YYLIKYLHV'],1,5,3,1,1.3399999999999999,1.4,test,5
679,['ESIDNVMGM'],1,5,3,0,8.06,1.6,train,5
680,['ESIGYYNPM'],1,5,4,0,15.12,3.2,train,5
5104,['YLKKGRLSL'],1,5,1,2,0.95,0.45,train,5
706,['ETLDVFGPI'],1,5,1,3,0.44000000000000006,0.0,train,5
4163,['SRWRIRSGL'],1,5,0,1,0.26,0.2,train,5
3024,['MTGVMRGNY'],1,5,1,3,0.3,0.0,train,5
402,['AYGSRFHEW'],1,5,5,0,41.08,42.3,train,5
650,['EMSLADYLY'],1,5,0,2,0.26,0.4,train,5
708,['ETMKPAAMV'],1,5,3,1,1.4600000000000002,1.3,train,5
3961,['SEVSNVQRL'],1,5,2,3,2.04,0.0,train,5
4826,['WAASAETPL'],1,5,1,2,0.44000000000000006,0.3,train,5
5368,['YVIKKSSPL'],1,5,1,3,0.86,0.0,train,5
5409,['YYYNFSEDL'],1,5,1,1,0.8,0.5,train,5
326,['ATKDGSHYK'],1,5,5,0,31.82,27.1,train,5
4708,['VQDPKFWEL'],1,5,1,1,0.9799999999999999,0.1,train,5
2742,['LTMVAGAVW'],1,5,5,0,9.219999999999999,9.8,train,5
73,['AFYLWIVGF'],1,5,1,2,0.5,0.7,train,5
3375,['RARRHLAAL'],1,5,1,3,1.46,0.0,train,5
2890,['MLREGNQAF'],1,5,2,0,2.6,0.8,train,5
2788,['LYPTFYCLF'],1,5,4,0,22.279999999999998,24.2,train,5
618,['ELFPGHPVY'],1,5,1,0,0.7,0.6,train,5
4182,['SSNAKNSEW'],1,5,3,0,4.92,5.2,val,5
4559,['VEIPNRIVF'],1,5,3,2,1.6600000000000001,1.3,train,5
1973,['IYWLIFWRF'],1,5,3,2,5.720000000000001,5.9,train,5
5282,['YRVRNVQTL'],1,5,3,0,2.82,1.6,train,5
490,['DIIKILDKY'],1,5,1,2,1.654,0.2,train,5
2864,['MIRAQAGSL'],1,5,1,2,1.0,0.8,train,5
25,['AEFGPWQTV'],1,5,4,0,2.2600000000000002,1.5,train,5
3410,['RELYYRLKF'],1,5,1,1,1.42,0.9,train,5
1068,['FQTLMHSPF'],1,5,1,0,1.72,0.5,train,5
5063,['YIYIVNMFY'],1,5,2,1,0.8,0.2,test,5
32,['AEHDPWWAV'],1,5,4,0,2.5999999999999996,1.1,train,5
1886,['ISYIMLIFF'],1,5,3,2,3.02,4.1,train,5
3951,['SENDRLRLL'],1,5,3,2,2.3200000000000003,1.1,train,5
1879,['ISSGCTKTF'],1,5,4,0,2.72,1.7,train,5
2457,['LEEIGILLL'],1,5,3,0,2.16,1.1,val,5
2342,['KTTIKFHPW'],1,5,4,0,5.0,6.5,train,5
564,['EEFFCVHGM'],1,5,2,3,1.36,0.0,train,5
2287,['KSLIISFAF'],1,5,3,1,2.1,2.0,test,5
4449,['TSSDTYACW'],1,5,4,0,6.459999999999999,5.9,train,5
4545,['VAFYCAGRF'],1,5,2,2,1.02,0.7,train,5
1995,['KAVYNFATM'],1,5,3,0,1.5599999999999998,2.0,train,5
809,['FETEPGRQM'],1,5,1,2,0.5,0.2,train,5
2005,['KEAVNHFHL'],1,5,2,3,1.6,0.0,train,5
4830,['WAKRRPATF'],1,5,1,2,0.61,0.8,train,5
4290,['TEAKIISLL'],1,5,2,2,2.16,0.3,train,5
888,['FLDESFPRY'],1,5,2,0,3.286,0.5,train,5
2388,['KVSENQLFY'],1,5,4,0,10.879999999999999,3.4,train,5
4541,['TYQWIIRNW'],1,5,3,1,7.359999999999999,5.2,train,5
1489,['GYAGTLQSL'],1,5,2,2,0.76,0.7,val,5
1228,['GEIGIRNWL'],1,5,2,3,1.4,0.0,test,5
30,['AEGTGITHL'],1,5,2,2,1.8200000000000003,0.8,train,5
4742,['VSLTECPTF'],1,5,5,0,4.36,4.7,train,5
2303,['KSWPAAIDW'],1,5,4,0,6.3,6.3,train,5
4119,['SQAPLPCVL'],1,5,3,1,4.24,2.9,val,5
4853,['WFLYVSQQI'],1,5,0,2,0.33999999999999997,0.5,train,5
2277,['KSFLVHREW'],1,5,4,0,6.539999999999999,6.6,train,5
2728,['LTDNGYLLY'],1,5,4,1,8.54,3.5,train,5
413,['AYYWNQNGF'],1,5,4,0,4.4799999999999995,4.5,test,5
647,['EMKEAFHGL'],1,5,0,3,0.19,0.0,train,5
3402,['REIKAEVSM'],1,5,3,2,1.98,1.4,train,5
2341,['KTTFKPNTW'],1,5,5,0,6.58,6.3,train,5
695,['ETFRLLRSF'],1,5,2,0,2.32,0.2,train,5
3393,['REAKATRPL'],1,5,2,0,1.16,0.7,train,5
1972,['IYVGNGQMI'],1,5,2,2,1.1199999999999999,0.5,train,5
1714,['IIYYQLAGY'],1,5,1,0,3.5400000000000005,0.4,train,5
3563,['RMNAVSTIL'],1,5,2,1,4.7,0.2,train,5
1303,['GLNWVFSYY'],1,5,2,1,1.86,0.6,train,5
3196,['NVMDPMHGA'],1,5,0,4,0.08,0.0,train,5
58,['AETLMAQPF'],1,5,4,1,6.26,6.4,train,5
4183,['SSNPVMSRF'],1,5,3,0,2.4199999999999995,1.8,val,5
4258,['SWLSNVQKI'],1,5,2,1,0.54,0.3,train,5
4265,['SYGNANVSF'],1,5,3,1,1.8399999999999999,1.1,train,5
48,['AEMVAKYDL'],1,5,4,0,3.0,1.0,train,5
1236,['GELRKAICL'],1,5,2,3,1.4600000000000002,0.0,test,5
4660,['VMMAKRPLI'],1,5,3,0,8.5,2.7,train,5
3001,['MSLMTGEQF'],1,5,4,0,2.38,2.3,train,5
396,['AYAQKIFKI'],1,5,4,0,17.76,6.0,train,5
4295,['TEFFMSRKL'],1,5,2,2,0.74,0.4,val,5
2280,['KSFSTHHHM'],1,5,4,0,4.319999999999999,3.4,train,5
1325,['GLYRLNFRR'],1,5,1,1,1.04,0.2,train,5
3102,['NEQMIGQVL'],1,5,2,2,1.08,0.8,test,5
3877,['RVYHLTWLR'],1,5,4,0,51.48,27.7,train,5
1644,['IAKGIDAEF'],1,5,3,0,3.88,3.9,val,5
1896,['ITDITSPLW'],1,5,5,0,9.780000000000001,7.6,train,5
727,['EVAPHPVYY'],1,5,4,0,12.299999999999999,1.9,train,5
4435,['TRQQTSFPF'],1,5,1,1,0.76,0.3,train,5
4532,['TYGPVFMCL'],1,5,4,0,11.74,3.6,train,5
397,['AYARNLDTL'],1,5,2,2,4.0600000000000005,0.6,test,5
4672,['VPAERRGVF'],1,5,2,1,0.9700000000000001,0.7,val,5
423,['CFWYIPPSL'],1,5,2,1,5.4399999999999995,0.7,train,5
1904,['ITIPIGLYL'],1,5,4,0,4.659999999999999,4.1,train,5
2266,['KSALNDFDF'],1,5,4,0,3.66,4.2,test,5
639,['ELVDTTEMY'],1,5,0,3,0.2,0.0,train,5
2741,['LTMDREMLY'],1,5,3,0,2.88,2.3,train,5
5139,['YLSGIAQYY'],1,5,4,1,4.9399999999999995,1.3,train,5
2354,['KTYYHHTGY'],1,5,4,0,3.66,1.2,train,5
1698,['IIAARNIVR'],1,5,2,3,4.279999999999999,0.0,test,5
4301,['TEVMTAVGL'],1,5,3,2,1.8399999999999999,1.9,val,5
1649,['IANTTDHFF'],1,5,5,0,4.36,5.3,train,5
1233,['GELESAIGL'],1,5,2,2,2.42,0.4,train,5
1127,['FTENGPWMY'],1,5,2,0,3.28,0.5,train,5
1991,['KAVEKGKNW'],1,5,4,0,6.32,4.9,train,5
4828,['WAKAHWRAL'],1,5,1,2,0.5599999999999999,0.5,train,5
1749,['ILMRHLKNL'],1,5,1,2,3.316,0.2,train,5
2438,['LASAMRMLW'],1,5,4,0,5.140000000000001,3.6,train,5
4252,['SVYFAAFAF'],1,5,3,0,1.94,1.0,train,5
343,['ATTFARFLY'],1,5,3,1,4.779999999999999,1.4,val,5
1517,['HEVNGTWMI'],1,5,4,0,3.7400000000000007,1.3,train,5
4771,['VTIPQIGGM'],1,5,1,4,0.4,0.0,train,5
5075,['YLAPSYRNF'],1,5,2,1,2.04,0.7,test,5
4892,['WMDMWESPM'],1,5,0,1,0.15999999999999998,0.1,train,5
4467,['TTIGEWAFW'],1,5,4,0,8.82,8.0,train,5
2361,['KVCRTLLAK'],1,5,3,2,4.24,1.5,train,5
4966,['WWLEYTASF'],1,5,3,1,3.18,1.2,train,5
3425,['REWFMDLNL'],1,5,2,3,0.9199999999999999,0.0,train,5
4568,['VESKNFADF'],1,5,2,2,1.22,0.4,train,5
4956,['WTFTPTTPL'],1,5,1,1,1.06,0.7,train,5
2301,['KSVTKSSSW'],1,5,5,0,9.319999999999999,8.5,train,5
1642,['IAIEFKSRF'],1,5,4,0,1.8199999999999998,1.1,train,5
601,['EINAFVAGM'],1,5,2,1,1.2799999999999998,0.4,val,5
739,['EVIKYGIIY'],1,5,1,0,1.1400000000000001,0.4,train,5
1132,['FTFEWNGRI'],1,5,1,2,0.45999999999999996,0.3,train,5
59,['AEVCAHHLF'],1,5,4,0,4.18,1.6,train,5
4950,['WSIHAHHQW'],1,5,4,0,7.459999999999999,6.1,test,5
2826,['MEGLKLLSL'],1,5,1,2,0.4,0.3,train,5
5227,['YQEPPAHGL'],1,5,1,3,0.38,0.0,train,5
2583,['LMWASSGFF'],1,5,2,2,0.9800000000000001,0.4,train,5
697,['ETIDRFNNY'],1,5,5,0,34.779999999999994,45.4,train,5
313,['ATDFKFAMY'],1,5,2,1,4.140000000000001,0.8,train,5
2281,['KSHNVSLIW'],1,5,5,0,12.76,11.3,train,5
1923,['ITWPRTRHW'],1,5,4,0,4.9,5.6,train,5
448,['CRTAFKPVL'],1,5,0,3,0.09,0.0,train,5
1653,['IASLTGWQW'],1,5,3,1,5.74,5.2,val,5
2285,['KSLDNYQEW'],1,5,5,0,11.98,9.6,train,5
3957,['SESTHYFTV'],1,5,5,0,3.4799999999999995,3.8,train,5
522,['DTAKPTSVY'],1,5,3,0,6.540000000000001,9.0,test,5
4734,['VSFSMVGLF'],1,5,4,0,3.22,4.0,train,5
3080,['MYLRFAERL'],1,5,4,0,8.58,4.8,train,5
3958,['SESTIDIIL'],1,5,2,2,2.1,0.3,val,5
3407,['RELGLDISL'],1,5,3,2,2.3600000000000003,1.1,val,5
1234,['GELIFSHNL'],1,5,2,1,1.38,0.5,test,5
1674,['IELDGIATL'],1,5,3,2,1.1800000000000002,1.4,train,5
4762,['VTFFCVMTY'],1,5,1,1,0.64,0.6,train,5
758,['EYADVFHLY'],1,5,2,3,0.86,0.0,test,5
5280,['YRTAVCGLY'],1,5,3,0,14.039999999999997,1.5,train,5
2442,['LAVFPAMFW'],1,5,5,0,8.940000000000001,6.6,train,5
496,['DIVGGLFTY'],1,5,0,1,0.2,0.2,train,5
1911,['ITNPFFYQM'],1,5,5,0,4.74,5.3,train,5
741,['EVIPYTPAM'],1,5,3,0,25.9,6.4,train,5
1206,['FYQIFPHSL'],1,5,4,1,6.7,6.6,train,5
4505,['TVIRNPLSR'],1,5,4,1,4.42,2.8,train,5
4564,['VELQIGWTV'],1,5,1,0,2.4200000000000004,0.8,train,5
2825,['MEFWLVAAL'],1,5,0,1,0.32,0.2,train,5
3907,['RYPAIAGGI'],1,5,1,2,1.8199999999999998,0.7,train,5
1884,['ISVQPLWEW'],1,5,4,0,5.42,3.7,train,5
1979,['KACPPGFVF'],1,5,5,0,5.92,4.8,train,5
4787,['VVARLGVPY'],1,5,1,0,1.54,0.3,train,5
3916,['RYSLGVVQL'],1,5,1,0,1.06,0.3,train,5
41,['AELRLVHEL'],1,5,3,1,2.7600000000000002,1.7,val,5
3246,['QEMPYPFVI'],1,5,3,0,2.92,1.5,test,5
2453,['LEDGIYGIF'],1,5,2,2,0.8539999999999999,0.67,train,5
4997,['YEGDLRVTF'],1,5,3,2,3.8,1.2,train,5
3384,['RAWNSGYEW'],1,5,4,0,5.359999999999999,5.5,train,5
4194,['STAIELGAW'],1,5,4,0,2.2600000000000002,2.8,train,5
1465,['GTYVVESVF'],1,5,3,0,2.5999999999999996,1.2,val,5
1232,['GEIYKRWII'],1,5,2,2,2.0200000000000005,0.8,test,5
1153,['FTYDNLPEF'],1,5,0,5,0.0,0.0,train,5
2475,['LEVPAMGVL'],1,5,2,3,0.64,0.0,train,5
1922,['ITWETPMIW'],1,5,5,0,5.5200000000000005,5.0,train,5
743,['EVIRMMESA'],1,5,2,1,1.32,0.5,train,5
1241,['GEVGLDLTV'],1,5,1,3,0.4,0.0,train,5
4118,['SQAFNTPAL'],1,5,4,1,5.54,3.1,train,5
49,['AENCYNLEI'],1,5,4,0,4.3,1.8,train,5
719,['ETVFIRYPS'],1,5,1,3,0.38,0.0,train,5
3875,['RVYAHVRSV'],1,5,1,4,2.3,0.0,train,5
4802,['VVSEIDLQW'],1,5,3,1,4.2,1.9,test,5
1408,['GRQEKNPAL'],1,5,0,2,0.26,0.2,train,5
1681,['IEVTNATEL'],1,5,1,2,0.5199999999999999,0.5,train,5
1671,['IEFIEVVRL'],1,5,2,2,1.3,0.4,train,5
50,['AENGWGFYF'],1,5,1,1,3.3,0.6,train,5
406,['AYPKWKFFL'],1,5,5,0,20.419999999999998,19.1,train,5
4848,['WEMRAGREI'],1,5,1,1,1.46,0.7,train,5
2411,['KYNKANVFL'],1,5,3,1,4.96,2.2,train,5
11,['AANMYIYPL'],1,5,0,4,0.04,0.0,train,5
2889,['MLNRYKLIY'],1,5,1,1,0.7,0.4,train,5
735,['EVFTTMASV'],1,5,4,0,3.62,1.1,train,5
304,['ASWMALGVY'],1,5,1,4,1.08,0.0,train,5
1496,['GYLNACGHF'],1,5,3,2,2.8,2.3,train,5
710,['ETPAWLEQM'],1,5,2,2,1.3399999999999999,0.1,val,5
2772,['LVSSSAPSW'],1,5,3,0,3.5,1.3,train,5
3350,['RAAPLMQSL'],1,5,4,0,2.2,2.5,train,5
4165,['SRYFGNVRL'],1,5,2,0,1.08,0.7,train,5
2408,['KYLPNGDYI'],1,5,4,1,6.159999999999999,7.5,train,5
1677,['IENIDFASL'],1,5,1,2,0.54,0.7,train,5
986,['FMRERQLPQ'],1,5,2,3,0.45,0.0,train,5
4384,['TMLVRQMTK'],1,5,3,0,1.2,1.5,train,5
3966,['SFIPIFYQF'],1,5,3,0,9.0,4.5,train,5
1142,['FTNLLCHIY'],1,5,2,1,3.278,0.8,val,5
1518,['HEWKIPLLI'],1,5,3,2,1.8,1.3,train,5
281,['ARWLFPVYL'],1,5,2,0,1.9,0.5,test,5
1390,['GRDHVRVTL'],1,5,1,2,0.8400000000000001,0.2,train,5
575,['EFFGWAEGY'],1,5,0,2,0.12000000000000002,0.1,train,5
300,['ASSALDAHF'],1,5,4,0,3.3800000000000003,2.0,train,5
4573,['VFLPNTHNL'],1,5,4,1,12.34,8.3,train,5
27,['AEFVFSCGI'],1,5,5,0,3.7600000000000002,1.9,train,5
3946,['SEILPFTVL'],1,5,2,1,2.38,0.5,train,5
2884,['MLKLRVDVF'],1,5,3,2,1.02,1.0,val,5
374,['AVNPGGNIY'],1,5,1,1,1.8,0.3,train,5
2467,['LENIIVPGL'],1,5,3,2,2.66,1.0,test,5
3897,['RYGWSGAVF'],1,5,5,0,24.5,21.7,train,5
5352,['YTVQGAGLM'],1,5,1,1,0.56,0.3,train,5
311,['ATAVNQECW'],1,5,4,0,7.2,5.6,train,5
3423,['REVFYFGKF'],1,5,2,2,1.9,0.6,train,5
548,['DYLTTYFTW'],1,5,3,1,13.3,8.3,train,5
3638,['RQADILRQF'],1,5,3,0,3.66,2.1,train,5
4790,['VVEKQSGLY'],1,5,0,1,0.44000000000000006,0.5,train,5
4066,['SMFDSWGPF'],1,5,3,0,1.3800000000000001,1.0,train,5
2430,['LAMITMHSW'],1,5,4,0,9.1,6.8,train,5
1713,['IIYERDFSY'],1,5,2,0,2.7199999999999998,0.5,val,5
3144,['NNKSRLVAF'],1,5,1,2,0.27,0.1,train,5
2821,['MEDNFSIYI'],1,5,2,0,2.2,0.9,train,5
3955,['SERFINYAI'],1,5,2,1,1.26,0.5,train,5
3898,['RYICPVQQI'],1,5,4,0,19.580000000000002,25.8,train,5
4909,['WMYYPRSPV'],1,5,0,4,0.1,0.0,train,5
4274,['SYPPPPASF'],1,5,3,0,5.18,5.0,test,5
2548,['LLRQHWLSL'],1,5,1,2,0.5399999999999999,0.3,train,5
1875,['ISNQIWLFR'],1,5,3,1,4.9399999999999995,4.4,train,5
4291,['TEANAGQFL'],1,5,2,2,1.9,0.3,train,5
2434,['LANWCLLNY'],1,5,3,2,5.56,5.4,train,5
590,['EIASPVLVM'],1,5,1,2,0.48,0.5,train,5
519,['DSPATLSAY'],1,5,0,4,0.04,0.0,train,5
2477,['LEYDGFADF'],1,5,4,1,3.3,4.0,train,5
3093,['NEAKVLELL'],1,5,3,2,1.1800000000000002,1.6,train,5
4952,['WSLSVEWQF'],1,5,2,2,1.2,0.5,train,5
28,['AEFWDVFLS'],1,5,0,0,0.5800000000000001,0.5,train,5
686,['ESWIVDRQW'],1,5,1,2,0.58,0.4,train,5
703,['ETKKQVNLM'],1,5,3,1,8.6,2.8,train,5
21,['AEAAGCSMI'],1,5,3,1,3.7,1.6,train,5
1219,['GEEFFHQYL'],1,5,2,3,1.78,0.0,train,5
3902,['RYMNSQGLL'],1,5,3,0,5.08,1.2,train,5
4215,['STTSQKTTW'],1,5,3,0,2.16,1.7,val,5
1985,['KALIATATW'],1,5,5,0,9.559999999999999,7.6,train,5
2012,['KEISNQEPL'],1,5,2,1,1.9,0.6,test,5
4749,['VSRLEHQMW'],1,5,4,0,4.12,2.1,train,5
2719,['LSSLVSKHW'],1,5,4,0,6.960000000000001,6.9,train,5
4926,['WQDGGWQSV'],1,5,0,0,0.45999999999999996,0.3,train,5
3416,['REQASYLYV'],1,5,3,1,1.86,2.0,train,5
4471,['TTLPVNVAF'],1,5,2,0,2.2199999999999998,0.5,train,5
2828,['MENMLDLLM'],1,5,2,2,3.8,0.9,train,5
3020,['MTDVDLNYY'],1,5,1,0,7.459999999999999,0.3,train,5
36,['AEILSGRVI'],1,5,3,1,3.4,1.2,train,5
2,['AAAAPYAGW'],1,5,3,0,3.6199999999999997,2.5,val,5
53,['AEQIVLGVI'],1,5,3,1,2.56,1.4,test,5
4778,['VTRGAVLMY'],1,5,2,1,1.5800000000000003,0.2,train,5
806,['FEPPHAATI'],1,5,1,2,0.82,0.4,train,5
3760,['RSLFGGMSW'],1,5,5,0,8.34,7.4,train,5
1771,['ILYDTGSSW'],1,5,2,0,0.9800000000000001,0.4,train,5
813,['FFKCIYRLF'],1,5,0,2,0.36,0.4,train,5
614,['ELACAVPFY'],1,5,1,1,1.54,0.4,train,5
5308,['YSNRFLADW'],1,5,5,0,15.02,10.6,train,5
2419,['LAALGDTAW'],1,5,3,2,2.4,1.5,train,5
46,['AEMRAYHGF'],1,5,3,0,3.6,1.0,train,5
3640,['RQDEVGTPF'],1,5,2,3,1.92,0.0,train,5
4464,['TTHSWIPKR'],1,5,3,1,6.380000000000001,4.4,train,5
60,['AEVEEHRTV'],1,5,3,1,2.62,2.0,train,5
454,['CSTLPFHTW'],1,5,4,0,6.8,5.3,train,5
40,['AELRHLNPL'],1,5,2,1,2.1,0.6,val,5
4898,['WMLGTGVYL'],1,5,1,3,2.0200000000000005,0.0,train,5
1920,['ITTFFTFAY'],1,5,1,1,1.44,0.3,train,5
3300,['QQLESNLVM'],1,5,1,3,1.64,0.0,train,5
1901,['ITGLPPTEW'],1,5,4,0,3.7199999999999998,4.7,train,5
4816,['VYFSPWFFL'],1,5,4,0,12.180000000000001,9.2,train,5
989,['FMSRKLHRY'],1,5,2,0,0.9199999999999999,0.6,test,5
2713,['LSNAGSNNW'],1,5,4,0,7.8,7.1,train,5
4442,['TSASFTDLY'],1,5,0,1,0.31999999999999995,0.3,train,5
4715,['VQQESSFVM'],1,5,2,1,3.84,0.3,train,5
4503,['TVIPFYFVW'],1,5,5,0,5.36,1.7,train,5
5003,['YETLVGLAI'],1,5,3,1,1.12,1.2,val,5
2853,['MGYQAYSSW'],1,5,2,1,1.8399999999999999,0.5,train,5
1865,['ISGKSTDMW'],1,5,5,0,5.9,4.6,train,5
950,['FLSHKIHVI'],1,5,3,1,4.9399999999999995,1.3,test,5
3068,['MVQYTRNSF'],1,5,1,4,0.72,0.0,train,5
2204,['KQFDTYNLW'],1,5,3,1,1.86,1.7,train,5
1202,['FYNIPPMPL'],1,5,3,1,2.82,1.2,train,5
1997,['KAWLVHRQW'],1,5,4,0,3.2600000000000002,3.3,train,5
2343,['KTTKHDQGF'],1,5,4,0,3.0,1.4,train,5
4227,['SVDGFRASY'],1,5,0,0,0.38,0.3,train,5
1604,['HSYLWDHQM'],1,5,3,0,2.16,2.0,val,5
3421,['RESIVCYFM'],1,5,2,2,2.02,0.7,test,5
1761,['ILRPLGIEY'],1,5,3,1,2.2399999999999998,1.5,train,5
1603,['HSSVAGGLW'],1,5,4,0,3.7199999999999998,3.8,train,5
55,['AESICSYWL'],1,5,2,0,2.7,0.9,val,5
4143,['SRARIKTRL'],1,5,1,1,1.7399999999999998,0.4,train,5
2286,['KSLGIDQIW'],1,5,4,0,10.86,11.2,train,5
2296,['KSRRFTVRF'],1,5,5,0,3.5599999999999996,2.8,train,5
1887,['ISYTYNDNW'],1,5,4,0,6.8,5.9,test,5
1906,['ITLFPSYQL'],1,5,5,0,2.62,2.8,train,5
4542,['TYYGFLNFM'],1,5,1,2,0.48,0.2,train,5
1984,['KAKGSRAIW'],1,5,2,1,3.6399999999999997,0.9,train,5
5007,['YFARRFKYL'],1,5,0,2,0.24,0.2,train,5
716,['ETTQALQLF'],1,5,3,0,8.84,4.7,train,5
2000,['KAYKIISLK'],1,5,3,1,3.5200000000000005,1.8,train,5
797,['FEANALSVI'],1,5,3,2,0.96,1.5,val,5
4943,['WRQWIPAGI'],1,5,0,3,0.22000000000000003,0.0,train,5
2831,['MEVQLIRQM'],1,5,2,2,1.8599999999999999,0.5,train,5
3376,['RARRLRRAL'],1,5,1,2,0.66,0.2,train,5
823,['FGKWRPVQL'],1,5,2,3,0.6300000000000001,0.0,train,5
1531,['HIVYAVPLM'],1,5,3,2,5.5200000000000005,1.5,train,5
1680,['IEVKFHPIL'],1,5,3,2,1.06,1.3,train,5
1217,['GEDGCWYGM'],1,5,2,3,0.76,0.0,train,5
2982,['MQYVPAWIV'],1,5,2,1,0.66,0.4,test,5
395,['AYAGLFTPL'],1,5,4,0,9.9,7.1,train,5
4963,['WVIDTLNGI'],1,5,0,2,0.49000000000000005,0.7,train,5
2786,['LYLYVPFLW'],1,5,4,1,17.0,21.6,train,5
1516,['HESSVSWMF'],1,5,3,2,2.86,2.9,train,5
4185,['SSRGYSAIW'],1,5,2,0,2.84,0.9,train,5
4592,['VLALLAFFR'],1,5,3,2,2.32,2.6,train,5
3730,['RRSLLAHVR'],1,5,3,2,2.5,1.8,train,5
559,['EEAKLFFQV'],1,5,3,1,3.4799999999999995,1.6,train,5
4752,['VSSMSSRLW'],1,5,4,0,4.2,3.6,train,5
635,['ELRRRLPLF'],1,5,2,2,3.38,0.4,val,5
2774,['LWMRLLPLL'],1,5,3,1,4.62,4.4,test,5
2455,['LEEDIQHFL'],1,5,2,2,1.06,0.3,train,5
5016,['YFLESNFFI'],1,5,3,1,5.5600000000000005,6.0,train,5
3175,['NSFEQITFM'],1,5,0,4,0.04,0.0,train,5
3394,['REAPYELNI'],1,5,2,0,3.0,0.9,train,5
2975,['MQQAYQCIV'],1,5,4,1,1.9,1.9,train,5
2300,['KSVGVERTM'],1,5,4,1,3.1,2.5,train,5
1243,['GEYRSGNNL'],1,5,1,3,0.62,0.0,train,5
1218,['GEDPGFFNV'],1,5,1,1,0.38,0.3,train,5
5335,['YTITYHDDW'],1,5,4,1,1.6600000000000001,1.3,train,5
3791,['RTLASGLIY'],1,5,1,2,0.96,0.3,train,5
3777,['RTAFLRFWL'],1,5,4,0,2.5200000000000005,2.5,train,5
3991,['SILPISWAY'],1,5,4,0,5.159999999999999,1.4,train,5
3108,['NEVEVITKL'],1,5,3,2,1.8399999999999999,1.1,val,5
5330,['YTGPDHQEW'],1,5,4,0,4.720000000000001,5.0,train,5
4931,['WQLGTRWRY'],1,5,2,2,1.9,0.8,test,5
1636,['HYYMINNGI'],1,5,0,2,0.43999999999999995,0.6,train,5
1529,['HIRLHQQAL'],1,5,1,2,0.6,0.5,train,5
2790,['LYQPPQTSI'],1,5,2,2,0.76,0.4,train,5
502,['DLMLLSYSL'],1,5,1,3,0.33999999999999997,0.0,train,5
2690,['LRQWAPATM'],1,5,0,3,0.08,0.0,train,5
804,['FENNQITTI'],1,5,3,1,2.3600000000000003,1.1,train,5
3104,['NESVSRIEL'],1,5,2,2,0.68,0.8,train,5
3099,['NELGVPFHL'],1,5,3,2,1.8199999999999998,1.1,train,5
2278,['KSFLWTQSL'],1,5,4,0,3.9200000000000004,3.1,train,5
5258,['YRFNLRRKM'],1,5,2,1,2.6,0.8,train,5
4297,['TELGAAAFL'],1,5,2,1,2.1,0.5,train,5
3843,['RVLEMVEDW'],1,5,4,1,7.8,8.9,train,5
5225,['YQAYSSWMY'],1,5,3,0,3.7399999999999998,1.8,val,5
34,['AEIEDLIFL'],1,5,3,0,2.22,1.1,test,5
775,['FAFHTVFHI'],1,5,4,0,2.04,1.2,train,5
1478,['GVNFNLYYY'],1,5,3,1,1.48,1.1,train,5
1685,['IFLARSALI'],1,5,4,1,9.28,8.1,train,5
3092,['NALEKALRW'],1,5,3,1,2.34,1.8,train,5
3772,['RSTYRLDGW'],1,5,3,0,4.86,4.0,train,5
2820,['MEAQFLYLY'],1,4,2,1,2.775,2.05,val,4
3745,['RRYDKLMSF'],1,4,4,0,26.475,22.700000000000003,train,4
5266,['YRIWLEQNK'],1,4,2,2,10.149999999999999,7.6,test,4
1436,['GTDSGFAAY'],1,4,1,0,3.475,0.35,train,4
1738,['ILKEHVSRY'],1,4,2,1,2.5250000000000004,1.35,val,4
3095,['NEFKFALVA'],1,4,2,1,1.8250000000000002,1.05,test,4
3100,['NELGYSGYF'],1,4,2,2,2.225,1.2,train,4
4807,['VVYGYFIWY'],1,4,1,2,0.42500000000000004,0.2,train,4
1411,['GRTFGKLPY'],1,4,0,3,0.15,0.0,train,4
4473,['TTLSIYFLL'],1,4,2,1,4.5375,1.8250000000000002,train,4
711,['ETPGSTDNY'],1,4,0,1,0.22500000000000003,0.25,train,4
4782,['VTTLGLPFY'],1,4,0,0,0.3,0.25,train,4
1224,['GEGPGINPI'],1,4,3,1,1.85,2.15,train,4
2473,['LETCHRNAF'],1,4,2,2,2.2249999999999996,1.9,train,4
838,['FHIVNQESL'],1,4,2,1,2.75,1.9,train,4
1255,['GHLAASVTL'],1,4,3,1,1.375,1.6,train,4
4048,['SLSFPHPLY'],1,4,0,2,0.2,0.15,train,4
3388,['RAYWIHLMM'],1,4,4,0,3.6500000000000004,3.85,train,4
5030,['YHENWSATL'],1,4,2,1,0.9750000000000001,0.9,train,4
5268,['YRLFKHGLK'],1,4,1,2,0.625,0.35,train,4
2022,['KEWCGNLIV'],1,4,2,0,0.875,0.85,train,4
1253,['GHFPLQHAL'],1,4,3,1,4.800000000000001,5.1,train,4
2834,['MFAAGLILY'],1,4,1,2,2.475,0.45,train,4
1392,['GRFQEALKK'],1,4,2,2,10.024999999999999,9.85,val,4
418,['CEKRLLLKL'],1,4,0,3,0.125,0.0,train,4
5155,['YLYYPGRAH'],1,4,3,0,1.825,1.45,train,4
29,['AEFYQLITM'],1,4,3,1,4.4,1.6,train,4
65,['AEWGWTATM'],1,4,2,0,4.15,1.7999999999999998,test,4
3109,['NEVIISYLL'],1,4,2,2,1.7999999999999998,1.3,train,4
3683,['RRFKYLLNV'],1,4,4,0,14.675,15.1,train,4
1212,['GAMYALANF'],1,4,2,2,1.025,0.65,val,4
2240,['KRIRLKHIF'],1,4,3,0,6.2,2.15,train,4
3841,['RVLDCRTAF'],1,4,2,0,9.75,3.6,test,4
292,['ASIADILTY'],1,4,1,1,3.75,0.5,train,4
4961,['WTSGSSISF'],1,4,0,3,0.125,0.0,train,4
3881,['RVYLQGHGY'],1,4,2,1,3.0,0.75,train,4
4563,['VELGSGNSF'],1,4,2,2,2.325,1.7,train,4
2233,['KRFLNGAKY'],1,4,3,0,11.225,4.949999999999999,train,4
4152,['SRKASNTIL'],1,4,0,2,0.175,0.15,train,4
1419,['GRYYVLQFV'],1,4,0,1,0.3,0.30000000000000004,train,4
1694,['IHAEFQASL'],1,4,3,1,4.175,3.7,train,4
4978,['YALPSAGAF'],1,4,1,0,0.925,0.75,train,4
3008,['MSRRRIYVL'],1,4,0,2,0.2625,0.225,train,4
2465,['LEMNDAPTA'],1,4,2,1,3.25,3.0,train,4
2694,['LRYGNVLDV'],1,4,1,3,0.925,0.0,train,4
5370,['YVIRAQLHV'],1,4,4,0,2.8499999999999996,2.7,train,4
2311,['KTASSLQKW'],1,4,4,0,7.550000000000001,8.0,train,4
5184,['YMYAATNTH'],1,4,2,0,2.475,1.45,train,4
4861,['WHQARFEEL'],1,4,0,2,0.325,0.25,train,4
1223,['GEGKLSPPL'],1,4,1,3,2.125,0.0,train,4
4775,['VTMMKYCSY'],1,4,3,0,2.1525,1.55,train,4
17,['AARRHRVPV'],1,4,0,4,0.0,0.0,train,4
5028,['YHDPETAAA'],1,4,1,1,1.875,0.35,train,4
1578,['HQAIISDVL'],1,4,2,1,2.375,1.45,train,4
2439,['LASCMGLIY'],1,4,1,1,2.975,0.55,train,4
2309,['KTALTGAMR'],1,4,4,0,8.75,3.25,train,4
4631,['VLSDINAVF'],1,4,2,1,2.125,0.9,val,4
2235,['KRFQPFQQF'],1,4,4,0,5.324999999999999,4.1,train,4
5073,['YLAGAGLAF'],1,4,3,0,4.575,3.5,train,4
1872,['ISLQEVFTM'],1,4,4,0,4.825,5.65,train,4
4221,['SVAMCRTPF'],1,4,3,0,2.175,1.05,test,4
1456,['GTPFPTLYY'],1,4,1,0,0.55,0.35,test,4
12,['AAPAPAPSW'],1,4,2,1,1.2,0.7,val,4
63,['AEVRPVVSY'],1,4,2,2,1.3499999999999999,0.65,train,4
3720,['RRRGACVVY'],1,4,1,0,1.65,0.7,train,4
1988,['KARARLLSM'],1,4,1,2,1.375,0.4,train,4
3652,['RQLQKIERW'],1,4,3,0,15.262500000000001,4.275,train,4
3418,['RERLSRMAI'],1,4,1,2,0.425,0.15,train,4
3685,['RRFLPQILA'],1,4,2,0,1.0625,1.05,train,4
5252,['YQYPRDTHY'],1,4,3,0,3.1750000000000003,2.2,train,4
2925,['MNNGGDAMY'],1,4,0,1,0.275,0.2,train,4
4448,['TSSARSSEW'],1,4,3,0,3.35,3.0500000000000003,train,4
4974,['YAEISFMLW'],1,4,2,1,0.875,0.65,val,4
4560,['VEIWNLVFM'],1,4,1,2,1.975,0.35,train,4
977,['FMKIGAHPI'],1,4,0,2,0.275,0.2,train,4
805,['FENSCLETM'],1,4,2,2,2.875,1.55,train,4
1186,['FVRTLFQQM'],1,4,0,1,0.3,0.2,train,4
4352,['TLKRRSWPL'],1,4,0,2,0.3,0.3,train,4
5379,['YVSADATKW'],1,4,1,1,0.5,0.44999999999999996,train,4
3864,['RVRWRNYAL'],1,4,0,2,0.175,0.1,train,4
4935,['WQQWDRQSL'],1,4,0,2,0.15000000000000002,0.1,train,4
4149,['SRIELGRGY'],1,4,0,2,0.22499999999999998,0.1,train,4
2990,['MRMLWMANY'],1,4,2,1,3.75,1.15,train,4
5065,['YKACHNSEL'],1,4,3,1,5.75,4.1,train,4
1867,['ISIPGDGKF'],1,4,3,0,1.775,1.75,train,4
829,['FHEFLSSKL'],1,4,0,2,0.2,0.2,train,4
47,['AEMRETHWL'],1,4,3,0,3.825,1.55,train,4
61,['AEVINLRSL'],1,4,1,2,0.7250000000000001,0.1,train,4
1075,['FRAAVRAHF'],1,4,3,0,14.775000000000002,7.4,train,4
3941,['SEFNLLELL'],1,4,2,2,2.7249999999999996,1.9,train,4
5189,['YNAELLVAL'],1,4,1,1,0.875,0.4,train,4
2339,['KTSLVEMMW'],1,4,4,0,6.324999999999999,6.1,train,4
2611,['LPFLKSLAI'],1,4,2,0,2.0500000000000003,1.0,train,4
2231,['KRASPILRF'],1,4,4,0,11.9,5.699999999999999,train,4
5031,['YHFDPVHHL'],1,4,1,1,0.575,0.55,train,4
1512,['HEMYYVSGA'],1,4,4,0,2.6999999999999997,2.3,train,4
3247,['QENEIYTYF'],1,4,2,2,1.4,1.05,test,4
2291,['KSNEKNMDF'],1,4,3,0,4.6,3.65,train,4
831,['FHFFVHTLL'],1,4,1,2,0.675,0.4,train,4
2570,['LMNELGVPF'],1,4,3,0,3.875,3.35,train,4
2841,['MFRNTNRSL'],1,4,0,4,0.0,0.0,train,4
498,['DLKRIGASL'],1,4,0,3,0.1,0.0,train,4
415,['CAMFWYHYI'],1,4,2,0,1.925,1.9,train,4
3680,['RRFDTFKAF'],1,4,4,0,11.975,7.199999999999999,train,4
3103,['NERWFREVI'],1,4,2,1,1.05,0.8999999999999999,val,4
3684,['RRFLEPVGK'],1,4,2,2,13.375,12.8,test,4
3682,['RRFGGTVIR'],1,4,3,0,12.5625,12.625,train,4
2822,['MEEAGLCGL'],1,4,2,1,2.2,1.2,train,4
3670,['RRAALSGHL'],1,4,4,0,4.95,3.9,train,4
3470,['RKLGWWLKL'],1,4,3,0,2.7750000000000004,2.0,train,4
120,['ALFHKVQSY'],1,4,1,1,1.825,0.44999999999999996,train,4
2405,['KYGVSVQDI'],1,4,1,2,0.425,0.15,train,4
4327,['TINAVASRK'],1,4,2,1,1.2625,0.6,val,4
4431,['TRAVGKPLL'],1,4,1,2,0.925,0.1,train,4
3733,['RRTPRVSWK'],1,4,2,2,1.825,1.65,train,4
2664,['LQEEMAETL'],1,4,1,3,0.5,0.0,train,4
3038,['MTRRRVLSV'],1,4,1,2,0.425,0.35,train,4
274,['ARLFGIRAK'],1,4,2,2,1.925,1.25,train,4
68,['AFFSDLVKF'],1,4,0,2,0.4,0.4,train,4
5048,['YIKGGNASF'],1,4,3,0,6.875,5.85,train,4
2809,['MANICWIYY'],1,4,1,0,1.7,0.75,train,4
4594,['VLASGPGPF'],1,4,2,1,2.0,1.25,train,4
841,['FHLNMFFIL'],1,4,3,1,4.15,2.05,train,4
927,['FLMYPNNIF'],1,4,2,0,3.3,2.15,test,4
4607,['VLIEVNPPF'],1,4,2,1,6.125,3.1,train,4
4776,['VTNNDIGYW'],1,4,4,0,5.9750000000000005,5.95,train,4
4570,['VEYHYTFYI'],1,4,0,4,0.0,0.0,train,4
1526,['HHSLTHHQL'],1,4,2,1,4.125,2.4,train,4
2153,['KLYVNGKAY'],1,4,2,1,4.2,3.8000000000000003,train,4
4960,['WTLLVDLLW'],1,4,3,1,1.7,2.0,train,4
668,['EQYGPRHTL'],1,4,1,2,0.35000000000000003,0.15,train,4
517,['DSFAKQPQW'],1,4,1,3,0.3,0.0,train,4
1788,['IMRRRQYVL'],1,4,0,2,0.25,0.15,train,4
5135,['YLRRRIGMI'],1,4,0,2,0.42500000000000004,0.4,train,4
1558,['HMRTRDGAL'],1,4,0,3,0.1875,0.0,train,4
594,['EIIFYHPTF'],1,4,1,2,0.375,0.25,train,4
2988,['MRMAWGGSY'],1,4,1,2,3.175,0.25,train,4
3105,['NETANGYFL'],1,4,1,2,0.575,0.25,train,4
3475,['RKVCYNAVL'],1,4,3,1,6.65,2.45,train,4
2771,['LVSSGNTLY'],1,4,1,0,2.5749999999999997,0.35,train,4
2330,['KTLSSYIDF'],1,4,3,0,3.6500000000000004,3.85,train,4
476,['DEIAFGLKL'],1,4,2,2,1.6,0.75,train,4
2236,['KRFYQTVGF'],1,4,4,0,23.75,25.05,train,4
2244,['KRLGDVISV'],1,4,3,0,3.05,3.5999999999999996,train,4
3125,['NLAAQTHLY'],1,4,2,1,2.275,0.8,val,4
937,['FLQQRKPPL'],1,4,0,2,0.275,0.25,train,4
4770,['VTIGNAYIY'],1,4,1,0,1.475,0.25,train,4
1405,['GRNQFVDGL'],1,4,0,1,0.4,0.4,train,4
3975,['SHAAIGAYL'],1,4,1,1,0.6,0.35,train,4
2714,['LSNFGYPGY'],1,4,0,2,0.325,0.2,train,4
1187,['FVSVYFSDY'],1,4,1,0,0.55,0.44999999999999996,train,4
1505,['HASHYTIPW'],1,4,2,0,2.1750000000000003,1.3,train,4
1580,['HQDNLDTVI'],1,4,0,2,0.15000000000000002,0.1,train,4
461,['CTWPEASRY'],1,4,1,0,10.399999999999999,0.7,train,4
2276,['KSFKLLCKL'],1,4,4,0,3.0749999999999997,3.4,train,4
2098,['KLIEGTNIW'],1,4,4,0,8.275,7.8999999999999995,train,4
2252,['KRSTPFYTK'],1,4,2,2,5.6,5.0,train,4
4422,['TQIPRQMVL'],1,4,2,1,3.0,1.9500000000000002,train,4
3404,['REILTKTTV'],1,4,3,0,2.625,2.85,train,4
1114,['FSKLASSAF'],1,4,3,0,6.175000000000001,4.55,train,4
2004,['KEAENGDEL'],1,4,1,3,0.575,0.0,train,4
3554,['RMKMRRPHL'],1,4,0,3,0.0875,0.0,train,4
3692,['RRFWVGYQQ'],1,4,0,0,0.475,0.55,train,4
420,['CEVSGNVTV'],1,4,1,0,0.95,0.75,train,4
2018,['KENGVDLSV'],1,4,1,1,0.5499999999999999,0.6,train,4
2170,['KMLEASTIY'],1,4,2,2,1.725,0.6,train,4
3176,['NSIPAVIGY'],1,4,0,1,0.325,0.25,train,4
1647,['IALYLQQNW'],1,4,3,0,4.025,4.1000000000000005,train,4
2488,['LHHIWQNLL'],1,4,0,2,0.225,0.2,train,4
3257,['QHLDIGNAL'],1,4,1,1,1.125,0.44999999999999996,train,4
579,['EFKSRFFVM'],1,4,0,3,0.075,0.0,train,4
3305,['QQYHRFGLY'],1,4,2,1,2.025,1.95,train,4
1258,['GIAACLMTY'],1,4,1,3,0.8,0.0,train,4
4130,['SQLPPACPV'],1,4,1,1,1.6,0.5,train,4
3045,['MTTCDFRWY'],1,4,0,2,0.3,0.3,train,4
3711,['RRMGGLRKY'],1,4,3,1,5.725,2.7,train,4
945,['FLRKRRRFF'],1,4,0,2,0.2875,0.2,train,4
3773,['RSVALAVLW'],1,4,4,0,8.575,8.65,train,4
2696,['LSAERYTLF'],1,4,4,0,5.625,4.95,train,4
3673,['RRAIRELNY'],1,4,1,1,0.9249999999999999,0.8500000000000001,train,4
3661,['RQRAVRMVL'],1,4,1,1,2.6500000000000004,0.8500000000000001,train,4
3708,['RRLRTLVLA'],1,4,2,0,1.0,1.0,train,4
1102,['FRYKSRCYV'],1,4,1,0,1.7999999999999998,0.6499999999999999,train,4
4970,['WYIKIFIII'],1,4,2,2,3.425,3.05,train,4
1670,['IEEVMNIVL'],1,4,0,2,0.25,0.1,train,4
3167,['NRWKSWFSY'],1,4,2,1,0.5750000000000001,0.6,train,4
3435,['RFVLALLAF'],1,4,2,2,3.05,2.75,train,4
4441,['TSADQQSLY'],1,4,0,3,0.025,0.0,train,4
1401,['GRLKFSLSY'],1,4,3,1,39.375,15.5,train,4
4145,['SREGMFLPK'],1,4,0,4,0.0,0.0,train,4
4450,['TSYPTAVQF'],1,4,3,0,3.5,2.5,train,4
5110,['YLKWRWLHF'],1,4,1,2,0.4,0.25,train,4
1675,['IELEHLRGL'],1,4,0,2,0.325,0.25,train,4
978,['FMKPGKVVL'],1,4,0,2,0.225,0.2,train,4
2450,['LEACYKRSV'],1,4,1,2,0.375,0.25,train,4
4139,['SQYHRFPIY'],1,4,2,0,2.475,2.25,train,4
2016,['KEMGFSPRL'],1,4,3,0,3.325,1.25,train,4
2877,['MLDQFGVSY'],1,4,0,4,0.0,0.0,train,4
5132,['YLRNAGAAM'],1,4,3,0,5.45,4.65,train,4
324,['ATIMPHNLY'],1,4,2,0,1.575,0.8,train,4
1739,['ILKERKQAL'],1,4,1,1,1.4,0.8500000000000001,train,4
353,['AVASLLDEY'],1,4,1,0,0.5000000000000001,0.35,train,4
52,['AENQLFHST'],1,4,3,0,2.575,2.45,train,4
411,['AYVTWIALM'],1,4,2,0,11.850000000000001,11.8,train,4
1469,['GVEPGHAFY'],1,4,1,1,1.525,0.75,train,4
3320,['QTSSIEGAW'],1,4,0,4,0.0,0.0,train,4
3690,['RRFTVRFHQ'],1,4,0,1,0.275,0.35,train,4
1588,['HRMNKILHY'],1,4,3,1,15.975,8.95,train,4
4883,['WLRAHPVAI'],1,4,0,2,0.2,0.15,train,4
3947,['SEIPSTFDL'],1,4,1,0,1.825,0.6,train,4
3686,['RRFNLFNKF'],1,4,4,0,15.4,11.350000000000001,train,4
449,['CRVLCCYVL'],1,4,0,4,0.0,0.0,train,4
2471,['LESASQQLF'],1,4,2,1,3.125,1.5499999999999998,train,4
4805,['VVTVLWALY'],1,4,2,1,1.775,1.5,train,4
2015,['KELNIGRTF'],1,4,1,2,1.075,0.3,train,4
2464,['LEMCHSTQI'],1,4,4,0,4.95,4.5,train,4
4314,['THADVPVVL'],1,4,3,1,7.725,7.1,train,4
801,['FEKAKIEVL'],1,4,1,2,0.375,0.15,train,4
56,['AESRKLLLI'],1,4,1,2,2.875,0.4,train,4
3491,['RLFAGLMSY'],1,4,3,1,3.375,1.6,train,4
1946,['IVYLIDCER'],1,4,1,2,1.2,0.4,train,4
1510,['HEIASVVQF'],1,4,2,2,4.35,3.95,test,4
2767,['LVLAVGPAY'],1,4,3,0,1.7249999999999999,1.65,train,4
3945,['SEIINNITA'],1,4,2,0,3.5,3.0,train,4
1237,['GEMLVATSL'],1,4,3,0,4.275,3.2,train,4
3721,['RRRIGEIFK'],1,4,2,1,7.15,7.050000000000001,val,4
358,['AVFDGCVVY'],1,4,2,0,3.5,1.45,test,4
1402,['GRLQSLQTY'],1,4,1,1,5.675,0.8500000000000001,train,4
2462,['LEHGLYPQL'],1,4,3,0,2.3499999999999996,1.2999999999999998,train,4
5000,['YELDLWGKI'],1,4,1,0,0.725,0.65,train,4
1257,['GHMMVIFRL'],1,4,3,1,1.925,2.4000000000000004,train,4
3197,['NVTDESYLY'],1,4,1,2,1.0499999999999998,0.05,train,4
3107,['NETTQALQL'],1,4,1,2,1.5,0.25,train,4
4653,['VMEPGTAQY'],1,4,0,2,0.275,0.15,train,4
4162,['SRWGYQVKH'],1,4,3,0,2.8249999999999997,2.6,train,4
1064,['FQNWGIESI'],1,4,1,1,0.875,0.55,train,4
3309,['QRIAVPVTK'],1,4,2,2,1.55,0.75,train,4
4147,['SRFLRRPAQ'],1,4,0,4,0.0,0.0,train,4
2692,['LRWLAKSFF'],1,4,1,0,0.8500000000000001,0.55,train,4
267,['ARADGILRF'],1,4,1,1,2.5749999999999997,0.30000000000000004,train,4
4558,['VEIKTGFKL'],1,4,2,2,1.075,0.85,train,4
2754,['LTVVPLMAF'],1,4,3,0,2.775,2.8,train,4
1366,['GPRGRHVVL'],1,4,0,3,0.05,0.0,train,4
3468,['RKIKAITSF'],1,4,3,0,2.6,1.25,train,4
2851,['MGMEQTMSV'],1,4,0,4,0.0,0.0,train,4
3700,['RRIGIYVGV'],1,4,4,0,7.1,8.35,train,4
3754,['RSFPEWDYI'],1,4,3,0,2.7,3.3,train,4
3722,['RRRKGWIPL'],1,4,4,0,13.95,16.6,train,4
1936,['IVIAPAMGM'],1,4,0,2,0.25,0.25,train,4
1185,['FVRSSPANF'],1,4,3,0,1.05,1.15,train,4
1429,['GSQYVSLAY'],1,4,1,1,2.325,0.3,train,4
1846,['IRHVYHNLK'],1,4,2,2,2.2,1.1,val,4
2991,['MRNTIMASK'],1,4,2,2,3.5250000000000004,1.15,test,4
342,['ATSVLLSAY'],1,4,2,0,3.325,3.3,train,4
4847,['WEKYCVLEI'],1,4,1,2,1.7750000000000001,0.35,train,4
1790,['IMYDHLPGF'],1,4,1,1,1.3499999999999999,0.75,train,4
1085,['FRHSVVVPY'],1,4,3,1,10.55,5.949999999999999,train,4
3740,['RRWCFDGPR'],1,4,2,1,5.45,5.550000000000001,train,4
3307,['QRASNVFDL'],1,4,0,3,0.15,0.0,train,4
3400,['REHSGNEIV'],1,4,4,0,3.4000000000000004,3.65,train,4
4652,['VMATRRNVL'],1,4,0,1,0.4,0.5,train,4
2238,['KRIGASLAH'],1,4,2,0,1.925,1.6,train,4
4584,['VIGVGMGLY'],1,4,1,0,0.8,0.75,train,4
4839,['WAWPFAAVL'],1,4,0,1,0.175,0.2,train,4
2910,['MMKYLAFGL'],1,4,0,2,0.30000000000000004,0.2,train,4
5053,['YIRGVCSAF'],1,4,3,0,4.6000000000000005,3.65,train,4
3706,['RRLKAEAQM'],1,4,4,0,10.55,12.3,train,4
1395,['GRGPIRFVL'],1,4,0,1,0.225,0.2,train,4
1594,['HSDTHGLYW'],1,4,4,0,10.55,8.95,train,4
4044,['SLRNWIATL'],1,4,1,3,0.45,0.0,train,4
612,['EKAAWGVAL'],1,4,1,1,1.875,0.55,train,4
847,['FHNYFVPNL'],1,4,1,2,0.475,0.3,train,4
558,['EEAIVAYTL'],1,4,3,1,2.6374999999999997,1.175,train,4
2753,['LTVTLVWLY'],1,4,3,1,1.375,1.25,val,4
4383,['TMKRKRLFL'],1,4,0,3,0.075,0.0,train,4
2865,['MIRRRNQIL'],1,4,0,3,0.1375,0.0,train,4
4438,['TRVTNNVYL'],1,4,0,3,0.225,0.0,train,4
3707,['RRLLGTFTW'],1,4,2,1,17.8,11.85,train,4
874,['FKTKALAVL'],1,4,3,0,8.675,8.7,train,4
2748,['LTSMHFYGW'],1,4,3,0,4.025,3.7,train,4
2014,['KELGVHMSL'],1,4,2,1,1.8250000000000002,0.95,train,4
3626,['RPRVKLASL'],1,4,1,2,1.075,0.45,train,4
162,['ALWMRLLPL'],1,4,0,1,0.35000000000000003,0.35,train,4
3718,['RRQGNIYPK'],1,4,2,2,24.825,23.15,train,4
3349,['RAAHRRQSV'],1,4,0,3,0.075,0.0,train,4
875,['FKWGKKIIL'],1,4,2,1,4.300000000000001,3.1500000000000004,train,4
637,['ELRSRYWAI'],1,4,0,2,0.275,0.2,train,4
4336,['TKNTRFCVL'],1,4,0,4,0.0,0.0,train,4
3319,['QTNLYNLLY'],1,4,1,1,0.875,0.30000000000000004,train,4
1582,['HQIWLALRY'],1,4,2,2,3.425,2.95,train,4
1836,['IQNEIMKPL'],1,4,1,2,2.5999999999999996,0.35,train,4
475,['DEHPWQPML'],1,4,2,2,1.025,0.75,train,4
867,['FIRRLHRLL'],1,4,0,2,0.25,0.05,train,4
2258,['KRYEKSAMI'],1,4,4,0,12.875,7.65,train,4
3413,['REMINHYQV'],1,4,4,0,3.325,2.8,train,4
1929,['IVAQGIAAL'],1,4,1,1,1.025,0.4,train,4
1778,['IMDEPTSSL'],1,4,1,1,1.025,0.15000000000000002,train,4
3956,['SESLPIWGI'],1,4,0,4,0.0,0.0,train,4
2547,['LLRMFDHPF'],1,4,4,0,2.9,1.6500000000000001,train,4
1416,['GRYIVYSSY'],1,4,1,1,0.875,0.2,train,4
2858,['MHYKLDEVL'],1,4,1,1,0.85,0.6,train,4
5373,['YVLNGYTEF'],1,4,2,0,1.625,1.65,train,4
1053,['FQEALKKSL'],1,4,1,2,0.7,0.35,train,4
2743,['LTNDAFCKY'],1,4,2,1,1.125,1.05,train,4
1067,['FQSDIPPLL'],1,4,1,1,1.4249999999999998,0.55,train,4
2250,['KRMMMNLNY'],1,4,3,0,13.8,8.25,train,4
3715,['RRNDVARIF'],1,4,3,0,13.575,6.7,test,4
4023,['SLGFLFLLY'],1,4,2,2,2.6,0.9,train,4
2216,['KQLPPLAAW'],1,4,2,1,2.35,1.5999999999999999,train,4
1613,['HTQGFFPDW'],1,4,2,1,3.35,2.35,train,4
2883,['MLKLRQARL'],1,4,1,2,0.55,0.3,train,4
2510,['LLDGLLAWY'],1,4,0,2,0.125,0.1,train,4
3296,['QPRVRQQAL'],1,4,1,1,1.7,0.6499999999999999,train,4
772,['FADSDNIAM'],1,4,0,3,0.025,0.0,train,4
1414,['GRWMLPQGM'],1,4,0,0,0.4,0.45,train,4
4616,['VLMKQIPIW'],1,4,3,1,3.35,4.2,train,4
78,['AHSYDIPVL'],1,4,0,1,0.22500000000000003,0.25,train,4
2247,['KRLSVNQKY'],1,4,3,1,19.7,9.05,train,4
4942,['WRQEIGHPK'],1,4,1,2,1.05,0.15,train,4
3403,['REILFHNTM'],1,4,3,0,2.9749999999999996,2.45,train,4
424,['CHATLTHRL'],1,4,0,1,0.25,0.2,train,4
4850,['WESGAVLCV'],1,4,3,1,1.075,1.35,train,4
3705,['RRLHRLLLM'],1,4,4,0,20.475,15.8,train,4
2260,['KRYKNRVAS'],1,4,0,1,0.375,0.35,train,4
819,['FFYLKRVVL'],1,4,0,3,0.1,0.0,train,4
1403,['GRLVTVNPF'],1,4,3,0,2.8500000000000005,1.3,train,4
982,['FMNAVGHDW'],1,4,2,0,3.1500000000000004,2.25,train,4
1079,['FRDEAGAIL'],1,4,1,1,5.525,0.5,train,4
2710,['LSIIFGRSY'],1,4,1,3,0.975,0.0,train,4
3036,['MTQRVVIAL'],1,4,3,0,1.45,1.4,train,4
845,['FHNEFTQRL'],1,4,2,0,3.9000000000000004,2.6,train,4
3286,['QMRVRYYGL'],1,4,0,2,0.1875,0.15,train,4
2964,['MQESGVSKL'],1,4,1,1,0.55,0.35,train,4
1676,['IELITTIGF'],1,4,2,1,3.15,2.75,train,4
3887,['RWASGVSEI'],1,4,2,1,0.8999999999999999,0.85,train,4
3691,['RRFWFRLRP'],1,4,4,0,3.5,3.95,train,4
5027,['YHDPANWPL'],1,4,3,1,3.7,2.9000000000000004,train,4
834,['FHGEFTRAL'],1,4,2,0,1.4000000000000001,1.1,val,4
2010,['KEGKLQCRI'],1,4,1,3,0.85,0.0,test,4
480,['DEYQGNHMF'],1,4,2,2,2.525,1.65,train,4
799,['FEEAALCTF'],1,4,2,1,1.95,1.4,train,4
632,['ELRKRNEAL'],1,4,0,2,0.325,0.25,train,4
2817,['MAWLFFWAI'],1,4,1,2,1.75,0.1,train,4
4304,['TFFSGDHLY'],1,4,2,2,9.625,6.9,train,4
57,['AETAVNTLF'],1,4,3,1,5.65,3.9,train,4
2823,['MEFEFGTNW'],1,4,2,2,6.85,6.35,train,4
4373,['TLYNHHRQY'],1,4,2,1,2.7249999999999996,1.4500000000000002,train,4
1093,['FRQCTGRPK'],1,4,0,2,0.275,0.15,train,4
1125,['FTDISMSLY'],1,4,2,1,6.35,0.75,train,4
1100,['FRWTQSLRR'],1,4,2,2,1.225,0.75,train,4
4844,['WEIEPGIRF'],1,4,2,1,2.075,0.9,val,4
3734,['RRVAHSSLY'],1,4,3,0,18.125,3.9499999999999997,test,4
3742,['RRWKLLSSC'],1,4,1,0,1.5750000000000002,0.7,train,4
4845,['WEITYLGTT'],1,4,0,4,0.0,0.0,train,4
4645,['VMAASGAPF'],1,4,4,0,4.575,3.05,train,4
714,['ETRYSWAIL'],1,4,0,3,0.1,0.0,train,4
4858,['WFYDNDNPY'],1,4,2,0,1.425,0.9,train,4
42,['AELTGYGTV'],1,4,0,0,0.55,0.55,train,4
303,['ASVSFGLYY'],1,4,0,4,0.0,0.0,train,4
664,['EQITFMQAL'],1,4,1,1,0.7250000000000001,0.35,train,4
2501,['LITEQFLCY'],1,4,2,0,3.0250000000000004,1.45,train,4
2989,['MRMGDLHLL'],1,4,2,1,1.725,1.0,train,4
3674,['RRARYWLTY'],1,4,3,0,9.4,3.75,train,4
2009,['KEGENAASL'],1,4,1,3,0.6,0.0,train,4
2149,['KLYGLSQGY'],1,4,1,2,1.9,0.4,train,4
4228,['SVDSDHLGY'],1,4,0,1,0.15,0.15000000000000002,train,4
3815,['RVCEKMALY'],1,4,3,0,13.675,14.15,train,4
3732,['RRTKLPLTK'],1,4,2,2,13.375,12.6,train,4
2474,['LEVNNPTPF'],1,4,2,2,2.65,1.7,train,4
2289,['KSLVQYIKF'],1,4,4,0,4.85,4.85,train,4
275,['ARLGKGYMF'],1,4,3,0,9.6875,2.125,train,4
3660,['RQQAIVDLL'],1,4,0,3,0.025,0.0,train,4
3664,['RQVWWKALL'],1,4,2,1,1.675,1.7000000000000002,train,4
3712,['RRMMMRITE'],1,4,0,0,0.275,0.25,train,4
1579,['HQDDGQPRL'],1,4,2,1,1.2,0.9,train,4
2020,['KEVNSQLSL'],1,4,1,3,0.3,0.0,train,4
3081,['MYLRTIYDL'],1,4,3,0,9.124999999999998,8.399999999999999,train,4
4733,['VSFIEFVGW'],1,4,3,0,5.3500000000000005,6.35,train,4
459,['CTLNKSHLY'],1,4,1,0,1.3250000000000002,0.7,train,4
2008,['KEFNGPAML'],1,4,1,2,0.55,0.1,train,4
1851,['IRSCWRYRK'],1,4,2,2,5.0,3.25,val,4
3725,['RRRQWASCM'],1,4,4,0,2.0749999999999997,1.35,train,4
5271,['YRLVSAVEK'],1,4,2,2,2.55,1.45,test,4
4032,['SLKHRQYVF'],1,4,1,2,0.8999999999999999,0.35,train,4
3188,['NTFKFGVIY'],1,4,1,1,0.625,0.30000000000000004,train,4
3688,['RRFQHKDGH'],1,4,3,0,2.8500000000000005,2.9,train,4
1230,['GEISPLPSL'],1,4,2,0,2.7,0.85,train,4
661,['EQDGITYYL'],1,4,1,2,0.425,0.15,train,4
3702,['RRKTNLYGF'],1,4,3,0,3.775,4.05,train,4
3427,['REWSGLNYL'],1,4,2,0,2.075,1.4,val,4
808,['FESSVLKNL'],1,4,3,0,3.9675000000000002,4.585,train,4
1883,['ISTLPTEQF'],1,4,3,0,1.925,1.65,train,4
3441,['RHDITGFIL'],1,4,2,1,1.6749999999999998,0.95,test,4
634,['ELRRKMMYM'],1,4,0,2,0.3375,0.3,train,4
4562,['VELENGDVM'],1,4,2,2,0.575,0.5,train,4
3237,['QAKWRLQTL'],1,4,0,2,0.1875,0.05,train,4
3737,['RRVRDNMTK'],1,4,2,2,6.95,6.5,train,4
5361,['YVDHYYRDY'],1,4,1,1,0.9249999999999999,0.4,train,4
3731,['RRSRRSLTV'],1,4,2,0,2.725,1.25,train,4
1415,['GRWMRELVL'],1,4,2,0,2.9749999999999996,2.65,train,4
2013,['KELENEYYF'],1,4,1,2,2.325,0.4,train,4
5179,['YMRWRKHWL'],1,4,1,2,0.425,0.35,train,4
2253,['KRVDWSVEY'],1,4,3,0,8.95,3.25,train,4
2246,['KRLQILGYL'],1,4,4,0,4.575,2.95,train,4
3676,['RRAYSGKQY'],1,4,3,1,2.95,1.0,train,4
5029,['YHEDIHTYL'],1,4,0,1,0.225,0.25,train,4
4879,['WLKERLPGF'],1,4,1,0,3.025,0.75,train,4
1980,['KAFPLIQNM'],1,4,3,0,2.725,3.15,train,4
868,['FIRWRFYLL'],1,4,0,3,0.175,0.0,train,4
4365,['TLRRRFAVA'],1,4,0,3,0.125,0.0,train,4
4549,['VAYGRQVYL'],1,4,1,1,0.5,0.5,train,4
973,['FMGRLGPEY'],1,4,2,1,1.15,0.65,val,4
3201,['NYKWWWFSF'],1,4,3,0,5.925,5.75,train,4
4374,['TLYQNNHTY'],1,4,2,0,3.8,2.9000000000000004,test,4
3717,['RRNRKALWL'],1,4,4,0,10.25,5.699999999999999,train,4
2428,['LAKSVFNSL'],1,4,0,4,0.0,0.0,train,4
284,['ARYGIFLPF'],1,4,3,0,8.225,5.15,train,4
473,['DAYRRIHSL'],1,4,2,0,43.95,33.5,train,4
2239,['KRINSLIKY'],1,4,2,1,3.675,0.85,val,4
2469,['LERPLAVQL'],1,4,2,2,0.7250000000000001,0.55,test,4
3738,['RRVRRRVLV'],1,4,2,0,5.025,4.8,train,4
3681,['RRFFPYYVY'],1,4,3,0,19.225,18.85,train,4
849,['FHVNPAFVL'],1,4,2,1,3.45,3.55,train,4
3845,['RVLGRVLPY'],1,4,2,1,3.25,3.0,train,4
1389,['GRAVSSATF'],1,4,1,0,2.075,0.35,train,4
4718,['VQYRGLYQI'],1,4,0,1,0.25,0.30000000000000004,train,4
4581,['VIAAIHNAY'],1,4,1,1,1.0,0.75,train,4
271,['ARHGEYAPF'],1,4,2,0,4.325,2.4,train,4
3587,['RPFPKLRIL'],1,4,1,2,0.6625,0.15,train,4
5272,['YRNFSFSLK'],1,4,2,2,2.15,1.2,train,4
3726,['RRRVLSVVV'],1,4,1,1,1.35,0.25,train,4
3004,['MSPDNALIY'],1,4,1,1,1.225,0.45,train,4
4226,['SVASTITGV'],1,4,0,4,0.0,0.0,train,4
2854,['MHDPHSIPL'],1,4,3,1,12.775,13.3,train,4
4722,['VRHFPRIWL'],1,4,0,3,0.05,0.0,train,4
148,['ALRSRWRAL'],1,4,0,3,0.125,0.0,train,4
4124,['SQFGGGSQY'],1,4,3,1,3.7,2.9000000000000004,train,4
4711,['VQHAPQVSL'],1,4,1,1,1.2999999999999998,0.30000000000000004,train,4
3924,['SAFGGGNAF'],1,4,3,0,6.574999999999999,6.75,train,4
2768,['LVRGNSPVF'],1,4,2,0,3.375,1.45,train,4
1387,['GRADTKILF'],1,4,1,1,6.325,0.8500000000000001,train,4
5299,['YSGTINLHF'],1,4,1,1,0.7,0.55,train,4
3695,['RRHGMAWRQ'],1,4,1,1,0.47500000000000003,0.4,train,4
4242,['SVKERGPAY'],1,4,1,0,2.225,0.65,train,4
3983,['SHYSHNPKL'],1,4,1,1,2.675,0.5,train,4
5069,['YKSRCYVGL'],1,4,1,2,0.65,0.4,train,4
54,['AEREPFQYF'],1,4,3,1,4.525,3.95,train,4
4150,['SRIGAWASK'],1,4,1,2,0.7999999999999999,0.45,train,4
285,['ARYSNFAWY'],1,4,1,0,4.85,0.4,train,4
688,['ETALPQDSY'],1,4,1,0,0.75,0.4,train,4
4120,['SQDDNYFTL'],1,4,2,2,4.975,1.6,train,4
4939,['WRLYSPPPV'],1,4,0,1,0.325,0.3,train,4
4212,['STNTLPTEY'],1,4,0,2,0.175,0.15,train,4
1645,['IAKRRSYMM'],1,4,1,3,0.275,0.0,train,4
3417,['RERGLALHV'],1,4,1,3,0.45,0.0,train,4
3056,['MVEASGGRY'],1,4,0,3,0.075,0.0,train,4
2891,['MLRKKQITV'],1,4,0,3,0.125,0.0,train,4
477,['DELPFVAPV'],1,4,2,1,3.05,0.8,train,4
2560,['LMARRARSL'],1,4,1,1,0.5875,0.625,train,4
3530,['RLRRRRHPL'],1,4,0,2,0.225,0.2,train,4
375,['AVREATAAF'],1,4,3,0,5.8500000000000005,4.6,train,4
1908,['ITLPISASL'],1,4,4,0,3.175,3.3499999999999996,train,4
4429,['TRALVRTGM'],1,4,0,3,0.1,0.0,train,4
3677,['RRCLKPVIL'],1,4,2,0,1.45,1.15,train,4
5259,['YRFRFRSVY'],1,4,3,0,6.6,2.3,train,4
1994,['KAVRGDLNF'],1,4,3,0,1.9,1.85,train,4
3713,['RRMRRPTGK'],1,4,2,2,5.949999999999999,5.85,val,4
846,['FHNNWGATL'],1,4,2,1,3.95,3.0,test,4
4289,['TEAEKWPFF'],1,4,1,2,0.8999999999999999,0.35,train,4
3735,['RRVFHGVAK'],1,4,2,2,18.35,18.1,train,4
3517,['RLNAILLLY'],1,4,2,1,3.425,3.2,train,4
5033,['YHHTAINVL'],1,4,2,1,4.9,3.0,train,4
5038,['YIDNTTSWY'],1,4,0,0,0.30000000000000004,0.25,train,4
66,['AEYLYADGI'],1,4,2,0,2.875,1.15,val,4
4432,['TRDHVNLVL'],1,4,1,1,7.35,0.75,train,4
2261,['KRYKQMCTK'],1,4,2,1,13.675,12.950000000000001,test,4
4156,['SRLTYQWHK'],1,4,2,1,13.45,13.25,train,4
4261,['SYAYMRNGW'],1,4,3,0,8.375,9.05,train,4
2017,['KENENLRVL'],1,4,1,0,1.1500000000000001,0.30000000000000004,train,4
3981,['SHGPFFNAL'],1,4,1,1,0.55,0.55,train,4
3374,['RARQKGCTL'],1,4,1,3,1.175,0.0,train,4
673,['ERWFVRNPF'],1,4,0,2,0.1125,0.1,train,4
3419,['RERTQRLAI'],1,4,0,3,0.1,0.0,train,4
4544,['VAFTSHEHF'],1,4,3,0,2.075,2.15,val,4
1460,['GTTSIQTPW'],1,4,4,0,6.1,5.1,train,4
1668,['IEDKNLYMF'],1,4,3,1,0.95,1.1,test,4
1256,['GHLENNPAL'],1,4,3,1,2.4749999999999996,1.4,train,4
5264,['YRHKVVKVM'],1,4,3,0,10.399999999999999,9.2,train,4
1958,['IYFPLCFQF'],1,4,3,0,15.175,11.35,train,4
455,['CTDDNALAY'],1,4,1,1,6.025,0.5,val,4
2923,['MMYASWGVH'],1,4,2,2,0.875,0.7,train,4
499,['DLKRKFYTL'],1,4,0,2,0.2375,0.175,train,4
1856,['ISARGQELF'],1,4,3,0,4.4750000000000005,5.1,train,4
1388,['GRAGVVPRY'],1,4,2,1,7.824999999999999,0.7,train,4
1540,['HLIQNPNPF'],1,4,3,0,1.9249999999999998,2.3,train,4
595,['EIINNGISY'],1,4,0,3,0.225,0.0,train,4
3952,['SENPLTRSI'],1,4,3,0,3.025,1.15,train,4
3440,['RGRKRFHTL'],1,4,0,3,0.075,0.0,test,4
4380,['TMHQDVATF'],1,4,2,0,3.0250000000000004,1.75,val,4
3746,['RRYQIAQYK'],1,4,2,0,18.450000000000003,16.45,train,4
851,['FHVRTNYKI'],1,4,1,0,0.675,0.6000000000000001,train,4
3118,['NHMDGRTIL'],1,4,2,2,1.075,0.95,train,4
3506,['RLKPVGSAY'],1,4,4,0,6.625,5.6,train,4
1679,['IESNPLFPV'],1,4,1,0,1.675,0.8,train,4
1150,['FTWSGDVRY'],1,4,1,1,1.475,0.35,train,4
4364,['TLRFKTKAL'],1,4,0,2,0.2875,0.275,train,4
876,['FKYDSTKPL'],1,4,3,1,9.7,11.95,test,4
4869,['WKAIGAYIL'],1,4,2,1,3.375,3.4499999999999997,val,4
4780,['VTTDIQVKW'],1,4,4,0,6.275,5.9,train,4
3863,['RVRSMANVY'],1,4,1,1,2.6500000000000004,0.8500000000000001,train,4
4754,['VSTAPTGSW'],1,4,3,0,2.375,2.5999999999999996,test,4
4565,['VEMQLAVVI'],1,4,3,0,3.525,2.25,train,4
1527,['HHYSQAAVL'],1,4,3,1,11.950000000000001,12.5,train,4
4433,['TRIIGPVEL'],1,4,0,3,0.125,0.0,train,4
2961,['MQALGHPIL'],1,4,3,1,5.800000000000001,7.15,train,4
3369,['RAPHLPPQW'],1,4,2,0,2.1750000000000003,2.15,train,4
4736,['VSGKLIHEW'],1,4,4,0,8.25,8.2,train,4
146,['ALRQARAAF'],1,4,2,1,2.3499999999999996,1.4000000000000001,train,4
4389,['TMRTPLFPW'],1,4,3,1,1.175,1.4500000000000002,train,4
3255,['QHAWPLPPL'],1,4,3,1,4.825,5.25,train,4
202,['AMYAPYGPF'],1,4,2,0,2.5,1.75,train,4
3696,['RRHPMRLRK'],1,4,3,0,18.925,18.099999999999998,train,4
5232,['YQGSYGFRL'],1,4,0,1,0.3,0.30000000000000004,train,4
2237,['KRIAPMLYK'],1,4,2,2,7.449999999999999,6.8,val,4
2693,['LRWLVERRF'],1,4,0,1,0.22500000000000003,0.25,train,4
1678,['IESLALTLF'],1,4,2,2,2.1,1.3,test,4
64,['AEVSNLSVM'],1,4,1,1,3.0250000000000004,0.65,train,4
5276,['YRSDIVGTY'],1,4,3,0,11.875,2.4000000000000004,train,4
3461,['RIYKRSLKL'],1,4,0,3,0.075,0.0,train,4
1899,['ITDYIVGYY'],1,4,0,2,0.30000000000000004,0.2,train,4
5275,['YRRVNGKWM'],1,3,0,2,0.06666666666666667,0.0,test,3
4985,['YARLRKEVL'],1,3,2,0,2.4166666666666665,1.9,val,3
3724,['RRRPVTRPL'],1,3,1,1,2.433333333333333,0.2,val,3
2722,['LSVIPSNPY'],1,3,2,1,3.7999999999999994,3.2,test,3
3096,['NEGRHHLLV'],1,3,0,2,0.06666666666666667,0.0,train,3
4620,['VLNGLLPPY'],1,3,1,0,0.6,0.3,train,3
3671,['RRAAVSTLE'],1,3,0,2,0.06666666666666667,0.0,train,3
3654,['RQMLHEIGR'],1,3,0,3,0.0,0.0,train,3
877,['FLAADALVL'],1,3,1,1,1.2,0.9,val,3
1393,['GRFSPLLLY'],1,3,1,1,4.0,0.3,test,3
810,['FETMVFPAV'],1,3,1,0,2.1,0.8,train,3
598,['EIIWPDRQM'],1,3,0,1,0.2333333333333333,0.3,train,3
1499,['HAAVRRNAF'],1,3,3,0,4.216666666666667,5.4,val,3
534,['DTVLFNAGL'],1,3,0,2,0.03333333333333333,0.0,train,3
3169,['NRYGVAYVY'],1,3,2,1,5.466666666666666,5.7,test,3
4310,['TFWMGSHEV'],1,3,0,1,0.13333333333333333,0.2,train,3
907,['FLILGMLLM'],1,3,1,2,0.43333333333333335,0.0,val,3
5348,['YTPLNYSKF'],1,3,1,0,0.6333333333333333,0.4,train,3
5108,['YLKPKIWRF'],1,3,1,0,1.1666666666666667,0.8,test,3
589,['EIARIVEQM'],1,3,2,1,3.0666666666666664,1.2,val,3
1412,['GRVIPRMLY'],1,3,1,2,0.3666666666666667,0.0,train,3
865,['FIRDCSVAL'],1,3,2,0,5.066666666666666,5.3,train,3
3263,['QIQAGNFHW'],1,3,2,1,2.766666666666667,2.4,train,3
4166,['SRYGVKLKA'],1,3,0,2,0.03333333333333333,0.0,train,3
2985,['MRFLFDLFK'],1,3,1,2,0.5,0.0,val,3
1480,['GVQGFIFFF'],1,3,0,2,0.06666666666666667,0.0,train,3
1199,['FYLPNIVDY'],1,3,1,1,0.8333333333333334,0.3,train,3
5285,['YRYEFNNDW'],1,3,1,1,2.1,0.6,train,3
5257,['YRFLSLDGY'],1,3,1,0,2.433333333333333,0.6,train,3
5295,['YSDIFNNVL'],1,3,0,1,0.10000000000000002,0.1,train,3
3927,['SALGFTGVY'],1,3,2,1,4.7,3.9,test,3
5261,['YRFYGRFVA'],1,3,1,0,1.6000000000000003,0.9,test,3
798,['FEAVYKNLI'],1,3,0,2,0.09999999999999999,0.0,train,3
69,['AFHGLDVKF'],1,3,2,0,1.7333333333333334,2.0,val,3
2758,['LVAYGGSWK'],1,3,2,0,0.9666666666666668,1.0,test,3
3270,['QLKSRAAVL'],1,3,0,2,0.11666666666666665,0.0,train,3
2357,['KVAQAAAAM'],1,3,2,1,6.166666666666667,2.2,test,3
670,['ERKHRHLPV'],1,3,1,1,0.7999999999999999,0.7,val,3
2810,['MANIFRGSY'],1,3,0,3,0.0,0.0,train,3
731,['EVDQTKIQY'],1,3,1,1,0.4666666666666666,0.4,train,3
2487,['LHDAIMVEL'],1,3,0,1,0.3,0.4,train,3
4287,['TAYCPLQHW'],1,3,2,0,3.633333333333333,3.8,val,3
3716,['RRNNRVFFR'],1,3,2,1,10.5,1.0,test,3
1215,['GEAMDTISV'],1,3,2,0,4.966666666666667,1.3,val,3
1095,['FRRGNASTL'],1,3,1,1,0.7666666666666666,0.4,test,3
3408,['RELPGRVLL'],1,3,1,1,1.8,0.4,train,3
238,['APRGFRAAF'],1,3,0,0,0.19999999999999998,0.1,train,3
3438,['RGRAATMAL'],1,3,1,0,1.5666666666666667,0.4,val,3
5021,['YGIAAHWSY'],1,3,2,0,2.1999999999999997,2.5,test,3
633,['ELRQLAQSL'],1,3,0,2,0.13333333333333333,0.0,train,3
1595,['HSEEGSRAY'],1,3,1,0,1.2166666666666668,0.35,train,3
1942,['IVNMGNPDY'],1,3,0,1,0.16666666666666666,0.2,train,3
4157,['SRMEHQLGH'],1,3,3,0,1.0333333333333334,1.0,train,3
567,['EEITPHCAL'],1,3,1,1,3.133333333333333,0.7,train,3
864,['FINMFLFNY'],1,3,2,0,2.6999999999999997,3.2,val,3
4046,['SLRRELSGY'],1,3,1,2,2.3333333333333335,0.0,train,3
3989,['SIIQEKLGY'],1,3,1,0,3.066666666666667,0.3,test,3
1564,['HPKLRPILL'],1,3,0,2,0.21666666666666667,0.0,train,3
1837,['IQNKLSSTF'],1,3,1,1,3.533333333333333,0.9,val,3
3193,['NTSTCFQEY'],1,3,0,1,0.16666666666666666,0.2,train,3
777,['FAFVTDNTY'],1,3,3,0,4.133333333333334,4.6,train,3
4388,['TMRLRSEVL'],1,3,0,2,0.06666666666666667,0.0,train,3
4720,['VRFANELSF'],1,3,3,0,4.466666666666667,1.5,train,3
1743,['ILLRKGHVF'],1,3,1,0,1.7333333333333334,0.4,train,3
2833,['MEYDAVATT'],1,3,3,0,4.233333333333333,4.3,train,3
3558,['RMMATKDSF'],1,3,3,0,5.6000000000000005,3.8,train,3
1340,['GMKRSFYVY'],1,3,2,1,5.166666666666667,5.4,test,3
1108,['FSFEIALLK'],1,3,2,0,9.0,2.1,train,3
4668,['VMYNLWKMK'],1,3,0,0,0.6999999999999998,0.7,train,3
1391,['GRFGVGNRY'],1,3,1,1,3.366666666666667,0.3,train,3
2515,['LLFLPKAAY'],1,3,2,0,4.033333333333333,1.7,val,3
445,['CRIKQIINM'],1,3,0,3,0.0,0.0,train,3
5321,['YTDLTYQSF'],1,3,2,0,2.466666666666667,1.7,test,3
3698,['RRIEEICMK'],1,3,1,2,7.833333333333333,0.0,train,3
194,['AMRVGSSIM'],1,3,2,1,3.1,1.8,train,3
1840,['IQYDRRSFF'],1,3,2,1,3.0999999999999996,1.1,train,3
3379,['RAVEPGTVL'],1,3,1,1,0.8333333333333334,0.1,val,3
857,['FIFPASKVY'],1,3,3,0,3.4,1.9,train,3
2763,['LVGAAIHPF'],1,3,1,0,2.1,0.9,train,3
540,['DVKFHTQAF'],1,3,1,0,1.2666666666666668,0.4,test,3
2254,['KRVLHMLLL'],1,3,3,0,6.766666666666666,5.0,train,3
4572,['VFKVKLHEI'],1,3,0,0,0.3666666666666667,0.4,train,3
2245,['KRLLLKLDF'],1,3,3,0,5.233333333333333,5.0,train,3
3838,['RVKQHMASM'],1,3,1,1,4.166666666666667,0.5,train,3
1697,['IHYAGWVSL'],1,3,2,1,2.966666666666667,3.4,train,3
5173,['YMPSVVETL'],1,3,1,0,0.6,0.3,train,3
990,['FMTRLGPLL'],1,3,0,1,0.3333333333333333,0.4,train,3
3704,['RRLAATTEK'],1,3,2,0,35.166666666666664,52.4,val,3
2986,['MRHNSREPY'],1,3,0,2,0.19999999999999998,0.0,train,3
2857,['MHTLIFENL'],1,3,0,3,0.0,0.0,train,3
3727,['RRRWCGLGL'],1,3,3,0,5.066666666666666,5.0,train,3
1590,['HRTLLMNEL'],1,3,0,3,0.0,0.0,train,3
4308,['TFMGMNVQF'],1,3,2,0,1.2666666666666666,1.5,test,3
2259,['KRYGPALSI'],1,3,3,0,16.8,11.3,train,3
1551,['HLTWSHAGY'],1,3,1,1,0.7666666666666667,0.2,val,3
44,['AEMLASIDL'],1,3,2,0,4.3999999999999995,1.1,train,3
1833,['IQMCTELKL'],1,3,1,1,3.1666666666666665,0.4,test,3
2770,['LVSMMIAMK'],1,3,2,0,2.6,2.5,train,3
5067,['YKEPNSIIL'],1,3,2,1,10.700000000000001,13.5,train,3
4427,['TQSPVSVGF'],1,3,1,0,2.6999999999999997,0.2,train,3
1104,['FRYNGLIHR'],1,3,1,0,4.366666666666667,0.3,train,3
3381,['RAVPPNPTI'],1,3,2,0,1.7333333333333332,1.5,val,3
4159,['SRQRQAIPY'],1,3,1,1,0.43333333333333335,0.3,train,3
2998,['MSFQGRGVF'],1,3,1,1,2.766666666666667,0.4,train,3
4307,['TFMDHVLRY'],1,3,1,1,7.8999999999999995,0.3,train,3
5043,['YIGGTTQAF'],1,3,2,1,3.0,1.8,test,3
4219,['STYWLMAGL'],1,3,0,0,0.5333333333333333,0.4,train,3
5260,['YRFRKSSKK'],1,3,2,1,9.533333333333333,11.3,train,3
268,['ARAFIESHY'],1,3,1,1,4.033333333333333,0.2,train,3
4647,['VMADRTRHL'],1,3,0,3,0.0,0.0,train,3
2374,['KVHMGSWSY'],1,3,2,1,3.1,1.6,val,3
1880,['ISSGETRSF'],1,3,1,1,0.5333333333333333,0.6,test,3
1431,['GSRAYRNAL'],1,3,0,3,0.0,0.0,train,3
1070,['FQVNRFTGY'],1,3,2,1,3.0,2.4,test,3
3837,['RVKLSALTL'],1,3,1,0,1.8666666666666665,0.5,val,3
1373,['GQFDSMLAK'],1,3,3,0,7.800000000000001,6.1,train,3
2460,['LEFFLMVLL'],1,3,1,2,1.3666666666666665,0.0,train,3
3764,['RSNDTELNY'],1,3,2,0,15.4,10.4,train,3
3271,['QLKYKYPAL'],1,3,0,3,0.0,0.0,train,3
662,['EQFPNATAF'],1,3,1,0,2.5666666666666664,0.6,train,3
5273,['YRNIEFFTK'],1,3,1,2,0.5,0.0,train,3
4316,['THEGVVCAL'],1,3,0,1,0.26666666666666666,0.3,train,3
1587,['HRLMSAAIK'],1,3,2,1,7.566666666666667,11.3,val,3
4220,['SVAGRVDGL'],1,3,1,0,6.366666666666667,0.3,test,3
2540,['LLMTGGVTL'],1,3,2,0,5.533333333333332,5.6,train,3
1486,['GWGNGCGLF'],1,3,0,0,0.61,0.53,train,3
163,['ALYEASTTY'],1,3,3,0,4.133333333333334,3.6,train,3
2785,['LYKTIVNIW'],1,3,2,0,10.866666666666667,4.9,test,3
5015,['YFKRELKSF'],1,3,0,1,0.19999999999999998,0.3,train,3
4842,['WEEKAHFCL'],1,3,1,1,1.2333333333333332,0.9,val,3
4283,['TAHLKRLWK'],1,3,0,1,0.26666666666666666,0.3,train,3
2562,['LMIGTAAAV'],1,3,1,2,1.5999999999999999,0.0,train,3
2665,['LQIDTDDSL'],1,3,1,1,1.9666666666666668,0.4,train,3
4153,['SRLGIVVLR'],1,3,2,1,8.299999999999999,10.4,val,3
2668,['LQKGGVIVY'],1,3,3,0,4.833333333333333,1.8,train,3
3739,['RRVVVSAVV'],1,3,1,1,1.6666666666666667,0.9,train,3
1798,['IPDELIDVL'],1,3,0,3,0.0,0.0,train,3
2676,['LQRFSVAPM'],1,3,2,0,5.3,3.0,test,3
916,['FLLDGGAPF'],1,3,2,0,2.733333333333333,2.5,train,3
516,['DSFAGSLIW'],1,3,2,0,0.8666666666666666,1.0,train,3
2431,['LAMYHGQTY'],1,3,1,2,0.7000000000000001,0.0,val,3
3729,['RRSHDVLTV'],1,3,1,0,0.6833333333333332,0.5,test,3
4439,['TRYKGWPKV'],1,3,1,1,0.5666666666666668,0.1,train,3
269,['ARFWVGLAK'],1,3,1,2,2.3000000000000003,0.0,train,3
3308,['QRHPNFPSK'],1,3,0,3,0.0,0.0,train,3
1394,['GRGLICLSL'],1,3,2,1,4.133333333333334,1.1,val,3
1712,['IITANWLPF'],1,3,1,1,1.4000000000000001,0.3,train,3
3940,['SEEEGSLKL'],1,3,1,1,1.2333333333333332,0.9,train,3
3714,['RRNDGVVQY'],1,3,3,0,8.8,3.1,train,3
2335,['KTNRTGLLM'],1,3,2,0,1.4333333333333333,1.2,test,3
5060,['YIYDGKVNY'],1,3,2,1,5.233333333333333,1.3,train,3
873,['FKLVNTIYL'],1,3,1,1,1.0,0.4,train,3
4841,['WEALDTMYV'],1,3,0,1,0.5,0.6,train,3
3994,['SIQDNQVAY'],1,3,0,0,0.4666666666666666,0.6,train,3
1107,['FSDLLSMAW'],1,3,2,0,3.4666666666666663,1.0,val,3
4396,['TPFGQQRVF'],1,3,2,0,2.3333333333333335,3.0,test,3
2272,['KSDPIMLLK'],1,3,3,0,7.5,7.7,train,3
165,['ALYEKKLAL'],1,3,1,0,6.633333333333333,0.4,train,3
4944,['WRTIMAVLF'],1,3,1,2,2.6666666666666665,0.0,val,3
1098,['FRWDYIPPT'],1,3,0,2,0.26666666666666666,0.0,train,3
906,['FLIGVYQQY'],1,3,3,0,2.2666666666666666,1.6,train,3
277,['ARNINLSLL'],1,3,0,0,0.5333333333333333,0.7,train,3
447,['CRRLNTKYL'],1,3,0,2,0.06666666666666667,0.0,train,3
3789,['RTHTLRDAK'],1,3,2,0,10.799999999999999,1.4,train,3
1418,['GRYSVRYVR'],1,3,2,1,2.6,3.8,train,3
2109,['KLLNRVIGY'],1,3,2,1,2.533333333333333,3.3,train,3
38,['AELFVAHYM'],1,3,1,2,0.5666666666666667,0.0,test,3
3853,['RVQFIPGQR'],1,3,2,1,1.4000000000000001,1.7,train,3
4436,['TRRFLPQIL'],1,3,1,1,0.7999999999999999,0.5,train,3
3549,['RMGAAVTPY'],1,3,1,1,3.266666666666667,0.4,train,3
1240,['GERQNATEI'],1,3,1,2,0.4666666666666666,0.0,val,3
2074,['KLAQAVMEM'],1,3,3,0,10.466666666666667,4.5,train,3
513,['DQIRNMSVI'],1,3,0,2,0.06666666666666667,0.0,train,3
2717,['LSSIGIPAY'],1,3,0,2,0.13333333333333333,0.0,train,3
3701,['RRKAKMLPK'],1,3,1,2,3.1666666666666665,0.0,test,3
1854,['IRYPLTFGW'],1,3,1,2,9.033333333333333,0.0,train,3
4756,['VTALTIAYL'],1,3,1,0,5.233333333333333,0.3,train,3
3531,['RLSSLSLAL'],1,3,2,0,3.233333333333334,3.9,val,3
3110,['NEWYVQPQA'],1,3,1,0,2.1999999999999997,0.9,train,3
2151,['KLYPNVDFY'],1,3,1,1,3.2999999999999994,0.2,train,3
2039,['KHNDNLWTV'],1,3,1,2,0.43333333333333335,0.0,train,3
3283,['QMRACARRL'],1,3,0,3,0.0,0.0,train,3
4851,['WEVVIGMEV'],1,3,0,2,0.19999999999999998,0.0,train,3
3117,['NHIRIEYII'],1,3,0,2,0.09999999999999999,0.0,train,3
3472,['RKMPHLFSK'],1,3,2,1,2.9,1.1,test,3
4724,['VRKSIRIQL'],1,3,0,1,0.2333333333333333,0.2,train,3
3278,['QLSLRMLSL'],1,3,0,3,0.0,0.0,val,3
3962,['SEVTTCFFL'],1,3,3,0,2.8666666666666667,1.6,val,3
4862,['WHTTKGAAL'],1,3,2,1,2.6999999999999997,1.7,test,3
2152,['KLYSYGIGY'],1,3,2,0,3.3333333333333335,2.3,val,3
924,['FLLVRIHPL'],1,3,0,3,0.0,0.0,train,3
2745,['LTQAAGQAF'],1,3,2,1,4.366666666666666,1.1,test,3
470,['DAMENPLSL'],1,3,1,2,0.3333333333333333,0.0,test,3
1542,['HLKRRKEPL'],1,3,1,2,0.39999999999999997,0.0,train,3
3301,['QQLYTSPSF'],1,3,1,0,1.7333333333333334,0.3,val,3
4930,['WQGPSAAAY'],1,3,1,0,3.733333333333333,0.6,test,3
4646,['VMADFDLEM'],1,3,1,0,1.866666666666667,0.9,train,3
4992,['YECETYKEL'],1,3,2,1,1.6000000000000003,1.6,train,3
3672,['RRAGERGAL'],1,3,0,1,0.3333333333333333,0.4,train,3
4729,['VSDTTVLLH'],1,3,2,0,2.6999999999999997,1.1,val,3
4465,['TTIEDILPK'],1,3,1,2,16.099999999999998,0.0,train,3
4142,['SRALLLNKY'],1,3,1,2,4.433333333333334,0.0,train,3
2660,['LPWSSPQLW'],1,3,1,1,1.0,0.6,train,3
3736,['RRVGEQVNL'],1,3,2,0,3.6333333333333333,2.4,test,3
301,['ASSSNYNTY'],1,3,1,0,2.6666666666666665,0.3,train,3
98,['AIYESNIGY'],1,3,1,0,6.1000000000000005,0.7,train,3
4723,['VRKCLQLIF'],1,3,2,0,4.2,1.2,train,3
1682,['IFFFLFNIL'],1,3,0,0,0.5166666666666666,0.6,train,3
3170,['NRYLPHFPV'],1,3,0,2,0.06666666666666667,0.0,train,3
1843,['IRFKDDSSF'],1,3,1,1,0.8333333333333334,0.7,val,3
3397,['REFEAQNVP'],1,3,3,0,11.633333333333333,2.4,train,3
4282,['TAAIMLASY'],1,3,2,0,2.766666666666667,3.1,test,3
3581,['RPAPGGKAY'],1,3,3,0,4.983333333333333,6.1,train,3
1853,['IRYLGVLLY'],1,3,0,2,0.2333333333333333,0.0,train,3
3743,['RRWRRLTVC'],1,3,3,0,3.4333333333333336,3.6,train,3
5068,['YKSADHRTL'],1,3,2,1,6.199999999999999,1.7,val,3
2675,['LQPSDTLLF'],1,3,1,0,1.7666666666666668,0.5,test,3
2695,['LRYTSQLDL'],1,3,1,2,0.6333333333333333,0.0,train,3
1076,['FRAICTNGL'],1,3,2,0,1.0999999999999999,1.1,train,3
2888,['MLMFITSSH'],1,3,1,2,1.7333333333333334,0.0,train,3
2747,['LTSAQSGDY'],1,3,0,1,0.20000000000000004,0.2,train,3
5191,['YNIDRLNAL'],1,3,0,1,0.3,0.4,train,3
296,['ASLPTTIAK'],1,2,2,0,62.0,62.0,train,2
4306,['TFMDGTPEL'],1,2,1,0,0.9,0.9,val,2
3062,['MVGVGSLVK'],1,2,0,0,0.35,0.35,train,2
4547,['VALSEQGEF'],1,2,0,1,0.2,0.2,train,2
84,['AIFGQTGPK'],1,2,2,0,12.55,12.55,test,2
3936,['SCRVKLSAL'],1,2,1,1,1.9,1.9,val,2
2242,['KRKLMYVSA'],1,2,1,1,0.9,0.9,val,2
3639,['RQAELSKAY'],1,2,2,0,4.7,4.7,train,2
167,['ALYSYASAK'],1,2,2,0,55.324999999999996,55.324999999999996,train,2
4434,['TRLLWAEIL'],1,2,0,1,0.2,0.2,test,2
4113,['SPVIVNGAM'],1,2,2,0,2.6,2.6,train,2
15,['AARIAGRHM'],1,2,1,1,2.1,2.1,train,2
1835,['IQNDLITEF'],1,2,2,0,4.7,4.7,train,2
426,['CIIGTVSKF'],1,2,1,0,3.8,3.8,train,2
4699,['VPRLGDKTF'],1,2,2,0,4.45,4.45,train,2
2787,['LYNTAIVGL'],1,2,2,0,4.95,4.95,train,2
346,['ATVVIGTSK'],1,2,2,0,12.25,12.25,train,2
1862,['ISDYDYYRY'],1,2,1,1,2.95,2.95,train,2
2394,['KVYTMDGEY'],1,2,1,1,5.4,5.4,train,2
1432,['GSVVASQIF'],1,2,0,2,0.0,0.0,train,2
3262,['QINELHHSK'],1,2,1,1,2.95,2.95,train,2
1632,['HYGTEGQEF'],1,2,0,0,0.45,0.45,train,2
5138,['YLSGANLNL'],1,2,1,1,6.35,6.35,test,2
3915,['RYRTAVCGL'],1,2,2,0,1.85,1.85,train,2
4612,['VLKPTTYKF'],1,2,2,0,4.8999999999999995,4.8999999999999995,train,2
1220,['GEELPTVVL'],1,2,0,0,0.55,0.55,train,2
1849,['IRMWNQAAL'],1,2,1,0,1.25,1.25,train,2
1144,['FTRDTGATL'],1,2,2,0,3.5,3.5,train,2
3931,['SASLAALFY'],1,2,0,0,0.5,0.5,train,2
4260,['SYAAAQRKL'],1,2,0,0,0.25,0.25,train,2
2402,['KYFDDVTAF'],1,2,2,0,10.65,10.65,train,2
3443,['RHYSASFKK'],1,2,1,0,1.75,1.75,train,2
2726,['LTDDMIAAY'],1,2,1,0,13.25,13.25,val,2
3075,['MWHVTRGAF'],1,2,0,0,0.55,0.55,train,2
1902,['ITGQIIFGF'],1,2,0,0,0.55,0.55,train,2
5002,['YESSHWLVV'],1,2,1,0,0.7,0.7,test,2
393,['AWILTAGFL'],1,2,0,1,0.3,0.3,train,2
5301,['YSHYSHNPK'],1,2,2,0,15.799999999999999,15.799999999999999,train,2
3551,['RMGVQMQRF'],1,2,1,0,2.75,2.75,val,2
3460,['RIYCQENPY'],1,2,1,0,5.75,5.75,test,2
1468,['GVEGIGLQY'],1,2,1,0,0.625,0.625,train,2
1501,['HADQLTPAW'],1,2,2,0,2.6,2.6,train,2
443,['CQATSQYYF'],1,2,1,0,2.55,2.55,train,2
37,['AEKENVKTL'],1,2,1,1,3.0,3.0,train,2
5291,['YRYTYRCHR'],1,2,0,0,0.4,0.4,train,2
1669,['IEEFGTGVF'],1,2,1,0,1.9500000000000002,1.9500000000000002,train,2
3244,['QEHDCLQIV'],1,2,2,0,2.4,2.4,train,2
1437,['GTDSNGMLW'],1,2,1,0,2.1,2.1,train,2
1128,['FTERSDKSY'],1,2,0,1,0.4,0.4,train,2
5309,['YSQESPQSY'],1,2,2,0,6.85,6.85,train,2
437,['CLYPWAIFH'],1,2,0,0,0.44999999999999996,0.44999999999999996,train,2
1957,['IYDHSRKPF'],1,2,0,0,0.44999999999999996,0.44999999999999996,train,2
763,['EYKKSLYKF'],1,2,1,0,1.6500000000000001,1.6500000000000001,val,2
812,['FFFLFNIKK'],1,2,0,1,0.15,0.15,train,2
1756,['ILQEMSETY'],1,2,1,0,5.15,5.15,test,2
2316,['KTDVIDLLY'],1,2,2,0,24.35,24.35,train,2
4633,['VLSELPDFL'],1,2,1,0,0.65,0.65,val,2
2842,['MFSVYDYGF'],1,2,0,0,0.45,0.45,train,2
2835,['MFAVGTWMM'],1,2,1,0,4.5,4.5,test,2
90,['AIKCVDIVK'],1,2,1,1,2.15,2.15,train,2
5040,['YIFRNTINM'],1,2,1,0,0.8500000000000001,0.8500000000000001,train,2
549,['DYMPSMKRF'],1,2,1,0,4.525,4.525,train,2
3010,['MSSAMSMMH'],1,2,0,0,0.3,0.3,train,2
4128,['SQISNTEMY'],1,2,2,0,3.9,3.9,train,2
3119,['NHYLCLNCL'],1,2,2,0,2.65,2.65,train,2
387,['AVYKTYGQY'],1,2,1,0,2.1999999999999997,2.1999999999999997,val,2
5008,['YFDDVTAFL'],1,2,1,1,0.7,0.7,test,2
3243,['QEGSLKTAL'],1,2,2,0,5.175,5.175,train,2
582,['EGIEGRIAY'],1,2,1,0,0.75,0.75,train,2
4746,['VSNRCPICK'],1,2,2,0,12.55,12.55,train,2
2416,['KYYLAYTSY'],1,2,0,0,0.25,0.25,train,2
95,['AITTSNCAK'],1,2,1,0,3.4,3.4,train,2
1598,['HSIPTLRDY'],1,2,1,0,5.45,5.45,train,2
2093,['KLHRYIDSM'],1,2,1,0,0.8999999999999999,0.8999999999999999,train,2
1877,['ISRDIMDAY'],1,2,2,0,7.8,7.8,train,2
4981,['YAMMSLFDM'],1,2,1,0,2.45,2.45,train,2
4923,['WPVLGSEVL'],1,2,1,0,1.0,1.0,train,2
2704,['LSDNLSLVY'],1,2,2,0,18.599999999999998,18.599999999999998,train,2
2580,['LMTGGVTLV'],1,2,1,0,1.15,1.15,train,2
931,['FLPKAAYAL'],1,2,1,0,2.4,2.4,train,2
2705,['LSEEANWAF'],1,2,0,0,0.4,0.4,train,2
4814,['VWKQLFPEL'],1,2,2,0,1.05,1.05,train,2
134,['ALLRAATYY'],1,2,1,1,1.9,1.9,val,2
511,['DPKKTGGPI'],1,2,0,0,0.175,0.175,train,2
3168,['NRYGLPEKM'],1,2,0,2,0.0,0.0,train,2
2377,['KVIVYCHYY'],1,2,1,1,2.7,2.7,test,2
378,['AVRLVVGPL'],1,2,1,1,1.9,1.9,train,2
1718,['ILATDIAEM'],1,2,2,0,4.0,4.0,train,2
1934,['IVFMWAIHH'],1,2,2,0,1.9,1.9,train,2
257,['AQLYAYAGF'],1,2,1,0,4.0,4.0,train,2
4489,['TVAPPAPVY'],1,2,2,0,11.55,11.55,train,2
2387,['KVSDSNLHK'],1,2,2,0,57.349999999999994,57.349999999999994,train,2
4969,['WYGMEIRPL'],1,2,0,0,0.125,0.125,train,2
4196,['STDDCFANK'],1,2,1,1,3.7,3.7,train,2
3852,['RVPVSCAVY'],1,2,2,0,8.15,8.15,train,2
759,['EYAPFARLL'],1,2,1,0,2.1,2.1,train,2
1448,['GTHPFSRIR'],1,2,1,0,1.2,1.2,train,2
196,['AMSAQAAAF'],1,2,1,1,5.45,5.45,train,2
3501,['RLIGHISTL'],1,2,2,0,7.3,7.3,train,2
450,['CSDAFYPFY'],1,2,1,0,1.1,1.1,train,2
1174,['FVHTLLKTY'],1,2,1,0,0.7999999999999999,0.7999999999999999,val,2
192,['AMPKTIYEL'],1,2,1,0,0.9500000000000001,0.9500000000000001,test,2
4576,['VFTSRIQVI'],1,2,0,0,0.7,0.7,train,2
2314,['KTDIVNTTY'],1,2,2,0,14.174999999999999,14.174999999999999,train,2
4747,['VSPLAVTWW'],1,2,0,1,0.3,0.3,train,2
1192,['FWPQHFGLI'],1,2,2,0,4.7,4.7,train,2
1504,['HAPWTQMAM'],1,2,1,0,1.25,1.25,train,2
270,['ARGVNLCLL'],1,2,0,2,0.0,0.0,train,2
4004,['SLAIDAYPL'],1,2,1,0,1.55,1.55,val,2
198,['AMVDGVSVL'],1,2,1,0,3.05,3.05,test,2
5235,['YQKKNASVY'],1,2,2,0,6.6,6.6,train,2
4443,['TSCAPMMQK'],1,2,2,0,23.0,23.0,train,2
1288,['GLHTDQSLY'],1,2,1,0,2.65,2.65,train,2
4947,['WSFLEDRVY'],1,2,1,0,1.4,1.4,train,2
2187,['KPKHLYVSM'],1,2,1,0,4.15,4.15,train,2
3454,['RIKTRLFTI'],1,2,0,1,0.05,0.05,train,2
3996,['SIVADMVTY'],1,2,2,0,16.6,16.6,train,2
869,['FIRYGDASL'],1,2,1,0,1.95,1.95,train,2
3835,['RVITAPPYY'],1,2,2,0,3.75,3.75,train,2
1413,['GRWLGFWNA'],1,2,0,0,0.15000000000000002,0.15000000000000002,train,2
452,['CSDETTLYY'],1,2,1,0,29.5,29.5,train,2
5234,['YQIEGAWRA'],1,2,1,0,1.75,1.75,train,2
2699,['LSDDAVVCY'],1,2,2,0,14.45,14.45,train,2
2518,['LLGEHGVAF'],1,2,1,0,3.1999999999999997,3.1999999999999997,train,2
4144,['SRDYYRHKV'],1,2,0,1,0.1,0.1,train,2
3487,['RLCYGGPWK'],1,2,2,0,5.949999999999999,5.949999999999999,val,2
3337,['QWLIEPCKL'],1,2,0,0,0.725,0.725,train,2
3076,['MYADDTAGW'],1,2,2,0,5.7,5.7,test,2
408,['AYQQGVKTL'],1,2,1,0,1.3,1.3,val,2
4595,['VLDCRTAFK'],1,2,2,0,11.975000000000001,11.975000000000001,train,2
3781,['RTEILGLVK'],1,2,2,0,2.4,2.4,train,2
1860,['ISDEFMWRY'],1,2,1,0,5.300000000000001,5.300000000000001,train,2
3859,['RVRQAWDTL'],1,2,2,0,3.9000000000000004,3.9000000000000004,train,2
2025,['KFHQIEKEF'],1,2,1,0,1.25,1.25,train,2
3429,['RFFKHFMSL'],1,2,2,0,4.7,4.7,train,2
3995,['SIRDGVRAY'],1,2,2,0,5.1,5.1,train,2
1892,['ITASKDLCF'],1,2,1,1,0.9,0.9,train,2
4809,['VVYKEAKIK'],1,2,1,0,5.45,5.45,train,2
818,['FFSPVIASL'],1,2,2,0,14.25,14.25,train,2
1479,['GVNKQTAMK'],1,2,2,0,13.55,13.55,train,2
336,['ATPHSVWVF'],1,2,0,0,0.44999999999999996,0.44999999999999996,train,2
2856,['MHQVLDEAI'],1,2,0,2,0.0,0.0,train,2
2080,['KLFAAETLK'],1,2,2,0,26.349999999999998,26.349999999999998,train,2
2778,['LYDYKENRF'],1,2,0,0,0.4,0.4,train,2
2059,['KINRSKTPY'],1,2,2,0,1.75,1.75,train,2
2897,['MLVGQVTLL'],1,2,2,0,3.3,3.3,train,2
3505,['RLKHIFLIF'],1,2,1,0,1.3,1.3,test,2
3767,['RSRLVSLAL'],1,2,2,0,6.95,6.95,train,2
4446,['TSGGLLLAW'],1,2,0,1,0.35,0.35,train,2
2484,['LFQPLHTVM'],1,2,0,1,0.05,0.05,train,2
1346,['GMQIRGFVY'],1,2,1,1,2.85,2.85,val,2
2432,['LANETTQAL'],1,2,0,0,0.75,0.75,train,2
3513,['RLMATKNIY'],1,2,1,1,4.05,4.05,test,2
1610,['HTKKEMRSF'],1,2,2,0,4.2,4.2,train,2
2673,['LQMLGENVL'],1,2,1,0,3.2,3.2,train,2
2677,['LQRNWSYGF'],1,2,1,0,3.9499999999999997,3.9499999999999997,train,2
3353,['RADSMMLGY'],1,2,1,0,2.85,2.85,train,2
1909,['ITLYEYDHF'],1,2,0,0,0.4,0.4,train,2
1627,['HWCTSTCQF'],1,2,2,0,3.05,3.05,train,2
4657,['VMKRNFIDF'],1,2,1,0,4.35,4.35,val,2
4063,['SLYNTVATL'],1,2,2,0,3.5,3.5,train,2
5160,['YMIKLAKEV'],1,2,1,1,3.7,3.7,train,2
5017,['YFNTHDVYF'],1,2,2,0,2.0,2.0,train,2
909,['FLIRRFFMF'],1,2,2,0,4.0,4.0,train,2
2088,['KLGDQFGRK'],1,2,2,0,5.45,5.45,train,2
3112,['NFGRVKVHF'],1,2,1,0,0.65,0.65,train,2
2389,['KVSWRWMVY'],1,2,1,0,2.1999999999999997,2.1999999999999997,train,2
3976,['SHAKVLVTF'],1,2,1,0,0.8,0.8,train,2
816,['FFPMVTDAW'],1,2,1,0,2.3499999999999996,2.3499999999999996,train,2
1515,['HESHLVRSW'],1,2,1,1,0.55,0.55,train,2
2073,['KLAETRMGY'],1,2,2,0,8.0,8.0,train,2
1299,['GLMVAGYFY'],1,2,1,1,4.85,4.85,train,2
4490,['TVDHMAIIK'],1,2,1,1,0.7,0.7,test,2
550,['EAAGIAACL'],1,2,1,0,1.1,1.1,train,2
3634,['RPVPHWPKY'],1,2,2,0,2.15,2.15,train,2
1829,['IQDEIVAAY'],1,2,1,1,5.55,5.55,train,2
2295,['KSRCGSLGY'],1,2,1,0,4.1,4.1,train,2
3886,['RVYVAQKRK'],1,2,2,0,25.2,25.2,train,2
5158,['YMHGSIHEV'],1,2,1,0,11.049999999999999,11.049999999999999,train,2
4822,['VYSFDESSF'],1,2,1,0,1.1,1.1,train,2
3492,['RLFFIDWEY'],1,2,1,0,3.75,3.75,train,2
1915,['ITRKEAEQF'],1,2,2,0,11.5,11.5,train,2
2886,['MLLGELLTF'],1,2,0,0,0.2,0.2,train,2
446,['CRLSVQFSK'],1,2,1,1,13.5,13.5,train,2
2423,['LAEQFSGEY'],1,2,0,0,0.5,0.5,train,2
883,['FLARSALIL'],1,2,1,0,0.85,0.85,val,2
4122,['SQEDNHFSL'],1,2,1,0,0.95,0.95,test,2
2997,['MSDWGHITV'],1,2,0,0,0.25,0.25,train,2
370,['AVLQSGFRK'],1,2,2,0,44.6,44.6,train,2
1336,['GMHHLYREY'],1,2,1,1,3.1,3.1,train,2
3229,['PYATGPLVF'],1,2,1,0,5.3,5.3,train,2
2297,['KSSLEVYIY'],1,2,1,1,0.7,0.7,val,2
547,['DYKECEWPL'],1,2,0,1,0.25,0.25,train,2
2096,['KLIDIALSK'],1,2,2,0,40.650000000000006,40.650000000000006,train,2
546,['DWSGYSGSF'],1,2,0,0,0.3,0.3,train,2
1651,['IAQLNRPAM'],1,2,1,0,1.9,1.9,test,2
1099,['FRWLVRVYY'],1,2,0,1,0.2,0.2,train,2
5246,['YQVEGATRV'],1,2,1,0,1.05,1.05,val,2
2179,['KNYPASLHK'],1,2,2,0,2.85,2.85,train,2
2996,['MSDIFHALV'],1,2,1,0,3.7,3.7,test,2
4322,['TIHLATAPK'],1,2,2,0,2.1,2.1,train,2
2066,['KITDFGIAK'],1,2,2,0,29.85,29.85,train,2
4786,['VVAANRSAF'],1,2,2,0,7.0,7.0,train,2
5243,['YQSMIRPPY'],1,2,1,0,3.05,3.05,train,2
4013,['SLFGAAVSL'],1,2,1,0,4.35,4.35,train,2
369,['AVLPRDMVF'],1,2,1,0,1.95,1.95,train,2
4979,['YALTEYHAM'],1,2,1,0,5.05,5.05,train,2
2672,['LQLTAVFAY'],1,2,1,1,5.25,5.25,train,2
3478,['RLAEERGAF'],1,2,1,0,6.3,6.3,train,2
3817,['RVDGLELKK'],1,2,2,0,7.3,7.3,train,2
3311,['QSAANMYIY'],1,2,1,0,1.7000000000000002,1.7000000000000002,train,2
2452,['LEARVNLSV'],1,2,0,2,0.0,0.0,train,2
5401,['YYPEDPVKL'],1,2,2,0,1.85,1.85,train,2
767,['EYYFRNEVF'],1,2,1,0,0.7,0.7,train,2
3390,['RDALGRTAL'],1,2,0,1,0.15,0.15,train,2
1352,['GMWCVTLGY'],1,2,2,0,2.4,2.4,train,2
5156,['YMDAVFEYT'],1,2,1,0,1.5,1.5,val,2
4381,['TMKEGWIVY'],1,2,1,1,3.9,3.9,test,2
1960,['IYKNKISDF'],1,2,0,0,0.65,0.65,train,2
3647,['RQIQVEGLK'],1,2,0,0,0.55,0.55,train,2
4730,['VSEHFSLLF'],1,2,0,0,0.45,0.45,train,2
1203,['FYPEKSTVI'],1,2,2,0,5.949999999999999,5.949999999999999,train,2
2496,['LIIDEIGYL'],1,2,1,0,1.1,1.1,val,2
4806,['VVYCNGQRK'],1,2,2,0,53.0,53.0,train,2
363,['AVFQNRSQY'],1,2,0,2,0.0,0.0,train,2
3873,['RVYAELAAL'],1,2,1,0,4.3,4.3,test,2
5349,['YTQLRFPKK'],1,2,0,1,0.45,0.45,train,2
2564,['LMLADHPEY'],1,2,1,0,3.65,3.65,val,2
72,['AFMRFDDQF'],1,2,2,0,4.0,4.0,train,2
5181,['YMTLQAVTF'],1,2,1,0,2.75,2.75,test,2
3231,['PYIDAADQF'],1,2,1,0,8.55,8.55,train,2
630,['ELNITSATY'],1,2,1,0,2.5,2.5,train,2
1249,['GFPSLESSF'],1,2,0,0,0.275,0.275,train,2
4151,['SRIRDGLQY'],1,2,1,0,4.65,4.65,train,2
4168,['SSADLSLEK'],1,2,2,0,19.3,19.3,train,2
3131,['NLKLYGAEF'],1,2,1,0,1.5,1.5,train,2
3871,['RVVRPWGSY'],1,2,1,1,2.55,2.55,val,2
1385,['GQVQLKKPY'],1,2,1,0,6.3,6.3,test,2
5405,['YYTEDQGQF'],1,2,2,0,2.8,2.8,train,2
5175,['YMQQVSEGL'],1,2,1,1,1.1,1.1,train,2
3179,['NSSKVSQNY'],1,2,0,0,0.5,0.5,train,2
2798,['MAFLPCLII'],1,2,1,0,1.5,1.5,train,2
1357,['GPASLPTAL'],1,2,1,0,1.7,1.7,train,2
2666,['LQIPFAMQM'],1,2,1,0,5.65,5.65,train,2
3292,['QPKKAAAAL'],1,2,0,2,0.0,0.0,train,2
3338,['QYDVPMVSF'],1,2,0,0,0.4,0.4,train,2
2338,['KTRRFLPQI'],1,2,0,0,0.6000000000000001,0.6000000000000001,train,2
821,['FGAQMGWPV'],1,2,0,0,0.6,0.6,train,2
1347,['GMRDVSFEL'],1,2,2,0,2.95,2.95,train,2
3291,['QPEWFRNVL'],1,2,1,0,2.0,2.0,val,2
4665,['VMSELFDTL'],1,2,1,0,0.7999999999999999,0.7999999999999999,test,2
2793,['LYTVKYPNL'],1,2,1,0,1.35,1.35,val,2
1246,['GFLKNYPEL'],1,2,2,0,6.6499999999999995,6.6499999999999995,train,2
1956,['IYDFYNAEY'],1,2,1,0,1.35,1.35,test,2
4546,['VAGGTSSVY'],1,2,1,0,2.35,2.35,train,2
1993,['KAVHADMGY'],1,2,2,0,4.2,4.2,train,2
629,['ELNASFIVF'],1,2,1,0,2.1,2.1,train,2
2334,['KTNDRKWCF'],1,2,2,0,15.15,15.15,train,2
2040,['KICEYIRSY'],1,2,1,1,5.95,5.95,train,2
3216,['PLKVKDIPF'],1,2,0,1,0.05,0.05,train,2
4655,['VMGDAAWDF'],1,2,0,0,0.275,0.275,train,2
2381,['KVMALPIPH'],1,2,2,0,20.1,20.1,train,2
4305,['TFHLSIPNF'],1,2,2,0,1.35,1.35,train,2
5080,['YLDDPDLKY'],1,2,1,1,7.4,7.4,train,2
2852,['MGMNAYFAY'],1,2,0,0,0.6,0.6,train,2
902,['FLHPKHWGT'],1,2,1,0,0.75,0.75,val,2
2971,['MQLPQGGAF'],1,2,1,1,3.85,3.85,test,2
1989,['KASQTNDSY'],1,2,1,0,0.9500000000000001,0.9500000000000001,train,2
514,['DSDDWLNKY'],1,2,1,1,0.7,0.7,train,2
409,['AYRRRWRRL'],1,2,0,0,0.55,0.55,train,2
1439,['GTEMFRHGY'],1,2,1,0,0.65,0.65,val,2
2270,['KSDGTGTIY'],1,2,2,0,1.9,1.9,train,2
2169,['KMLDPRQGL'],1,2,0,0,0.6499999999999999,0.6499999999999999,train,2
71,['AFHQLVQVI'],1,2,1,0,0.8,0.8,test,2
1701,['IIKGIVNLY'],1,2,1,1,4.15,4.15,train,2
2781,['LYIEFTDNM'],1,2,2,0,4.3999999999999995,4.3999999999999995,train,2
5119,['YLNAVSLCI'],1,2,1,0,9.65,9.65,train,2
933,['FLPQILAEC'],1,2,2,0,18.9,18.9,train,2
3778,['RTAKVRAFH'],1,2,2,0,1.8499999999999999,1.8499999999999999,train,2
1710,['IISTNTLGK'],1,2,2,0,1.9500000000000002,1.9500000000000002,train,2
886,['FLCPTFTLK'],1,2,2,0,8.8,8.8,train,2
2006,['KECVDGTLL'],1,2,2,0,10.8,10.8,train,2
2507,['LLARFGLEK'],1,2,2,0,2.0,2.0,train,2
762,['EYKKFIATF'],1,2,1,0,3.65,3.65,train,2
2963,['MQDVFTFYV'],1,2,1,1,4.225,4.225,train,2
1245,['GFKRGIFIF'],1,2,1,0,4.3,4.3,train,2
1690,['IFRRDQIWF'],1,2,0,0,0.325,0.325,train,2
294,['ASLIPDATY'],1,2,0,1,0.15,0.15,train,2
2410,['KYMDNELVY'],1,2,2,0,3.05,3.05,train,2
4928,['WQFGPSTYY'],1,2,1,1,4.35,4.35,train,2
556,['EAQERISAL'],1,2,2,0,2.1,2.1,train,2
1193,['FYADPKRYF'],1,2,1,0,1.5999999999999999,1.5999999999999999,train,2
2863,['MIPSWASVK'],1,2,0,0,0.3,0.3,train,2
2139,['KLVGIELPK'],1,2,2,0,7.85,7.85,train,2
2383,['KVMVICYAY'],1,2,0,2,0.0,0.0,train,2
2396,['KWFNNEKGF'],1,2,1,0,1.2,1.2,val,2
2682,['LQYNTFLQY'],1,2,1,0,2.0999999999999996,2.0999999999999996,test,2
936,['FLQMENLMY'],1,2,1,0,3.5,3.5,train,2
3564,['RMVIGGVAL'],1,2,1,0,3.1999999999999997,3.1999999999999997,train,2
2234,['KRFNITVSK'],1,2,1,0,15.049999999999999,15.049999999999999,train,2
963,['FLYALALLL'],1,2,1,1,11.7,11.7,train,2
145,['ALRLATVGY'],1,2,1,0,3.4499999999999997,3.4499999999999997,train,2
2769,['LVSLGAISF'],1,2,1,1,0.75,0.75,train,2
3663,['RQVCFFSAT'],1,2,2,0,6.125,6.125,train,2
1341,['GMLVGRLGK'],1,2,0,0,0.5,0.5,train,2
4951,['WSILRQRCW'],1,2,0,1,0.05,0.05,train,2
4197,['STDHIPILY'],1,2,1,0,14.799999999999999,14.799999999999999,val,2
938,['FLQQSIFRF'],1,2,1,0,0.75,0.75,test,2
1762,['ILRQNMIAL'],1,2,2,0,7.75,7.75,train,2
3776,['RTADIGACM'],1,2,2,0,5.15,5.15,train,2
1386,['GQWDGWVWL'],1,2,2,0,5.15,5.15,train,2
4406,['TPRKKNYHF'],1,2,0,0,0.25,0.25,train,2
4751,['VSSHKGWAK'],1,2,1,1,3.9,3.9,train,2
3594,['RPKPDYSAM'],1,2,1,1,0.6,0.6,train,2
832,['FHFNPLPNV'],1,2,0,0,0.6,0.6,train,2
3451,['RIHGLGFCY'],1,2,1,1,3.55,3.55,val,2
3335,['QVVMTSLAL'],1,2,0,2,0.0,0.0,train,2
2079,['KLEYLAPSY'],1,2,0,1,0.1,0.1,train,2
4243,['SVKKDLISY'],1,2,1,0,6.75,6.75,test,2
385,['AVTAALHRK'],1,2,2,0,27.25,27.25,train,2
3368,['RANNNRLPK'],1,2,2,0,8.65,8.65,train,2
1639,['IADMGHLKY'],1,2,1,1,5.3,5.3,train,2
3756,['RSGIDTNAY'],1,2,0,0,0.55,0.55,train,2
1065,['FQPQSGNAM'],1,2,1,0,4.2,4.2,val,2
4686,['VPGFHGWAT'],1,2,0,1,0.2,0.2,train,2
2376,['KVIQPRVEK'],1,2,2,0,26.45,26.45,train,2
4783,['VTTPARTAF'],1,2,1,0,1.9,1.9,test,2
645,['EMFGGTPAV'],1,2,1,0,1.45,1.45,train,2
467,['CYPGYFADY'],1,2,2,0,3.1,3.1,train,2
2563,['LMKAPGTYH'],1,2,1,0,5.05,5.05,train,2
1493,['GYISTRVEL'],1,2,1,0,1.05,1.05,train,2
2797,['MACHRVLTY'],1,2,1,1,2.75,2.75,train,2
918,['FLLDYEGTL'],1,2,1,0,12.55,12.55,train,2
1968,['IYQARFMKY'],1,2,2,0,4.800000000000001,4.800000000000001,train,2
4188,['SSSLTSLLK'],1,2,1,0,5.25,5.25,train,2
1719,['ILCGWHLLK'],1,2,2,0,37.5,37.5,train,2
4455,['TTALVQCIY'],1,2,1,0,0.95,0.95,train,2
4042,['SLPPNFSSL'],1,2,1,0,0.95,0.95,train,2
4138,['SQYDPKELL'],1,2,0,0,0.5,0.5,train,2
2122,['KLQLKGMSY'],1,2,1,1,3.95,3.95,val,2
404,['AYLFTPLFK'],1,2,2,0,1.7,1.7,train,2
4158,['SRPLVSFSF'],1,2,1,1,8.45,8.45,train,2
9,['AAMVLLLRK'],1,2,2,0,13.35,13.35,train,2
2508,['LLASAQPLH'],1,2,0,1,0.3,0.3,train,2
2779,['LYEASTTYL'],1,2,0,0,0.375,0.375,train,2
539,['DVILPIGTR'],1,2,2,0,26.9,26.9,train,2
4868,['WIYDPRNQK'],1,2,2,0,6.9,6.9,train,2
1145,['FTRMVVAAL'],1,2,1,0,0.9,0.9,test,2
3512,['RLLRFTGLF'],1,2,1,0,1.5,1.5,train,2
3284,['QMRAVGQPL'],1,2,2,0,9.45,9.45,train,2
1384,['GQTVEMSPF'],1,2,2,0,5.6000000000000005,5.6000000000000005,train,2
3141,['NMNNDSYYF'],1,2,0,0,0.65,0.65,train,2
4312,['TGHPWITFK'],1,2,0,1,0.15,0.15,train,2
2386,['KVRGRLLAL'],1,2,0,0,0.25,0.25,train,2
5012,['YFHAELNYL'],1,2,0,0,0.5,0.5,train,2
2156,['KMARLGKGY'],1,2,0,1,0.1,0.1,train,2
3636,['RPWMLDKYF'],1,2,0,0,0.35,0.35,train,2
3069,['MVRQMRAAL'],1,2,1,0,1.9,1.9,val,2
4107,['SPSKRNQTF'],1,2,1,1,4.75,4.75,test,2
3498,['RLHRLLLMR'],1,2,0,0,0.5,0.5,train,2
3546,['RMFEKSTHH'],1,2,2,0,5.75,5.75,val,2
4045,['SLRPNDIVY'],1,2,1,0,4.3500000000000005,4.3500000000000005,test,2
4583,['VIGFLALAK'],1,2,1,0,1.75,1.75,test,2
2849,['MGHPKNAYL'],1,2,0,0,0.35,0.35,val,2
1081,['FREVWKQLF'],1,2,0,1,0.1,0.1,train,2
3675,['RRATAILRK'],1,2,1,0,16.0,16.0,train,2
574,['EFFDGGLTF'],1,2,1,0,1.2000000000000002,1.2000000000000002,train,2
4146,['SREVISHRL'],1,2,1,0,1.3,1.3,train,2
4929,['WQGDTGITY'],1,2,1,1,4.35,4.35,train,2
2901,['MLYPLLWMF'],1,2,0,0,0.44999999999999996,0.44999999999999996,train,2
4721,['VRGGMVAPL'],1,2,0,2,0.0,0.0,train,2
3120,['NIAAPYLPF'],1,2,0,1,0.4,0.4,train,2
815,['FFNVEIPEF'],1,2,0,0,0.5,0.5,train,2
3446,['RIARFHRPY'],1,2,1,1,3.95,3.95,val,2
5389,['YYAFVGVMY'],1,2,1,0,1.125,1.125,test,2
4973,['YADHGANQL'],1,2,0,0,0.3,0.3,train,2
253,['AQAVMEMTY'],1,2,1,1,5.6,5.6,val,2
4548,['VASGVHCNY'],1,2,2,0,5.4,5.4,test,2
3643,['RQGWARAML'],1,2,1,0,1.25,1.25,test,2
2931,['MPDTLFEGV'],1,2,0,1,0.3,0.3,train,2
766,['EYVGKTVWF'],1,2,1,0,3.25,3.25,val,2
3457,['RIRKLVAAL'],1,2,2,0,5.55,5.55,train,2
663,['EQFWCGIPY'],1,2,1,0,2.5,2.5,train,2
4029,['SLIVKCMPY'],1,2,1,1,2.1,2.1,train,2
5337,['YTKIVTNIL'],1,2,2,0,5.15,5.15,train,2
5116,['YLLLTTNGT'],1,2,1,0,9.4,9.4,train,2
5248,['YQVLVMVPK'],1,2,2,0,1.75,1.75,train,2
337,['ATPPSLVHF'],1,2,0,0,0.25,0.25,train,2
1585,['HRDGKPRYL'],1,2,1,0,1.15,1.15,test,2
2363,['KVDWNQFTY'],1,2,1,0,2.1,2.1,train,2
3005,['MSQMPPHPY'],1,2,1,1,3.0,3.0,val,2
189,['AMLVGQVTL'],1,2,1,0,3.1,3.1,train,2
1082,['FRFFGGVPR'],1,2,1,1,5.4,5.4,train,2
5311,['YSRMLYIEF'],1,2,1,1,6.75,6.75,train,2
2433,['LANPTADDF'],1,2,1,1,0.6,0.6,train,2
4426,['TQRKKTLGF'],1,2,1,1,3.35,3.35,test,2
5226,['YQCYNAVKM'],1,2,1,0,3.1999999999999997,3.1999999999999997,train,2
290,['ASFKAGKLR'],1,1,1,0,1.3,1.3,val,1
1730,['ILGTVSWNL'],1,1,1,0,6.1,6.1,train,1
2885,['MLKRRGFHL'],1,1,0,0,0.7,0.7,test,1
1538,['HLGNVKYLV'],1,1,0,0,0.7,0.7,train,1
4781,['VTTEVAFGL'],1,1,1,0,1.8,1.8,val,1
2813,['MASTPASRY'],1,1,1,0,1.3,1.3,train,1
1702,['IIKNKKSIF'],1,1,1,0,8.19,8.19,train,1
1292,['GLLASAPGI'],1,1,1,0,18.2,18.2,train,1
2670,['LQKVPHTRY'],1,1,1,0,5.9,5.9,train,1
3659,['RQPLNIQAI'],1,1,0,0,0.1,0.1,val,1
3265,['QLAFTYCQV'],1,1,1,0,1.6,1.6,train,1
240,['APRQPGLMA'],1,1,1,0,6.0,6.0,train,1
1315,['GLYEAIEEC'],1,1,1,0,19.0,19.0,train,1
794,['FCSNHFTEL'],1,1,0,0,0.4,0.4,train,1
4810,['VVYKTGAIR'],1,1,1,0,3.6,3.6,train,1
1210,['GAGDFSHGW'],1,1,1,0,4.1,4.1,train,1
4409,['TPSHYSGNI'],1,1,0,1,0.0,0.0,train,1
1755,['ILQDRIRMY'],1,1,1,0,9.6,9.6,train,1
381,['AVRWVQNAL'],1,1,1,0,4.8,4.8,train,1
1370,['GPRWPRRMP'],1,1,1,0,1.4,1.4,train,1
3303,['QQSEARRML'],1,1,0,1,0.0,0.0,train,1
530,['DTRAIDQFF'],1,1,0,0,0.4,0.4,train,1
2057,['KIMQVDRPM'],1,1,1,0,9.8,9.8,train,1
5403,['YYSNKAYQY'],1,1,1,0,3.4,3.4,train,1
1723,['ILDSFDPLV'],1,1,1,0,5.2,5.2,train,1
5057,['YITNRLELL'],1,1,1,0,2.71,2.71,train,1
132,['ALLKHRFEI'],1,1,1,0,8.5,8.5,train,1
168,['ALYWALMES'],1,1,1,0,4.1,4.1,train,1
3986,['SIFFDYMAI'],1,1,0,0,0.47,0.47,train,1
2531,['LLLLISLVY'],1,1,0,1,0.0,0.0,train,1
3529,['RLRQLPKKK'],1,1,1,0,18.0,18.0,train,1
279,['ARVAASLAK'],1,1,1,0,10.3,10.3,train,1
2094,['KLIADSIDF'],1,1,1,0,8.1,8.1,train,1
1658,['IAVAARSTL'],1,1,0,0,0.8,0.8,train,1
3256,['QHFGLIPQW'],1,1,0,0,0.2,0.2,train,1
248,['APVESMALF'],1,1,1,0,3.9,3.9,train,1
626,['ELIRRVRRY'],1,1,1,0,6.9,6.9,train,1
4597,['VLDKWNTNY'],1,1,1,0,7.47,7.47,train,1
79,['AHYEEDVNL'],1,1,0,0,0.2,0.2,train,1
1941,['IVMRYVLDH'],1,1,0,0,0.9,0.9,train,1
4050,['SLSRFSWGA'],1,1,0,0,0.7,0.7,train,1
491,['DIIRAHPWF'],1,1,0,1,0.0,0.0,train,1
4603,['VLFSSDFRI'],1,1,1,0,5.1,5.1,train,1
1406,['GRNSFEVRV'],1,1,1,0,2.4,2.4,train,1
1057,['FQKDAKVLF'],1,1,1,0,11.6,11.6,train,1
2127,['KLRSNALSL'],1,1,1,0,7.4,7.4,train,1
4788,['VVAVGGLAI'],1,1,0,0,0.2,0.2,train,1
4606,['VLIDAGLPK'],1,1,1,0,2.0,2.0,train,1
3159,['NQFGTMPSL'],1,1,1,0,3.7,3.7,train,1
925,['FLMGFNRDV'],1,1,1,0,19.1,19.1,train,1
4773,['VTLGGTMAK'],1,1,1,0,5.8,5.8,train,1
2614,['LPIRTTRHF'],1,1,1,0,2.5,2.5,train,1
4340,['TLATANKIY'],1,1,0,1,0.0,0.0,train,1
80,['AIAPTRAVL'],1,1,1,0,5.2,5.2,train,1
2600,['LPAQLTATA'],1,1,1,0,1.5,1.5,train,1
4204,['STGPLHGCK'],1,1,0,0,0.4,0.4,train,1
2572,['LMQDCAIKA'],1,1,0,0,0.5,0.5,train,1
4315,['THEANTMAM'],1,1,0,0,0.7,0.7,train,1
1260,['GIALAVPCV'],1,1,1,0,15.7,15.7,train,1
315,['ATENIAVRY'],1,1,1,0,10.05,10.05,train,1
468,['CYPYDVPDY'],1,1,0,0,0.5,0.5,train,1
577,['EFKQILTDF'],1,1,0,0,0.1,0.1,train,1
1822,['IPTAAGKNL'],1,1,1,0,1.1,1.1,train,1
1869,['ISKANWMTY'],1,1,1,0,17.7,17.7,train,1
2052,['KIGPPTVTL'],1,1,1,0,1.53,1.53,train,1
1350,['GMSWITQGL'],1,1,1,0,6.1,6.1,train,1
4329,['TIPTNIPTL'],1,1,0,1,0.0,0.0,train,1
5372,['YVKQNTLKL'],1,1,1,0,3.3,3.3,train,1
893,['FLEESHPGI'],1,1,1,0,2.1,2.1,train,1
107,['ALALFDLLK'],1,1,1,0,26.0,26.0,train,1
3405,['REITFHGAK'],1,1,0,1,0.0,0.0,train,1
1620,['HVDGKILFV'],1,1,1,0,2.1,2.1,train,1
3606,['RPPRRGDKF'],1,1,1,0,6.1,6.1,train,1
3964,['SFGAGTLAK'],1,1,0,1,0.0,0.0,train,1
3912,['RYQRMTGGY'],1,1,1,0,1.0,1.0,train,1
4313,['THADAHTQL'],1,1,1,0,6.9,6.9,train,1
472,['DAVEDFLAF'],1,1,0,0,0.9,0.9,train,1
3442,['RHSDTAKAF'],1,1,0,0,0.2,0.2,train,1
4604,['VLGSWPVDL'],1,1,0,0,0.2,0.2,train,1
4350,['TLKPGTMSV'],1,1,0,0,0.7,0.7,train,1
2977,['MQQSGDEAF'],1,1,1,0,8.8,8.8,val,1
1477,['GVLIGGLEW'],1,1,0,1,0.0,0.0,val,1
1115,['FSLGQGVKF'],1,1,0,1,0.0,0.0,test,1
3872,['RVWRGEQGK'],1,1,1,0,13.0,13.0,test,1
157,['ALTLNTMTK'],1,1,1,0,6.0,6.0,train,1
2764,['LVGGREWSY'],1,1,0,1,0.0,0.0,train,1
2759,['LVEKVLKIL'],1,1,1,0,2.0,2.0,train,1
3089,['NAFGWENAY'],1,1,0,1,0.0,0.0,train,1
2519,['LLGPVIGML'],1,1,1,0,1.9,1.9,train,1
1740,['ILKEYPQVY'],1,1,1,0,12.3,12.3,train,1
453,['CSEYVKDIY'],1,1,1,0,2.5,2.5,train,1
1747,['ILMDTICGT'],1,1,1,0,11.4,11.4,train,1
2086,['KLFTHDIML'],1,1,1,0,15.2,15.2,train,1
3938,['SDDQLRLLK'],1,1,0,1,0.0,0.0,train,1
1666,['IEAGDEVFF'],1,1,0,0,0.8,0.8,train,1
1773,['ILYNEYNFV'],1,1,1,0,17.0,17.0,train,1
3982,['SHSIPNGLL'],1,1,0,0,0.3,0.3,train,1
1302,['GLNKLAGFK'],1,1,1,0,1.1,1.1,val,1
3617,['RPRLDSITY'],1,1,1,0,2.1,2.1,test,1
2960,['MQACPVDAI'],1,1,0,0,0.3,0.3,val,1
3693,['RRGKANKPR'],1,1,1,0,1.9,1.9,train,1
227,['APKCDVSFL'],1,1,1,0,4.81,4.81,train,1
3114,['NGNFNFERV'],1,1,1,0,7.7,7.7,train,1
2525,['LLIENVASL'],1,1,1,0,11.7,11.7,train,1
3221,['PPIPVGDIY'],1,1,0,0,0.6,0.6,train,1
2404,['KYFVRSTEK'],1,1,0,1,0.0,0.0,train,1
1776,['IMAVGLVSL'],1,1,1,0,2.1,2.1,train,1
1978,['KACDLAMCY'],1,1,1,0,6.3,6.3,train,1
553,['EALAMCLPY'],1,1,0,0,0.8,0.8,test,1
4423,['TQIQTRRSF'],1,1,1,0,10.4,10.4,train,1
4022,['SLGDPLHQA'],1,1,0,0,0.6,0.6,train,1
2042,['KIDDMIEEV'],1,1,1,0,9.54,9.54,train,1
683,['ESPSSIWVF'],1,1,0,0,0.4,0.4,train,1
3768,['RSSKLVMRY'],1,1,0,0,0.5,0.5,train,1
4379,['TMGPHPAGV'],1,1,1,0,13.75,13.75,train,1
911,['FLIVSLCPT'],1,1,1,0,11.8,11.8,train,1
2144,['KLWTSISCA'],1,1,1,0,15.9,15.9,train,1
4793,['VVKQLPASF'],1,1,1,0,4.4,4.4,train,1
3165,['NRDVSFQDL'],1,1,0,0,0.2,0.2,train,1
4880,['WLKGNISPV'],1,1,1,0,5.7,5.7,train,1
1209,['GAAGARGAL'],1,1,1,0,8.8,8.8,train,1
2718,['LSSKNNEHY'],1,1,1,0,7.0,7.0,train,1
3134,['NLTAKQYIY'],1,1,0,0,0.14,0.14,train,1
4601,['VLFMVAWGK'],1,1,1,0,7.7,7.7,train,1
1550,['HLTRVGPYL'],1,1,1,0,2.9,2.9,train,1
3527,['RLRDLNQAV'],1,1,1,0,2.0,2.0,train,1
2195,['KPTGSASSL'],1,1,1,0,7.0,7.0,train,1
2499,['LINDQLIMK'],1,1,0,1,0.0,0.0,train,1
4075,['SMLLDNMEV'],1,1,1,0,2.3,2.3,train,1
3668,['RQWRWPLGE'],1,1,0,0,0.2,0.2,train,1
179,['AMGDAGGYK'],1,1,1,0,5.6,5.6,train,1
538,['DVAKIEAPL'],1,1,0,0,0.3,0.3,train,1
3804,['RTQRSVRAL'],1,1,0,0,0.6,0.6,train,1
5240,['YQPEREKVY'],1,1,1,0,5.5,5.5,train,1
2313,['KTDEPRPAK'],1,1,1,0,48.9,48.9,train,1
439,['CMLDGGNML'],1,1,1,0,1.1,1.1,train,1
3162,['NQQGITPNY'],1,1,1,0,2.3,2.3,train,1
4476,['TTNTQNNDW'],1,1,1,0,1.2,1.2,train,1
3382,['RAWDPQPAM'],1,1,1,0,1.3,1.3,train,1
486,['DHIPIINTL'],1,1,0,0,0.5,0.5,train,1
1745,['ILLWEIPDV'],1,1,1,0,19.2,19.2,train,1
3862,['RVRSLAKSL'],1,1,1,0,5.4,5.4,train,1
1553,['HLYYFITYY'],1,1,0,1,0.0,0.0,train,1
272,['ARIDARIDF'],1,1,1,0,1.3,1.3,train,1
5044,['YIIKKNDIV'],1,1,0,0,0.78,0.78,train,1
4768,['VTGKMIDDY'],1,1,0,0,0.46,0.46,train,1
2092,['KLHCTERSL'],1,1,0,0,0.4,0.4,train,1
4457,['TTDDSTSYY'],1,1,1,0,53.3,53.3,train,1
5082,['YLDLIKCNW'],1,1,0,0,0.32,0.32,train,1
254,['AQHAPDAAK'],1,1,1,0,2.1,2.1,val,1
2584,['LMWDNVGLV'],1,1,1,0,14.1,14.1,test,1
4600,['VLFKTESGF'],1,1,1,0,8.3,8.3,train,1
199,['AMVLDKKLY'],1,1,0,1,0.0,0.0,train,1
4463,['TTHSKGATK'],1,1,1,0,1.1,1.1,train,1
245,['APSPYNSRF'],1,1,1,0,1.6,1.6,train,1
4205,['STHMENILK'],1,1,0,0,0.3,0.3,train,1
1539,['HLIDYLVTS'],1,1,1,0,5.6,5.6,train,1
3477,['RLADTTGAR'],1,1,1,0,10.1,10.1,train,1
4028,['SLIPDATHL'],1,1,0,0,0.6,0.6,train,1
3860,['RVRRLNWAA'],1,1,0,0,0.8,0.8,val,1
4543,['VAAKGAPAL'],1,1,0,0,0.3,0.3,test,1
228,['APKEFRGAL'],1,1,1,0,7.2,7.2,train,1
2589,['LPAARRAAH'],1,1,1,0,12.2,12.2,train,1
3351,['RAAQRRTAA'],1,1,1,0,2.7,2.7,train,1
932,['FLPPQIPVI'],1,1,1,0,6.3,6.3,train,1
3578,['RPANRRRRR'],1,1,0,0,0.7,0.7,train,1
2099,['KLIIHNPEL'],1,1,1,0,19.1,19.1,train,1
3315,['QTDNDIWFW'],1,1,1,0,4.2,4.2,train,1
5121,['YLNGGRRGY'],1,1,1,0,6.0,6.0,train,1
2688,['LRNIYETEF'],1,1,0,0,0.5,0.5,train,1
144,['ALRGVAVGR'],1,1,1,0,3.1,3.1,train,1
3132,['NLPSKPVWL'],1,1,0,0,0.1,0.1,train,1
485,['DGAEGINPY'],1,1,0,0,0.4,0.4,train,1
4630,['VLRRGALAH'],1,1,0,0,0.4,0.4,train,1
4154,['SRLKPSSFK'],1,1,1,0,2.1,2.1,train,1
2640,['LPRERFRKT'],1,1,0,0,0.4,0.4,train,1
2095,['KLIAVPHTK'],1,1,1,0,5.4,5.4,train,1
100,['AKIALAVYK'],1,1,0,1,0.0,0.0,train,1
4585,['VIKPDYLEY'],1,1,1,0,9.15,9.15,val,1
4184,['SSNVANYQK'],1,1,1,0,23.0,23.0,test,1
109,['ALASFLFGF'],1,1,0,0,0.4,0.4,train,1
2031,['KGDTTTGVY'],1,1,0,0,0.3,0.3,train,1
1297,['GLLSSKFKA'],1,1,0,0,0.8,0.8,val,1
3830,['RVIDSRKSV'],1,1,1,0,1.9,1.9,train,1
1744,['ILLSCIHTT'],1,1,1,0,16.8,16.8,train,1
2526,['LLIQGLKTV'],1,1,1,0,26.25,26.25,train,1
5096,['YLHRDIFDI'],1,1,1,0,5.4,5.4,train,1
2227,['KQWIVAGAI'],1,1,0,0,0.6,0.6,train,1
233,['APPPPGTNL'],1,1,1,0,4.1,4.1,train,1
2348,['KTVLFGRVM'],1,1,0,0,0.5,0.5,train,1
3770,['RSSPRETMK'],1,1,0,1,0.0,0.0,test,1
691,['ETEQPTLDY'],1,1,1,0,1.6,1.6,train,1
4625,['VLPPLSADL'],1,1,0,0,0.9,0.9,train,1
586,['EHNGGDDPL'],1,1,0,0,0.5,0.5,train,1
5253,['YRAKVKPWA'],1,1,0,0,0.4,0.4,train,1
2177,['KMVGTVQRV'],1,1,1,0,19.15,19.15,val,1
642,['ELYENKPDV'],1,1,1,0,1.0,1.0,test,1
1084,['FRGRGVFEL'],1,1,0,0,0.3,0.3,train,1
1438,['GTEKLTITY'],1,1,1,0,3.8,3.8,train,1
1322,['GLYPAQIKA'],1,1,0,0,0.5,0.5,train,1
3614,['RPRHQGVMV'],1,1,1,0,4.9,4.9,train,1
429,['CLLNYSGLK'],1,1,1,0,1.8,1.8,train,1
4964,['WVSRFGERK'],1,1,0,0,0.6,0.6,train,1
748,['EVNKALYDL'],1,1,0,0,0.89,0.89,val,1
1491,['GYCLTRWML'],1,1,1,0,3.9,3.9,train,1
1615,['HTSSGRTSL'],1,1,1,0,1.3,1.3,train,1
1476,['GVKGFSFKY'],1,1,1,0,4.4,4.4,train,1
4760,['VTECKLIYY'],1,1,1,0,6.0,6.0,train,1
5106,['YLKKLDDFY'],1,1,1,0,6.5,6.5,train,1
3816,['RVDEIILFK'],1,1,1,0,32.2,32.2,train,1
561,['EECDSELEI'],1,1,0,1,0.0,0.0,train,1
1421,['GSDGGLDDY'],1,1,1,0,1.5,1.5,train,1
1397,['GRIDKPILK'],1,1,1,0,11.7,11.7,train,1
3428,['RFEAYGWQV'],1,1,1,0,1.1,1.1,train,1
1691,['IGILHLILW'],1,1,0,1,0.0,0.0,train,1
2727,['LTDKSGSEY'],1,1,1,0,42.6,42.6,train,1
3352,['RADEINAIL'],1,1,0,0,0.1,0.1,train,1
4399,['TPKIRFWHV'],1,1,0,0,0.4,0.4,train,1
4017,['SLFNRGRLK'],1,1,1,0,1.7,1.7,train,1
1815,['IPRNRDNLL'],1,1,1,0,5.1,5.1,train,1
5081,['YLDGQLARL'],1,1,1,0,14.38,14.38,train,1
414,['CADGTRHTY'],1,1,0,0,0.5,0.5,train,1
1261,['GIFGAIAGF'],1,1,1,0,1.0,1.0,train,1
3619,['RPRLWRSVI'],1,1,0,1,0.0,0.0,train,1
252,['AQAELDAAF'],1,1,1,0,9.3,9.3,train,1
457,['CTDPYSQMV'],1,1,1,0,3.0,3.0,train,1
2379,['KVLDIDEIL'],1,1,0,0,0.55,0.55,train,1
181,['AMIDRLHQT'],1,1,1,0,26.9,26.9,train,1
1729,['ILGPPGSVY'],1,1,1,0,11.0,11.0,train,1
1533,['HKELAITAL'],1,1,1,0,1.7,1.7,train,1
2164,['KMFTYLMES'],1,1,1,0,1.2,1.2,train,1
3123,['NISLPLYTV'],1,1,0,0,0.4,0.4,train,1
1200,['FYMASTWGA'],1,1,0,0,0.2,0.2,test,1
1305,['GLPPGTPAV'],1,1,1,0,4.9,4.9,train,1
1498,['GYTVARSQL'],1,1,0,0,0.4,0.4,train,1
676,['ESDMEVFDY'],1,1,1,0,10.3,10.3,train,1
1992,['KAVETPILV'],1,1,0,0,0.4,0.4,train,1
2577,['LMRTNFLIK'],1,1,0,0,0.5,0.5,train,1
1864,['ISFDVSEKY'],1,1,0,0,0.5,0.5,train,1
221,['APGWLIWTY'],1,1,1,0,3.3,3.3,val,1
677,['ESDPEGALW'],1,1,0,0,0.2,0.2,train,1
952,['FLSPVIMNK'],1,1,1,0,23.3,23.3,test,1
2702,['LSDLKKTIY'],1,1,1,0,1.6,1.6,train,1
4345,['TLHFKQYEF'],1,1,0,0,0.3,0.3,train,1
1345,['GMPNWCVSI'],1,1,1,0,1.3,1.3,train,1
2142,['KLWASFFQG'],1,1,0,0,0.4,0.4,train,1
1650,['IAPWYAFAL'],1,1,0,1,0.0,0.0,val,1
4669,['VNRWLFRHL'],1,1,0,1,0.0,0.0,test,1
915,['FLKPEETFV'],1,1,1,0,7.7,7.7,train,1
1726,['ILFGHENRV'],1,1,1,0,24.6,24.6,train,1
2337,['KTRMEDYYL'],1,1,1,0,1.6,1.6,train,1
3592,['RPIVSTQLL'],1,1,1,0,3.2,3.2,train,1
3433,['RFSFNCSMK'],1,1,0,0,0.8,0.8,train,1
2191,['KPRDDAAAL'],1,1,1,0,6.4,6.4,train,1
219,['APGGAKKPL'],1,1,1,0,13.5,13.5,train,1
2077,['KLDFIRNTK'],1,1,1,0,15.0,15.0,train,1
3130,['NLKDEQFPV'],1,1,0,0,0.9,0.9,train,1
479,['DESIVQAML'],1,1,0,1,0.0,0.0,train,1
1094,['FRRFTQAIY'],1,1,0,1,0.0,0.0,train,1
1780,['IMGIPYCNY'],1,1,1,0,3.7,3.7,val,1
2053,['KIGVICSSY'],1,1,1,0,6.1,6.1,test,1
135,['ALLTGSYTI'],1,1,1,0,10.1,10.1,train,1
1782,['IMKQAASMK'],1,1,1,0,18.4,18.4,train,1
4121,['SQEAEFTGY'],1,1,1,0,1.1,1.1,train,1
2002,['KCNPNLHYW'],1,1,1,0,26.4,26.4,train,1
3217,['PLMALLTPV'],1,1,1,0,10.4,10.4,train,1
2271,['KSDLQPPNY'],1,1,1,0,8.1,8.1,train,1
2995,['MSDIFASEV'],1,1,0,1,0.0,0.0,train,1
4038,['SLLRGLIFY'],1,1,0,1,0.0,0.0,train,1
3992,['SINDLGCGY'],1,1,1,0,2.5,2.5,train,1
693,['ETFKVIGGW'],1,1,0,0,0.3,0.3,train,1
4333,['TKDETREQL'],1,1,1,0,5.7,5.7,train,1
1488,['GWTETDSSF'],1,1,0,0,0.4,0.4,train,1
4753,['VSSQESLEY'],1,1,1,0,15.72,15.72,train,1
1335,['GMHDGTVGK'],1,1,1,0,3.2,3.2,train,1
657,['EPLITKLIL'],1,1,0,1,0.0,0.0,train,1
2063,['KIRNRIERL'],1,1,0,1,0.0,0.0,train,1
1534,['HLAGYSGVL'],1,1,0,0,0.3,0.3,train,1
898,['FLGQADFSL'],1,1,1,0,8.6,8.6,train,1
428,['CLGGLLTMV'],1,1,1,0,2.0,2.0,train,1
3127,['NLEKKITNV'],1,1,0,0,0.6,0.6,train,1
3098,['NEIRINIGA'],1,1,1,0,3.28,3.28,train,1
2225,['KQSSFLSSL'],1,1,1,0,9.4,9.4,train,1
3210,['PFFFGFSHF'],1,1,1,0,1.4,1.4,train,1
1407,['GRQAPTADV'],1,1,0,1,0.0,0.0,train,1
1126,['FTDNNELEF'],1,1,0,1,0.0,0.0,train,1
2121,['KLQDLTLRC'],1,1,1,0,2.0,2.0,train,1
1918,['ITSYKFESV'],1,1,0,0,0.3,0.3,val,1
2222,['KQRCALPSL'],1,1,1,0,13.3,13.3,val,1
3855,['RVRDNMTKK'],1,1,1,0,61.8,61.8,train,1
4876,['WLHRGPKEF'],1,1,1,0,1.3,1.3,train,1
1163,['FVDTMSIYI'],1,1,1,0,2.9,2.9,train,1
764,['EYLDDRNTF'],1,1,1,0,1.5,1.5,train,1
2182,['KPFNNILNL'],1,1,1,0,2.1,2.1,train,1
3488,['RLDARLQVL'],1,1,1,0,1.0,1.0,train,1
1321,['GLYNRHRGR'],1,1,1,0,1.1,1.1,train,1
3458,['RIRSERPAF'],1,1,1,0,7.7,7.7,train,1
5109,['YLKPPTAPH'],1,1,1,0,8.9,8.9,train,1
70,['AFHHVAREL'],1,1,0,0,0.6,0.6,train,1
4624,['VLPPEINSL'],1,1,0,0,0.4,0.4,train,1
2458,['LEESHPGIF'],1,1,0,0,0.5,0.5,train,1
2067,['KIVPLPPMY'],1,1,0,1,0.0,0.0,train,1
2436,['LARLFLYAL'],1,1,0,0,0.8,0.8,test,1
1268,['GIYGAVIPL'],1,1,1,0,1.4,1.4,test,1
2678,['LQSLENVAY'],1,1,1,0,10.2,10.2,train,1
3605,['RPPIFIRRL'],1,1,1,0,1.67,1.67,train,1
2517,['LLGATCMFV'],1,1,1,0,12.1,12.1,train,1
1034,['FPRSAERAG'],1,1,0,0,0.5,0.5,train,1
2750,['LTSSSKYTY'],1,1,0,1,0.0,0.0,train,1
2602,['LPASLKKNI'],1,1,0,1,0.0,0.0,train,1
3184,['NTDAFSREY'],1,1,1,0,10.84,10.84,train,1
1586,['HRIQEELFY'],1,1,0,0,0.9,0.9,train,1
1295,['GLLEAGNSL'],1,1,1,0,1.5,1.5,train,1
75,['AHAGARVNL'],1,1,0,0,0.3,0.3,train,1
1831,['IQGTLAKAY'],1,1,1,0,6.9,6.9,train,1
3984,['SIDSSVDRY'],1,1,1,0,4.17,4.17,train,1
3214,['PLFKRGWRL'],1,1,1,0,22.4,22.4,train,1
1323,['GLYPQLSAI'],1,1,1,0,6.5,6.5,train,1
1583,['HQKKNEISF'],1,1,1,0,12.8,12.8,train,1
4318,['THYSGNIVH'],1,1,1,0,1.6,1.6,train,1
828,['FHDSNVKNL'],1,1,1,0,1.2,1.2,train,1
96,['AIVGGLAEL'],1,1,0,0,0.6,0.6,train,1
4328,['TINDLKMML'],1,1,0,0,0.96,0.96,train,1
3858,['RVRPKKEVL'],1,1,1,0,1.8,1.8,train,1
4347,['TLKDAMLQL'],1,1,0,0,0.3,0.3,train,1
4971,['WYYDFHFFV'],1,1,0,0,0.3,0.3,train,1
4105,['SPRTLNAWV'],1,1,1,0,2.6,2.6,train,1
4628,['VLRKRWTAK'],1,1,1,0,7.8,7.8,train,1
4444,['TSDGFINGW'],1,1,0,0,0.9,0.9,train,1
4072,['SMIFSVLDA'],1,1,1,0,1.1,1.1,train,1
2373,['KVHLTPAQL'],1,1,0,0,0.4,0.4,train,1
3689,['RRFTQAIYD'],1,1,0,0,0.4,0.4,val,1
2273,['KSEIEKATY'],1,1,0,0,0.5,0.5,test,1
3467,['RKHGGMLVR'],1,1,1,0,2.7,2.7,val,1
2344,['KTTKSWLQK'],1,1,1,0,32.3,32.3,test,1
4248,['SVPFQTLGK'],1,1,0,0,0.5,0.5,train,1
122,['ALFYKDGKL'],1,1,0,0,0.35,0.35,train,1
1839,['IQVNKGVAY'],1,1,1,0,8.3,8.3,train,1
4104,['SPRSRNRSF'],1,1,0,0,0.3,0.3,train,1
3339,['QYLFSLTYV'],1,1,1,0,1.1,1.1,train,1
1779,['IMGAVLIWV'],1,1,1,0,1.2,1.2,train,1
602,['EINNELELV'],1,1,0,0,0.83,0.83,train,1
3612,['RPREATIIY'],1,1,1,0,4.7,4.7,train,1
5018,['YFRNSGMTY'],1,1,1,0,7.7,7.7,train,1
298,['ASRGLWDSF'],1,1,0,1,0.0,0.0,train,1
1859,['ISCQIYNAL'],1,1,0,1,0.0,0.0,train,1
150,['ALSEFIKFA'],1,1,1,0,9.7,9.7,train,1
4959,['WTLETLPRV'],1,1,1,0,7.4,7.4,train,1
376,['AVRFTGVGI'],1,1,1,0,1.0,1.0,train,1
4717,['VQTVRTQVY'],1,1,1,0,7.1,7.1,train,1
1244,['GFKLRSAVM'],1,1,0,0,0.3,0.3,train,1
2228,['KQWRGDKML'],1,1,0,0,0.3,0.3,train,1
3306,['QQYTDEAPY'],1,1,1,0,2.6,2.6,train,1
175,['AMDTISVFL'],1,1,1,0,11.0,11.0,train,1
5294,['YSAWGGYNL'],1,1,0,1,0.0,0.0,train,1
3538,['RLWNGRRCR'],1,1,0,0,0.3,0.3,val,1
1471,['GVFELSDEK'],1,1,0,0,0.1,0.1,test,1
3978,['SHDVLTVQF'],1,1,0,1,0.0,0.0,train,1
4407,['TPRPRYNAT'],1,1,0,0,0.5,0.5,train,1
2083,['KLFGFGAQF'],1,1,1,0,8.9,8.9,val,1
283,['ARYDVALSE'],1,1,0,1,0.0,0.0,train,1
1765,['ILSPHNVVT'],1,1,0,0,0.6,0.6,train,1
1334,['GMGEAAAIF'],1,1,1,0,1.3,1.3,test,1
1319,['GLYKSAPRR'],1,1,1,0,7.0,7.0,train,1
5086,['YLEPGPVTA'],1,1,1,0,1.0,1.0,train,1
4656,['VMGVIGFGF'],1,1,0,0,0.5,0.5,train,1
1487,['GWPDNYCEW'],1,1,1,0,1.1,1.1,train,1
1532,['HKADEVRAL'],1,1,1,0,29.3,29.3,train,1
2251,['KRPYVFVAA'],1,1,0,1,0.0,0.0,train,1
5014,['YFIFVRAIL'],1,1,1,0,1.3,1.3,train,1
3116,['NHHPRARSM'],1,1,0,1,0.0,0.0,train,1
3260,['QIDVEKKIV'],1,1,1,0,16.35,16.35,train,1
1056,['FQILHDRFF'],1,1,1,0,5.6,5.6,train,1
1728,['ILGLPTQTV'],1,1,1,0,7.9,7.9,train,1
887,['FLDDASNSA'],1,1,0,0,0.1,0.1,train,1
4035,['SLLLELEEV'],1,1,1,0,13.5,13.5,train,1
2552,['LLVAPAYSF'],1,1,1,0,2.2,2.2,train,1
4510,['TVLDINIDK'],1,1,0,0,0.4,0.4,train,1
4257,['SWHHTSDDF'],1,1,0,0,0.2,0.2,val,1
451,['CSDDGFWSK'],1,1,0,0,0.3,0.3,test,1
4053,['SLTECPTFL'],1,1,1,0,1.7,1.7,val,1
1263,['GILTSTSPV'],1,1,1,0,8.45,8.45,test,1
999,['FPAEFRDGY'],1,1,0,1,0.0,0.0,train,1
2516,['LLFRMILNY'],1,1,0,0,0.1,0.1,train,1
1338,['GMIPFFDFA'],1,1,1,0,1.95,1.95,train,1
1293,['GLLDVTDNV'],1,1,1,0,22.85,22.85,train,1
4237,['SVHSNAYGK'],1,1,1,0,1.3,1.3,train,1
2224,['KQRKPGGPW'],1,1,1,0,9.3,9.3,train,1
368,['AVLEDSVAK'],1,1,1,0,5.2,5.2,train,1
4481,['TTTYKAFDW'],1,1,1,0,16.7,16.7,train,1
5262,['YRGEYRQSR'],1,1,0,1,0.0,0.0,train,1
3166,['NRLKPRDFK'],1,1,0,1,0.0,0.0,train,1
1360,['GPGGLSALL'],1,1,0,0,0.37,0.37,train,1
3422,['REVFDYLLP'],1,1,1,0,1.3,1.3,train,1
2104,['KLKLKGTTY'],1,1,1,0,5.8,5.8,train,1
4359,['TLMFGFFGF'],1,1,0,0,0.4,0.4,train,1
4137,['SQVRVPTVF'],1,1,1,0,7.0,7.0,train,1
1221,['GEETIEERF'],1,1,0,0,0.3,0.3,train,1
2850,['MGKTITDVK'],1,1,0,1,0.0,0.0,train,1
4332,['TKAGMAQYL'],1,1,0,0,0.9,0.9,train,1
4834,['WAQSGRRAL'],1,1,0,0,0.5,0.5,val,1
1420,['GSASPTPPY'],1,1,1,0,7.3,7.3,val,1
1434,['GTAPPPLTR'],1,1,1,0,1.6,1.6,test,1
2133,['KLTFLDVEV'],1,1,1,0,4.0,4.0,train,1
2962,['MQDGRFDGI'],1,1,0,1,0.0,0.0,test,1
3616,['RPRIRLSAP'],1,1,1,0,1.6,1.6,train,1
1225,['GEGSGARLL'],1,1,0,0,0.6,0.6,train,1
3469,['RKKGGWFGK'],1,1,0,0,0.9,0.9,train,1
2117,['KLNENIIRF'],1,1,1,0,7.7,7.7,train,1
4095,['SPKIDRGWV'],1,1,0,0,0.5,0.5,train,1
495,['DILASIIDY'],1,1,0,1,0.0,0.0,train,1
3209,['PEGPLGQLL'],1,1,0,1,0.0,0.0,train,1
2641,['LPRPDTRHL'],1,1,1,0,7.13,7.13,val,1
211,['APAKHRAML'],1,1,1,0,8.4,8.4,test,1
4222,['SVANIDRIK'],1,1,1,0,3.1,3.1,train,1
565,['EEFLQCGRL'],1,1,0,0,0.6,0.6,val,1
4148,['SRGDRGLIL'],1,1,1,0,7.0,7.0,train,1
180,['AMHYIRHRA'],1,1,1,0,1.75,1.75,train,1
4622,['VLPDVFIRC'],1,1,1,0,3.0,3.0,train,1
278,['ARQKQKHPK'],1,1,1,0,6.0,6.0,train,1
3211,['PFGQWDQTF'],1,1,1,0,1.1,1.1,train,1
1204,['FYPINDDFY'],1,1,0,0,0.2,0.2,test,1
2543,['LLPGVAHSI'],1,1,1,0,1.9,1.9,train,1
3593,['RPKLRSAVV'],1,1,1,0,6.4,6.4,train,1
4054,['SLTPSPLDL'],1,1,1,0,1.5,1.5,train,1
4424,['TQLPSKPHY'],1,1,0,0,0.9,0.9,train,1
2522,['LLHDIGKPV'],1,1,1,0,2.8,2.8,train,1
111,['ALCRWGLLL'],1,1,1,0,1.2,1.2,train,1
2292,['KSNGAQQWL'],1,1,1,0,1.0,1.0,train,1
220,['APGGHGGWL'],1,1,0,0,0.9,0.9,train,1
627,['ELISSAFKV'],1,1,0,0,0.3,0.3,train,1
790,['FATTPVCEY'],1,1,1,0,4.4,4.4,train,1
4767,['VTGCASLYV'],1,1,0,0,0.2,0.2,train,1
551,['EADPTGHSY'],1,1,1,0,1.6,1.6,train,1
1545,['HLPELIWRS'],1,1,0,0,0.1,0.1,train,1
2497,['LILDPKINV'],1,1,1,0,1.06,1.06,train,1
2633,['LPPFTQHLL'],1,1,0,0,0.24,0.24,train,1
2157,['KMCTDKMSF'],1,1,1,0,9.1,9.1,train,1
1424,['GSFAAPATK'],1,1,1,0,3.9,3.9,train,1
1216,['GEDAKLIAV'],1,1,1,0,1.6,1.6,train,1
314,['ATEDPSSGY'],1,1,0,0,0.4,0.4,train,1
2984,['MRDLRQHEV'],1,1,1,0,1.8,1.8,train,1
1427,['GSNRPWVSF'],1,1,0,0,0.9,0.9,train,1
113,['ALEEGRKYV'],1,1,1,0,1.9,1.9,train,1
4012,['SLFDVGKFT'],1,1,0,0,0.3,0.3,train,1
4577,['VGYRQAWEY'],1,1,0,0,0.6,0.6,train,1
4001,['SKGETVNPL'],1,1,0,0,0.4,0.4,train,1
4940,['WRMGYRTHN'],1,1,0,0,0.3,0.3,train,1
5222,['YQAFRTKVH'],1,1,1,0,8.7,8.7,val,1
3536,['RLVTLKDIV'],1,1,0,0,0.8,0.8,val,1
2138,['KLVANNTRL'],1,1,1,0,1.2,1.2,test,1
4689,['VPHVIEEVM'],1,1,1,0,7.2,7.2,train,1
1593,['HSDDALFIY'],1,1,0,1,0.0,0.0,test,1
1832,['IQKGMFVVK'],1,1,0,0,0.5,0.5,train,1
3893,['RYDKSAADL'],1,1,0,0,0.6,0.6,train,1
1921,['ITTQWHLDM'],1,1,0,1,0.0,0.0,train,1
2536,['LLLTLLATV'],1,1,1,0,2.9,2.9,train,1
789,['FATPAFFLI'],1,1,1,0,1.0,1.0,train,1
3409,['RELVRKTRF'],1,1,0,1,0.0,0.0,train,1
871,['FIYFGKKQY'],1,1,1,0,9.1,9.1,train,1
3439,['RGRIGRTYL'],1,1,0,0,0.5,0.5,train,1
92,['AINVEKIEL'],1,1,0,0,0.2,0.2,train,1
3833,['RVIRTVREK'],1,1,1,0,10.0,10.0,val,1
1164,['FVDVGVSAL'],1,1,0,0,0.2,0.2,val,1
3814,['RVATDATAL'],1,1,1,0,1.6,1.6,test,1
4160,['SRSKPAAMY'],1,1,0,1,0.0,0.0,test,1
2523,['LLHEVGITV'],1,1,1,0,18.6,18.6,train,1
2422,['LADKRPTAW'],1,1,1,0,4.8,4.8,train,1
3161,['NQNDNEETV'],1,1,0,0,0.4,0.4,train,1
356,['AVEGGLYPV'],1,1,1,0,1.0,1.0,train,1
4936,['WQRRYRRIY'],1,1,1,0,5.0,5.0,train,1
5009,['YFDPANGKF'],1,1,1,0,1.0,1.0,train,1
4626,['VLQSAANMY'],1,1,1,0,6.3,6.3,train,1
4246,['SVMSTFFWE'],1,1,1,0,2.3,2.3,train,1
3331,['QVNDVLHSV'],1,1,1,0,4.0,4.0,train,1
332,['ATNDGLIKK'],1,1,1,0,47.3,47.3,train,1
3200,['NYIDKVRFL'],1,1,1,0,15.8,15.8,train,1
3590,['RPGSSDRVL'],1,1,1,0,2.53,2.53,train,1
1541,['HLKRLWKML'],1,1,0,0,0.45,0.45,train,1
3825,['RVFYFAIFY'],1,1,0,1,0.0,0.0,train,1
2607,['LPEDIKRVY'],1,1,1,0,2.89,2.89,train,1
4789,['VVDKYFDCY'],1,1,1,0,3.8,3.8,train,1
4801,['VVPYEPPEV'],1,1,0,0,0.5,0.5,train,1
14,['AARGRTGVL'],1,1,1,0,4.3,4.3,train,1
247,['APSYRNFSF'],1,1,0,0,0.5,0.5,train,1
5035,['YHRFGLYRL'],1,1,0,1,0.0,0.0,train,1
2078,['KLDPTNTLW'],1,1,1,0,17.6,17.6,train,1
1592,['HSAARRLFH'],1,1,0,0,0.5,0.5,train,1
4087,['SMYQLMITI'],1,1,1,0,8.0,8.0,train,1
4016,['SLFKNVRLL'],1,1,1,0,1.29,1.29,train,1
862,['FIKDYRYTY'],1,1,1,0,1.2,1.2,train,1
1383,['GQTGVIADY'],1,1,1,0,10.1,10.1,train,1
3751,['RSADLELER'],1,1,1,0,1.9,1.9,train,1
506,['DLYDYITRI'],1,1,0,0,0.1,0.1,train,1
2512,['LLFDSNEPI'],1,1,1,0,2.9,2.9,train,1
1222,['GEGGVGSIL'],1,1,1,0,3.0,3.0,train,1
4010,['SLDISLETV'],1,1,1,0,6.6,6.6,train,1
3473,['RKNGGNFLL'],1,1,0,0,0.6,0.6,train,1
433,['CLSDEINHV'],1,1,1,0,16.3,16.3,train,1
4294,['TEEAFKIGL'],1,1,1,0,1.8,1.8,train,1
3370,['RAPKVRLSL'],1,1,1,0,2.5,2.5,train,1
2706,['LSELLYSPF'],1,1,0,0,0.24,0.24,train,1
3625,['RPRVAQLTF'],1,1,0,0,0.3,0.3,train,1
4299,['TERDSFSLA'],1,1,1,0,5.33,5.33,train,1
2131,['KLTEEIIKL'],1,1,1,0,8.7,8.7,train,1
3437,['RGKLKRRAI'],1,1,0,0,0.3,0.3,train,1
3848,['RVMAPRALL'],1,1,0,0,0.2,0.2,train,1
4649,['VMAPDKPSL'],1,1,0,1,0.0,0.0,train,1
4586,['VILNYIPVL'],1,1,1,0,8.55,8.55,train,1
330,['ATLTLSLKK'],1,1,1,0,14.3,14.3,train,1
2091,['KLGIGNSPV'],1,1,1,0,3.13,3.13,train,1
3227,['PTDYAKPQY'],1,1,1,0,1.6,1.6,train,1
4759,['VTDTALAYF'],1,1,1,0,1.3,1.3,train,1
5089,['YLGLTQPFL'],1,1,1,0,7.2,7.2,train,1
4965,['WVWDTWPLA'],1,1,1,0,1.8,1.8,train,1
4375,['TMDPSVRVL'],1,1,0,0,0.3,0.3,train,1
1897,['ITDQVPFSV'],1,1,1,0,1.5,1.5,train,1
5274,['YRRGTFVGR'],1,1,0,0,0.4,0.4,train,1
3939,['SDRLHHDPL'],1,1,0,0,0.3,0.3,train,1
4511,['TVLDVGDAY'],1,1,0,0,0.6,0.6,train,1
229,['APLAHRLGM'],1,1,1,0,1.0,1.0,train,1
2700,['LSDDSGLMV'],1,1,0,0,0.1,0.1,train,1
613,['EKDSNHNVL'],1,1,1,0,24.8,24.8,val,1
4666,['VMTDGPANK'],1,1,0,0,0.3,0.3,val,1
2521,['LLGRNSFEV'],1,1,1,0,5.7,5.7,test,1
1700,['IIGLLKIFR'],1,1,0,0,0.3,0.3,test,1
2707,['LSFNVDFTH'],1,1,0,0,0.3,0.3,train,1
5362,['YVDIIGLSV'],1,1,1,0,1.2,1.2,train,1
2223,['KQRGGYAQF'],1,1,1,0,11.7,11.7,train,1
2907,['MMGIILSKY'],1,1,1,0,2.0,2.0,train,1
3274,['QLNMEKREV'],1,1,1,0,15.05,15.05,train,1
3268,['QLKGMSYSM'],1,1,1,0,3.3,3.3,train,1
1751,['ILNDSGETV'],1,1,1,0,12.2,12.2,train,1
620,['ELGNILSVY'],1,1,1,0,1.2,1.2,train,1
1189,['FVYHPDRLK'],1,1,0,0,0.5,0.5,train,1
648,['EMKLRQKQL'],1,1,0,0,0.5,0.5,train,1
897,['FLGLCAFLA'],1,1,1,0,4.0,4.0,train,1
3613,['RPRGHREFC'],1,1,1,0,1.4,1.4,train,1
2369,['KVGHVGLYR'],1,1,1,0,2.6,2.6,train,1
1881,['ISTFYKSNY'],1,1,1,0,21.56,21.56,train,1
3143,['NMVADLWHA'],1,1,1,0,2.85,2.85,train,1
4377,['TMDVYVMIL'],1,1,1,0,1.3,1.3,train,1
4278,['SYTLKLGEY'],1,1,0,0,0.2,0.2,train,1
174,['AMDGGGFYA'],1,1,1,0,3.6,3.6,train,1
4292,['TEDNVPPWL'],1,1,1,0,1.8,1.8,train,1
4500,['TVHIGPTAF'],1,1,0,0,0.8,0.8,train,1
1752,['ILNHKFCNL'],1,1,0,0,0.4,0.4,train,1
2698,['LSDAARLFL'],1,1,0,0,0.4,0.4,train,1
1721,['ILDKKVEKV'],1,1,1,0,28.3,28.3,train,1
690,['ETDQMDTIY'],1,1,1,0,6.4,6.4,train,1
4081,['SMQKTIPLV'],1,1,1,0,27.3,27.3,train,1
1106,['FSDLLRVSL'],1,1,0,0,0.7,0.7,train,1
3792,['RTLDKVLEV'],1,1,1,0,6.8,6.8,train,1
1873,['ISLWGSLLK'],1,1,0,0,0.4,0.4,train,1
3800,['RTMGWTEYQ'],1,1,0,1,0.0,0.0,train,1
2671,['LQLARDGMF'],1,1,1,0,3.9,3.9,train,1
4803,['VVSYEAGEW'],1,1,1,0,2.9,2.9,train,1
817,['FFSPFFFSL'],1,1,1,0,1.8,1.8,train,1
293,['ASILSRMAY'],1,1,1,0,10.9,10.9,train,1
4602,['VLFRLENHA'],1,1,0,0,0.5,0.5,train,1
3317,['QTEENLLDF'],1,1,1,0,8.3,8.3,train,1
2045,['KIEAPLLLH'],1,1,0,0,0.3,0.3,train,1
1662,['IDVDKRTKL'],1,1,0,1,0.0,0.0,train,1
3548,['RMFLAMITY'],1,1,0,1,0.0,0.0,train,1
5277,['YRSGVPVEK'],1,1,1,0,16.0,16.0,val,1
3574,['RPAGPPIRL'],1,1,1,0,8.3,8.3,test,1
2574,['LMQSLYDWI'],1,1,0,0,0.2,0.2,train,1
1905,['ITLAKKYIY'],1,1,1,0,22.13,22.13,train,1
3259,['QHTRRVSVL'],1,1,1,0,1.1,1.1,train,1
1507,['HCIDKTPGL'],1,1,1,0,2.7,2.7,train,1
2746,['LTQRRTTPR'],1,1,1,0,2.8,2.8,train,1
1426,['GSKYRGLPK'],1,1,1,0,1.0,1.0,train,1
436,['CLVSGLSSL'],1,1,1,0,2.05,2.05,train,1
3621,['RPRQLRWSE'],1,1,1,0,1.0,1.0,train,1
4567,['VERLKHGTF'],1,1,0,0,0.1,0.1,train,1
1238,['GENMAPEKV'],1,1,0,0,0.9,0.9,train,1
903,['FLHSGTAKS'],1,1,0,0,0.45,0.45,val,1
507,['DLYRMYSRY'],1,1,0,0,0.2,0.2,test,1
5115,['YLLLALSLA'],1,1,1,0,19.5,19.5,train,1
5148,['YLYDETQDV'],1,1,1,0,17.5,17.5,train,1
183,['AMITYITRK'],1,1,0,0,0.9,0.9,train,1
321,['ATGFPFFDR'],1,1,1,0,1.8,1.8,train,1
1211,['GAMLVVAAK'],1,1,0,0,0.3,0.3,train,1
2418,['KYYTSYTLK'],1,1,1,0,2.0,2.0,train,1
1313,['GLVRALTAF'],1,1,1,0,7.3,7.3,train,1
3164,['NRDGDSYYY'],1,1,0,1,0.0,0.0,train,1
2481,['LFLDKLWLW'],1,1,1,0,9.6,9.6,train,1
2680,['LQYAIRSVF'],1,1,1,0,9.4,9.4,train,1
1767,['ILTLANWCL'],1,1,1,0,8.0,8.0,train,1
2689,['LRQKRKAGV'],1,1,0,1,0.0,0.0,train,1
2168,['KMKEIAEAY'],1,1,1,0,12.0,12.0,train,1
24,['AEDMGNGCF'],1,1,0,0,0.8,0.8,train,1
112,['ALDISFTGA'],1,1,0,0,0.2,0.2,train,1
2669,['LQKIPLQWF'],1,1,1,0,10.4,10.4,train,1
1227,['GEIFGLLGP'],1,1,1,0,2.6,2.6,train,1
4331,['TIVTKVNNY'],1,1,0,1,0.0,0.0,train,1
3240,['QATAQAAAY'],1,1,1,0,5.6,5.6,train,1
2685,['LRGVAVGRK'],1,1,0,1,0.0,0.0,train,1
2154,['KLYVPLSRH'],1,1,0,0,0.9,0.9,train,1
2124,['KLQWLFAAL'],1,1,0,0,0.5,0.5,train,1
3142,['NMQESSKSF'],1,1,1,0,1.2,1.2,val,1
4627,['VLRACWNEK'],1,1,1,0,16.9,16.9,test,1
665,['EQKRQNMVL'],1,1,0,1,0.0,0.0,val,1
4614,['VLLEARQAY'],1,1,1,0,5.1,5.1,train,1
557,['EEAIGKVLL'],1,1,0,0,0.7,0.7,test,1
3149,['NPKLRNCRI'],1,1,0,1,0.0,0.0,train,1
3358,['RAGAGVMPK'],1,1,1,0,2.1,2.1,train,1
266,['AQSDFMSWV'],1,1,1,0,3.9,3.9,train,1
3883,['RVYPNPEVY'],1,1,1,0,4.3,4.3,train,1
3607,['RPQASHQLL'],1,1,1,0,3.65,3.65,train,1
2651,['LPTKLRPSA'],1,1,1,0,1.1,1.1,train,1
908,['FLILPQAKK'],1,1,0,1,0.0,0.0,train,1
1522,['HHAVPNGTL'],1,1,1,0,9.6,9.6,train,1
835,['FHGIFYSIF'],1,1,0,0,0.1,0.1,train,1
761,['EYIWRSLKI'],1,1,1,0,6.3,6.3,train,1
4320,['TIDKSSPLY'],1,1,1,0,10.27,10.27,train,1
4635,['VLSLELPEV'],1,1,1,0,22.73,22.73,train,1
4393,['TPATDGATF'],1,1,1,0,1.4,1.4,train,1
76,['AHGWSTFYL'],1,1,0,0,0.2,0.2,train,1
796,['FDSLENSAF'],1,1,0,1,0.0,0.0,train,1
3821,['RVFNGDDVK'],1,1,0,0,0.4,0.4,train,1
910,['FLISEMLSK'],1,1,0,1,0.0,0.0,train,1
3151,['NPNSDLIKI'],1,1,0,1,0.0,0.0,train,1
442,['CPTLKKGFL'],1,1,1,0,2.9,2.9,val,1
4060,['SLYEKSGSV'],1,1,1,0,1.6,1.6,test,1
2201,['KPYFPPRIL'],1,1,1,0,6.12,6.12,train,1
1502,['HAEIESATL'],1,1,0,1,0.0,0.0,train,1
2011,['KEHKGVGFL'],1,1,1,0,1.8,1.8,train,1
4109,['SPSPGVGDI'],1,1,0,0,0.65,0.65,train,1
6,['AAKHMSNTY'],1,1,1,0,11.7,11.7,train,1
1943,['IVRTNRNEL'],1,1,0,1,0.0,0.0,train,1
4501,['TVIDVNTGK'],1,1,0,0,0.4,0.4,val,1
4983,['YARAGSSSH'],1,1,0,0,0.5,0.5,test,1
2943,['MPQMKKILK'],1,1,1,0,1.05,1.05,train,1
3628,['RPRWLGADI'],1,1,1,0,4.9,4.9,train,1
1474,['GVGAPTTTY'],1,1,1,0,6.9,6.9,train,1
3540,['RLYEAIIHH'],1,1,1,0,10.5,10.5,train,1
222,['APIANPGAL'],1,1,1,0,9.2,9.2,train,1
573,['EEVDISKDI'],1,1,0,1,0.0,0.0,train,1
5245,['YQTYVSPGA'],1,1,1,0,3.2,3.2,train,1
3631,['RPTFDTRLM'],1,1,1,0,1.8,1.8,train,1
1289,['GLIPQWVTL'],1,1,1,0,9.9,9.9,train,1
4091,['SPEMVRAAA'],1,1,1,0,4.9,4.9,train,1
1842,['IRDGLQYGW'],1,1,1,0,2.4,2.4,train,1
1793,['IMYPSPNGH'],1,1,0,0,0.9,0.9,train,1
331,['ATMATRRGY'],1,1,1,0,5.3,5.3,train,1
3206,['PECTLFESL'],1,1,0,1,0.0,0.0,train,1
1774,['IMALKQAGL'],1,1,0,0,0.3,0.3,train,1
4401,['TPPKSFKSL'],1,1,0,0,0.85,0.85,train,1
173,['AMCRTPFSL'],1,1,1,0,3.9,3.9,val,1
2036,['KGYVFGSFH'],1,1,0,1,0.0,0.0,train,1
0,['AAAAFEAAL'],1,1,0,1,0.0,0.0,train,1
2174,['KMTLFKSIL'],1,1,0,0,0.42,0.42,train,1
2603,['LPATERQSH'],1,1,1,0,5.7,5.7,test,1
4334,['TKDTNDNNL'],1,1,0,0,0.9,0.9,train,1
3658,['RQNLSSSEL'],1,1,1,0,10.7,10.7,train,1
4288,['TDYDTLIDV'],1,1,0,1,0.0,0.0,val,1
4617,['VLNDQYAKV'],1,1,1,0,18.05,18.05,train,1
2732,['LTFGWCFKL'],1,1,0,1,0.0,0.0,train,1
1213,['GAWCYDYTV'],1,1,1,0,1.35,1.35,val,1
4059,['SLYDIITVM'],1,1,0,1,0.0,0.0,test,1
3861,['RVRSAHSTV'],1,1,1,0,6.0,6.0,test,1
3869,['RVTIGSIVK'],1,1,1,0,1.2,1.2,train,1
3611,['RPRDRCARI'],1,1,1,0,4.2,4.2,train,1
3299,['QQLEADYTF'],1,1,0,0,0.2,0.2,train,1
2846,['MGAGLVFPI'],1,1,0,0,0.3,0.3,train,1
3937,['SDACMMTMY'],1,1,0,0,0.8,0.8,train,1
4351,['TLKQRLTNL'],1,1,0,0,0.95,0.95,train,1
2892,['MLRLWWIPY'],1,1,0,1,0.0,0.0,train,1
4605,['VLGYSRMLY'],1,1,0,0,0.1,0.1,val,1
1110,['FSFGDYFKK'],1,1,0,0,0.2,0.2,test,1
4840,['WCMQHLPSY'],1,1,1,0,2.0,2.0,val,1
2007,['KEDPGDHIF'],1,1,1,0,1.7,1.7,test,1
193,['AMQDPNPEV'],1,1,1,0,2.7,2.7,train,1
578,['EFKRRLKDL'],1,1,0,0,0.1,0.1,train,1
2123,['KLQPSDTLL'],1,1,1,0,1.5,1.5,train,1
771,['FADINGKLY'],1,1,1,0,1.7,1.7,train,1
178,['AMFIGHATA'],1,1,1,0,2.65,2.65,train,1
4835,['WASGVPAAT'],1,1,0,1,0.0,0.0,train,1
5319,['YTDDYPMYK'],1,1,0,0,0.7,0.7,train,1
2221,['KQPNRPLFI'],1,1,0,0,0.3,0.3,train,1
5092,['YLGTPNNTY'],1,1,1,0,5.9,5.9,train,1
4337,['TLAAAANSY'],1,1,1,0,3.3,3.3,train,1
5045,['YIIPCILIL'],1,1,1,0,5.1,5.1,train,1
67,['AFFAERLYY'],1,1,0,1,0.0,0.0,train,1
2486,['LGTIYGFIW'],1,1,1,0,3.1,3.1,train,1
2269,['KSAYPFDEL'],1,1,1,0,1.1,1.1,train,1
3586,['RPEAAAGQL'],1,1,1,0,3.8,3.8,train,1
1226,['GEHVPEIIL'],1,1,1,0,1.1,1.1,train,1
2509,['LLCPAGHAV'],1,1,1,0,10.1,10.1,train,1
3208,['PEDVLKSLL'],1,1,1,0,8.16,8.16,train,1
4618,['VLNETTNWL'],1,1,1,0,1.1,1.1,train,1
1398,['GRIPVSDIF'],1,1,0,1,0.0,0.0,train,1
1659,['ICSAVPVHW'],1,1,1,0,8.6,8.6,train,1
2220,['KQNMRIRSK'],1,1,1,0,3.2,3.2,train,1
2331,['KTMMQAHDL'],1,1,1,0,1.4,1.4,train,1
1298,['GLMLAFEPK'],1,1,1,0,3.0,3.0,train,1
82,['AIDDFCLFA'],1,1,1,0,2.15,2.15,train,1
3220,['PLYRLSPKK'],1,1,1,0,1.9,1.9,train,1
4579,['VHAVYDSML'],1,1,0,1,0.0,0.0,train,1
4812,['VVYPDGYDK'],1,1,1,0,22.2,22.2,train,1
4092,['SPGRKNGSF'],1,1,1,0,2.7,2.7,train,1
1377,['GQLASMVKL'],1,1,0,0,0.3,0.3,train,1
5047,['YIITCCLFA'],1,1,1,0,2.7,2.7,train,1
4326,['TIKRRIRQL'],1,1,0,0,0.6,0.6,train,1
3172,['NSDPEFNVL'],1,1,0,0,0.1,0.1,train,1
4784,['VTTQRQSVY'],1,1,1,0,1.9,1.9,train,1
4317,['THYPTQNRF'],1,1,0,0,0.1,0.1,train,1
1602,['HSRRSRRSL'],1,1,0,0,0.3,0.3,train,1
155,['ALSSDGDTV'],1,1,1,0,1.8,1.8,train,1
3316,['QTDNQLAVF'],1,1,0,0,0.4,0.4,train,1
4587,['VIMWYNYLF'],1,1,1,0,1.7,1.7,train,1
288,['ASDDYDRLY'],1,1,0,0,0.7,0.7,train,1
930,['FLPGQYMNI'],1,1,1,0,6.0,6.0,train,1
3856,['RVRGAVTGM'],1,1,1,0,4.4,4.4,train,1
942,['FLRFGDFKL'],1,1,1,0,1.0,1.0,train,1
3459,['RISSIPVEY'],1,1,0,0,0.5,0.5,train,1
3285,['QMRDVLGTF'],1,1,1,0,5.7,5.7,train,1
4192,['SSYAAAQRK'],1,1,1,0,5.1,5.1,train,1
5167,['YMLKDSAPT'],1,1,1,0,2.4,2.4,train,1
4114,['SPVMGVIGF'],1,1,1,0,1.1,1.1,train,1
1457,['GTQDGGLMK'],1,1,1,0,1.1,1.1,train,1
264,['AQRPAKYSY'],1,1,1,0,10.8,10.8,train,1
4155,['SRLLMRRMR'],1,1,0,0,0.2,0.2,train,1
4082,['SMRFESSPH'],1,1,1,0,6.6,6.6,train,1
246,['APSVLNLAF'],1,1,1,0,2.7,2.7,train,1
1758,['ILRHSTAHL'],1,1,1,0,6.4,6.4,train,1
669,['ERAFQNWSV'],1,1,1,0,3.5,3.5,train,1
5208,['YPLHEQHGM'],1,1,1,0,6.4,6.4,train,1
1781,['IMKDKNTPF'],1,1,1,0,5.3,5.3,train,1
2533,['LLLPIAPEL'],1,1,1,0,25.7,25.7,train,1
1898,['ITDWLNFTL'],1,1,1,0,2.6,2.6,train,1
4408,['TPSGKRLQI'],1,1,1,0,8.5,8.5,train,1
3867,['RVSTGLYRY'],1,1,0,0,0.2,0.2,train,1
4599,['VLESCWPDV'],1,1,0,0,0.93,0.93,train,1
484,['DFISMYFPW'],1,1,0,0,0.4,0.4,train,1
7,['AAKKKGASL'],1,1,1,0,3.0,3.0,train,1
2315,['KTDNDTILY'],1,1,1,0,27.62,27.62,train,1
4129,['SQLEMCEKY'],1,1,1,0,10.7,10.7,train,1
2426,['LAILIWMYY'],1,1,0,1,0.0,0.0,train,1
773,['FAEGVVAFL'],1,1,0,0,0.1,0.1,train,1
1277,['GLDVLTAKV'],1,1,1,0,5.7,5.7,train,1
1783,['IMKVVNRWL'],1,1,0,1,0.0,0.0,train,1
3641,['RQEKWMTGR'],1,1,1,0,5.4,5.4,train,1
4110,['SPSSKYVKL'],1,1,1,0,5.05,5.05,train,1
3035,['MTQNISNDK'],1,1,0,1,0.0,0.0,train,1
4395,['TPFDVEDTF'],1,1,1,0,6.79,6.79,train,1
1727,['ILGETAWDF'],1,1,0,0,0.3,0.3,train,1
570,['EEQTSVFSA'],1,1,1,0,9.08,9.08,train,1
4991,['YDKILSYIY'],1,1,0,1,0.0,0.0,train,1
434,['CLTEYILWV'],1,1,1,0,1.4,1.4,train,1
2069,['KKNHWFILK'],1,1,0,0,0.7,0.7,train,1
1537,['HLEDGIYGI'],1,1,0,0,0.6,0.6,val,1
176,['AMEDLVRAY'],1,1,1,0,1.4,1.4,val,1
2972,['MQLQLNCAY'],1,1,1,0,9.4,9.4,train,1
572,['EETLLTTWL'],1,1,0,0,0.9,0.9,train,1
5205,['YPIYGLQFH'],1,1,0,0,0.7,0.7,test,1
592,['EIFWDKKAY'],1,1,0,0,0.3,0.3,train,1
2879,['MLGEETIKV'],1,1,1,0,1.0,1.0,test,1
2492,['LIDGRTSFY'],1,1,1,0,14.3,14.3,train,1
4358,['TLLMNELGV'],1,1,1,0,1.1,1.1,train,1
2189,['KPKLKVATL'],1,1,1,0,6.0,6.0,train,1
3885,['RVYSDHQAL'],1,1,1,0,1.0,1.0,train,1
1422,['GSEDRDLLY'],1,1,0,0,0.4,0.4,train,1
2723,['LSVSSRCPI'],1,1,1,0,5.3,5.3,train,1
1251,['GGRAHRMAL'],1,1,0,0,0.5,0.5,train,1
840,['FHKRDMRLL'],1,1,0,1,0.0,0.0,train,1
581,['EFVSANLAM'],1,1,0,1,0.0,0.0,train,1
204,['AMYMALIAA'],1,1,1,0,6.3,6.3,train,1
1641,['IAHVRDVVM'],1,1,1,0,1.0,1.0,train,1
631,['ELPIVTPAL'],1,1,0,1,0.0,0.0,train,1
617,['ELDEIGEDV'],1,1,0,0,0.1,0.1,train,1
3542,['RLYEWQHVS'],1,1,1,0,4.8,4.8,train,1
1861,['ISDPLTSGL'],1,1,1,0,2.0,2.0,train,1
640,['ELVRKTRFL'],1,1,0,0,0.1,0.1,train,1
4428,['TQWCSRSVY'],1,1,1,0,7.2,7.2,train,1
4049,['SLSNLDFRL'],1,1,1,0,23.58,23.58,train,1
3497,['RLHDAWWTL'],1,1,1,0,2.0,2.0,train,1
3604,['RPPGCTFPA'],1,1,0,0,0.5,0.5,train,1
1372,['GPVRPYFSL'],1,1,1,0,3.85,3.85,train,1
2097,['KLIDVSKCI'],1,1,1,0,3.8,3.8,train,1
4712,['VQHPELTGL'],1,1,1,0,2.0,2.0,train,1
4795,['VVLLRAYAK'],1,1,0,0,0.9,0.9,train,1
836,['FHGVAKNPV'],1,1,1,0,1.0,1.0,train,1
4311,['TFYAEFPKK'],1,1,0,0,0.4,0.4,train,1
4609,['VLIRRCHYL'],1,1,1,0,8.5,8.5,train,1
3185,['NTDIKTLKF'],1,1,1,0,1.7,1.7,train,1
1283,['GLFWGGIWY'],1,1,0,1,0.0,0.0,train,1
3576,['RPALHGSVE'],1,1,1,0,1.0,1.0,train,1
1326,['GLYSLPHDL'],1,1,1,0,1.4,1.4,train,1
5023,['YGIPFPGSL'],1,1,0,0,0.2,0.2,train,1
2528,['LLKLWIDKV'],1,1,1,0,4.4,4.4,train,1
4167,['SRYWAIRTR'],1,1,0,0,0.4,0.4,val,1
2855,['MHGHGKHIL'],1,1,1,0,1.1,1.1,val,1
4378,['TMGAASITL'],1,1,0,0,0.4,0.4,test,1
1938,['IVKQRRWKL'],1,1,0,0,0.4,0.4,train,1
1078,['FRAQTKGKV'],1,1,0,1,0.0,0.0,train,1
3813,['RVARARRTL'],1,1,1,0,6.5,6.5,test,1
187,['AMLHWSLIL'],1,1,1,0,9.2,9.2,train,1
3074,['MWGICNDWF'],1,1,1,0,1.4,1.4,train,1
3133,['NLQPPALSK'],1,1,0,1,0.0,0.0,train,1
1492,['GYDFEREGY'],1,1,1,0,3.8,3.8,train,1
226,['APINSATAM'],1,1,1,0,9.0,9.0,train,1
1404,['GRMEKKTWK'],1,1,1,0,5.2,5.2,train,1
1124,['FTDGVCLFW'],1,1,1,0,12.0,12.0,train,1
3269,['QLKQRDALF'],1,1,1,0,4.3,4.3,train,1
2634,['LPQANRDTL'],1,1,1,0,15.81,15.81,train,1
2256,['KRVVASLMR'],1,1,1,0,1.4,1.4,train,1
2649,['LPSSSSYSY'],1,1,1,0,4.5,4.5,train,1
2159,['KMDVTPLDY'],1,1,0,1,0.0,0.0,train,1
1754,['ILQDMRNTI'],1,1,0,0,0.85,0.85,train,1
5374,['YVLSFQVTF'],1,1,1,0,3.3,3.3,train,1
3153,['NPSVLKILL'],1,1,0,0,0.22,0.22,train,1
2520,['LLGQNTPAI'],1,1,1,0,3.8,3.8,train,1
361,['AVFLSYIGY'],1,1,0,1,0.0,0.0,train,1
1134,['FTFWTFANY'],1,1,0,0,0.6,0.6,train,1
1830,['IQFMHEQGY'],1,1,1,0,8.9,8.9,train,1
4405,['TPRIEGGTF'],1,1,1,0,1.3,1.3,train,1
2468,['LEPRVFGWM'],1,1,0,0,0.9,0.9,train,1
87,['AIHPFALLL'],1,1,0,1,0.0,0.0,train,1
3088,['NADTGHSIY'],1,1,1,0,1.9,1.9,train,1
2588,['LNRPDIGLY'],1,1,1,0,2.0,2.0,train,1
1368,['GPRRAAWRI'],1,1,1,0,2.8,2.8,train,1
234,['APPPQRAAM'],1,1,1,0,6.4,6.4,train,1
4403,['TPRDLGACI'],1,1,1,0,5.0,5.0,train,1
3973,['SGFGGETPV'],1,1,0,0,0.1,0.1,train,1
2544,['LLPRRGPRL'],1,1,0,0,0.2,0.2,train,1
4688,['VPGSETMCY'],1,1,1,0,3.0,3.0,train,1
1850,['IRSAEVVSR'],1,1,0,0,0.8,0.8,train,1
487,['DHLKEKSSL'],1,1,0,0,0.2,0.2,val,1
2398,['KWKKKLNQL'],1,1,0,0,0.2,0.2,test,1
2207,['KQINPPTVY'],1,1,1,0,10.2,10.2,val,1
3258,['QHSFMANRM'],1,1,0,0,0.7,0.7,train,1
118,['ALFEDYPGC'],1,1,1,0,2.0,2.0,test,1
4125,['SQHNYRPGY'],1,1,1,0,3.5,3.5,train,1
3298,['QQDTNSAGL'],1,1,0,0,0.3,0.3,train,1
4034,['SLLHESTLK'],1,1,1,0,3.1,3.1,train,1
4582,['VIARTHTAL'],1,1,0,1,0.0,0.0,train,1
2185,['KPITYPKAL'],1,1,1,0,5.0,5.0,train,1
2037,['KHDFIDNPL'],1,1,0,0,0.4,0.4,train,1
4610,['VLISPVSIL'],1,1,0,0,0.46,0.46,train,1
1284,['GLGSFVARK'],1,1,1,0,2.5,2.5,train,1
5124,['YLPEDSDIL'],1,1,0,0,0.4,0.4,train,1
2587,['LNIMNKLNI'],1,1,1,0,14.26,14.26,val,1
3154,['NPVKTIKMF'],1,1,0,1,0.0,0.0,val,1
435,['CLTPKKNVY'],1,1,0,1,0.0,0.0,test,1
365,['AVGIGLRLV'],1,1,0,0,0.2,0.2,train,1
231,['APPHGGIAF'],1,1,0,0,0.9,0.9,train,1
147,['ALRRRTGTR'],1,1,0,1,0.0,0.0,train,1
86,['AIGRAFMKK'],1,1,1,0,4.8,4.8,test,1
3787,['RTGTRLLGR'],1,1,1,0,1.2,1.2,train,1
2628,['LPNLITPRY'],1,1,1,0,4.22,4.22,train,1
3406,['REKIDGVKL'],1,1,1,0,1.1,1.1,train,1
2279,['KSFSAGMFH'],1,1,1,0,7.5,7.5,train,1
4502,['TVIEGLDKL'],1,1,1,0,1.3,1.3,train,1
4002,['SKLRALLTL'],1,1,0,0,0.7,0.7,train,1
4639,['VLVKSPNHV'],1,1,0,0,0.7,0.7,train,1
3277,['QLQKIERWF'],1,1,0,1,0.0,0.0,train,1
3163,['NQQVTNSKY'],1,1,1,0,4.4,4.4,val,1
1731,['ILGVFRRPF'],1,1,1,0,5.6,5.6,test,1
5154,['YLYQPCDLL'],1,1,1,0,5.7,5.7,train,1
182,['AMISLAKKI'],1,1,0,0,0.2,0.2,val,1
1940,['IVLSHILPL'],1,1,1,0,2.6,2.6,train,1
3288,['QPAFMVASF'],1,1,1,0,1.5,1.5,train,1
3139,['NMKWKFNAL'],1,1,0,0,0.4,0.4,test,1
4687,['VPGLSPEAL'],1,1,0,0,0.4,0.4,train,1
172,['AMAGGIGVL'],1,1,1,0,3.3,3.3,train,1
1446,['GTGDSRLTY'],1,1,0,0,0.15,0.15,train,1
2697,['LSARHASGK'],1,1,1,0,6.2,6.2,train,1
4497,['TVGYMYIMK'],1,1,0,0,0.1,0.1,train,1
3276,['QLQCHQIAI'],1,1,1,0,1.0,1.0,train,1
3129,['NLIDWFNQT'],1,1,0,0,0.3,0.3,train,1
123,['ALHRRGPHR'],1,1,0,0,0.9,0.9,train,1
1382,['GQSTSRHKK'],1,1,1,0,22.1,22.1,train,1
2148,['KLYFWIPWS'],1,1,0,0,0.5,0.5,train,1
3207,['PEDPVEIAL'],1,1,0,0,0.6,0.6,train,1
2130,['KLSSMAAER'],1,1,0,0,0.8,0.8,train,1
456,['CTDPPLLSV'],1,1,0,0,0.2,0.2,train,1
4667,['VMTEGRHAV'],1,1,1,0,2.5,2.5,val,1
641,['ELVSEFSRM'],1,1,0,0,0.4,0.4,val,1
3213,['PLDGEYFTL'],1,1,0,0,0.6,0.6,test,1
3235,['PYWQVTGNW'],1,1,1,0,2.1,2.1,test,1
4024,['SLGQYIYET'],1,1,0,0,0.7,0.7,train,1
389,['AVYSICKFY'],1,1,0,1,0.0,0.0,train,1
2494,['LIGANYLGK'],1,1,0,0,0.2,0.2,train,1
4552,['VDKVKQLLA'],1,1,1,0,8.33,8.33,val,1
2529,['LLKTRFRGL'],1,1,0,0,0.5,0.5,val,1
2530,['LLLKERGLK'],1,1,1,0,1.2,1.2,test,1
237,['APRFSRTPA'],1,1,1,0,5.9,5.9,train,1
3471,['RKLLESQGR'],1,1,0,0,0.3,0.3,test,1
4089,['SPADERAVA'],1,1,1,0,10.6,10.6,train,1
5094,['YLHIHPFKI'],1,1,1,0,4.4,4.4,train,1
3752,['RSDEYVAYY'],1,1,1,0,89.6,89.6,train,1
265,['AQRWANQIR'],1,1,1,0,1.9,1.9,train,1
1811,['IPPGERQLI'],1,1,0,1,0.0,0.0,train,1
1428,['GSQPGGPLK'],1,1,1,0,2.3,2.3,train,1
398,['AYDHGNVIL'],1,1,0,0,0.5,0.5,train,1
3326,['QVCERIPTI'],1,1,1,0,1.55,1.55,train,1
3078,['MYGGRIVEK'],1,1,1,0,8.1,8.1,train,1
4829,['WAKLLKQKW'],1,1,0,1,0.0,0.0,train,1
3295,['QPREFNMML'],1,1,0,0,0.6,0.6,train,1
1452,['GTLSYDNLK'],1,1,1,0,61.1,61.1,train,1
560,['EEAPAAVSF'],1,1,0,0,0.5,0.5,train,1
3567,['RNMSRIFPY'],1,1,1,0,9.1,9.1,train,1
243,['APRTVALTA'],1,1,1,0,5.4,5.4,train,1
1339,['GMKAFTAAV'],1,1,1,0,3.8,3.8,train,1
3250,['QEQLSDTPL'],1,1,0,0,0.8,0.8,train,1
405,['AYPELACAV'],1,1,0,0,0.4,0.4,train,1
261,['AQPAPQAPY'],1,1,1,0,7.5,7.5,train,1
1689,['IFRKKRLTI'],1,1,0,0,0.2,0.2,train,1
1725,['ILFDRLPIA'],1,1,1,0,25.1,25.1,val,1
1866,['ISGSNIVIF'],1,1,0,1,0.0,0.0,train,1
340,['ATREGKHGK'],1,1,1,0,1.1,1.1,test,1
3519,['RLNLKTSFH'],1,1,1,0,19.8,19.8,train,1
4366,['TLRVLQDQL'],1,1,0,0,0.19,0.19,val,1
1523,['HHDPILNGL'],1,1,0,1,0.0,0.0,test,1
3979,['SHEGEGIPL'],1,1,0,0,0.8,0.8,train,1
4417,['TQDLFLPFY'],1,1,0,0,0.3,0.3,train,1
1766,['ILTDGPERV'],1,1,1,0,4.0,4.0,train,1
3608,['RPQVAKTLL'],1,1,1,0,5.7,5.7,train,1
4827,['WADMPLHQW'],1,1,0,0,0.4,0.4,train,1
4323,['TIHSSGAAK'],1,1,1,0,2.0,2.0,train,1
656,['EPLELVRYI'],1,1,0,1,0.0,0.0,train,1
2102,['KLITQPLPA'],1,1,1,0,3.0,3.0,train,1
2493,['LIDNPDNNL'],1,1,0,0,0.76,0.76,train,1
3771,['RSTLANGWY'],1,1,0,0,0.3,0.3,train,1
3630,['RPTEHRGEF'],1,1,1,0,6.1,6.1,val,1
115,['ALFDGDPHL'],1,1,1,0,37.3,37.3,test,1
3360,['RAIMTTWTV'],1,1,1,0,9.0,9.0,train,1
3980,['SHEQGDIAL'],1,1,0,0,0.6,0.6,train,1
4716,['VQTAAAVVF'],1,1,1,0,9.2,9.2,train,1
159,['ALTSAMLDR'],1,1,0,0,0.9,0.9,val,1
2608,['LPEFERRTL'],1,1,1,0,4.8,4.8,train,1
707,['ETLETLLLL'],1,1,0,0,0.2,0.2,train,1
4629,['VLRQAALSL'],1,1,1,0,3.8,3.8,train,1
4135,['SQRVEFLEY'],1,1,1,0,6.8,6.8,train,1
3332,['QVSIIQEKL'],1,1,0,0,0.11,0.11,test,1
4031,['SLKERIDML'],1,1,1,0,1.4,1.4,train,1
998,['FNCGGEFFY'],1,1,0,0,0.2,0.2,train,1
5090,['YLGSWATGK'],1,1,0,0,0.7,0.7,train,1
2684,['LRFDLTRDK'],1,1,0,0,0.6,0.6,train,1
3857,['RVRLSMLTV'],1,1,1,0,5.6,5.6,val,1
4346,['TLHFLTRGK'],1,1,0,0,0.4,0.4,train,1
440,['CPLNQLEQF'],1,1,1,0,1.4,1.4,test,1
3585,['RPATTRGVE'],1,1,1,0,1.7,1.7,train,1
1546,['HLPGFGTAF'],1,1,1,0,6.7,6.7,train,1
672,['ERTDLFFPV'],1,1,1,0,6.3,6.3,train,1
482,['DFIGFGAAY'],1,1,0,0,0.3,0.3,train,1
3603,['RPNRQLGSM'],1,1,0,0,0.4,0.4,train,1
1462,['GTVPTDNPF'],1,1,0,1,0.0,0.0,train,1
4348,['TLKDGDFIL'],1,1,0,0,0.9,0.9,val,1
5385,['YWKYEIVRI'],1,1,0,0,0.4,0.4,test,1
3238,['QARGHVVAM'],1,1,1,0,3.1,3.1,train,1
3225,['PSEKRIGAY'],1,1,1,0,1.1,1.1,train,1
1660,['IDLINNDQI'],1,1,0,1,0.0,0.0,train,1
1656,['IASVPTSRY'],1,1,1,0,3.6,3.6,train,1
4574,['VFMDNAFKK'],1,1,0,0,0.8,0.8,train,1
5140,['YLSGTDDEV'],1,1,1,0,3.5,3.5,train,1
4296,['TEGEGRVIL'],1,1,1,0,1.6,1.6,train,1
1399,['GRIQDLEKY'],1,1,0,1,0.0,0.0,train,1
1195,['FYHISTGGY'],1,1,0,0,0.1,0.1,train,1
1475,['GVIMPNGSY'],1,1,1,0,5.4,5.4,val,1
3312,['QSRKEFMSM'],1,1,1,0,4.2,4.2,test,1
3006,['MSRAFGFTV'],1,1,0,1,0.0,0.0,train,1
2206,['KQIAEHATI'],1,1,1,0,5.3,5.3,train,1
3753,['RSFAERLDR'],1,1,0,0,0.2,0.2,train,1
2137,['KLTSYSAGL'],1,1,1,0,13.5,13.5,train,1
2691,['LRWASGVSE'],1,1,0,1,0.0,0.0,train,1
3215,['PLFPGITRV'],1,1,1,0,1.75,1.75,train,1
3456,['RIRAANLPI'],1,1,1,0,7.6,7.6,train,1
1692,['IGKLFTQTM'],1,1,0,1,0.0,0.0,train,1
4319,['TIDGFAPFK'],1,1,0,0,0.5,0.5,val,1
3055,['MVAWRVTMH'],1,1,0,0,0.6,0.6,test,1
1825,['IPVRRGYTT'],1,1,0,1,0.0,0.0,train,1
2840,['MFMMIFHFV'],1,1,1,0,17.3,17.3,val,1
3694,['RRGLSQFTQ'],1,1,0,1,0.0,0.0,train,1
4968,['WYDALCVLL'],1,1,0,0,0.6,0.6,train,1
3535,['RLVPLGCVK'],1,1,0,0,0.7,0.7,train,1
3935,['SCINGQCPY'],1,1,1,0,1.6,1.6,test,1
2545,['LLQGVPFHV'],1,1,1,0,6.6,6.6,train,1
2390,['KVVKLTPQV'],1,1,1,0,3.85,3.85,train,1
3371,['RARIKTRLF'],1,1,1,0,1.0,1.0,train,1
4884,['WLRAMPPRM'],1,1,0,1,0.0,0.0,train,1
1473,['GVFPINESF'],1,1,1,0,2.0,2.0,train,1
2375,['KVIDIDLER'],1,1,1,0,13.3,13.3,train,1
2132,['KLTELNAEL'],1,1,1,0,34.91,34.91,train,1
3021,['MTFPLHFRS'],1,1,0,0,0.1,0.1,train,1
3015,['MTACGRIVV'],1,1,0,0,0.4,0.4,train,1
1624,['HVPTRGTAM'],1,1,1,0,4.4,4.4,train,1
4821,['VYRIMTRGL'],1,1,0,0,0.3,0.3,train,1
3866,['RVSSDQSAL'],1,1,1,0,1.8,1.8,train,1
1354,['GPAEARKVC'],1,1,1,0,7.5,7.5,train,1
4867,['WIPKRNRSI'],1,1,0,0,0.3,0.3,train,1
850,['FHVPFDILL'],1,1,1,0,1.8,1.8,train,1
4885,['WLSLLVPFV'],1,1,1,0,19.6,19.6,train,1
18,['AARTKGISI'],1,1,0,0,0.8,0.8,val,1
1637,['IAAPNMIAV'],1,1,1,0,2.7,2.7,val,1
1667,['IEDAMPGVL'],1,1,1,0,2.6,2.6,train,1
3173,['NSDPNTPDK'],1,1,0,0,0.9,0.9,train,1
4349,['TLKGTSYKM'],1,1,0,1,0.0,0.0,test,1
3230,['PYENLLYKL'],1,1,0,0,0.9,0.9,train,1
1092,['FRNQVKIRR'],1,1,1,0,5.6,5.6,test,1
1327,['GMAEDLQSL'],1,1,1,0,6.7,6.7,train,1
5037,['YIDISDVKV'],1,1,0,0,0.82,0.82,train,1
1310,['GLSFLNPEK'],1,1,0,0,0.8,0.8,train,1
4709,['VQGFIFFFL'],1,1,0,1,0.0,0.0,train,1
4376,['TMDVNHPIY'],1,1,1,0,6.34,6.34,train,1
4852,['WFGHLASDW'],1,1,0,0,0.4,0.4,train,1
4529,['TWVIALGYF'],1,1,1,0,6.3,6.3,train,1
587,['EHVQGDIDL'],1,1,0,1,0.0,0.0,train,1
3264,['QLAFFVAGK'],1,1,1,0,2.1,2.1,train,1
1198,['FYLFTFTIY'],1,1,1,0,1.6,1.6,train,1
85,['AIFQSSMTK'],1,1,1,0,56.65,56.65,train,1
1381,['GQRVYSWVY'],1,1,1,0,8.2,8.2,train,1
2716,['LSPDDIEQW'],1,1,0,0,0.2,0.2,train,1
128,['ALKEAIEMV'],1,1,1,0,19.5,19.5,train,1
1364,['GPLGILSNY'],1,1,0,1,0.0,0.0,train,1
4169,['SSARYDVAL'],1,1,0,1,0.0,0.0,val,1
4372,['TLYEAVRKV'],1,1,1,0,7.8,7.8,val,1
3662,['RQRHYFDSA'],1,1,1,0,6.9,6.9,train,1
891,['FLDPASIAA'],1,1,1,0,9.9,9.9,train,1
4553,['VDLKPSFLV'],1,1,0,1,0.0,0.0,train,1
1359,['GPGEVSAAM'],1,1,1,0,2.2,2.2,train,1
1661,['IDNENKTLL'],1,1,0,1,0.0,0.0,test,1
4353,['TLLCGAATA'],1,1,1,0,1.2,1.2,test,1
1317,['GLYEWISEQ'],1,1,0,0,0.3,0.3,train,1
3249,['QEPGPVGPL'],1,1,0,0,0.9,0.9,train,1
2542,['LLPDSDVFV'],1,1,1,0,3.8,3.8,train,1
1208,['FYYNAFHWA'],1,1,0,0,0.2,0.2,train,1
3377,['RASHFRKLF'],1,1,1,0,1.6,1.6,train,1
216,['APEEKYLSM'],1,1,1,0,6.4,6.4,train,1
3589,['RPGRFGSSA'],1,1,1,0,2.8,2.8,train,1
1239,['GEPDARYEI'],1,1,1,0,1.3,1.3,train,1
489,['DIDEILEKV'],1,1,1,0,13.38,13.38,train,1
1229,['GEINGEHVP'],1,1,1,0,1.1,1.1,train,1
5091,['YLGTALMGA'],1,1,1,0,6.0,6.0,train,1
2532,['LLLLVAPAY'],1,1,0,0,0.3,0.3,train,1
1058,['FQLAAPSGF'],1,1,1,0,8.2,8.2,train,1
2166,['KMIDGIGRF'],1,1,1,0,7.4,7.4,train,1
1043,['FPTQADAIG'],1,1,1,0,1.6,1.6,train,1
1274,['GLCTLVAML'],1,1,1,0,1.5,1.5,train,1
619,['ELFYILIAK'],1,1,0,1,0.0,0.0,train,1
1742,['ILLFPLPSF'],1,1,0,1,0.0,0.0,train,1
1847,['IRLRPGGKK'],1,1,0,0,0.6,0.6,train,1
3568,['RNRDQSNAL'],1,1,1,0,6.6,6.6,train,1
3275,['QLQANRRAY'],1,1,1,0,4.4,4.4,train,1
5376,['YVRALGDAV'],1,1,1,0,3.3,3.3,train,1
3178,['NSPVFNYNK'],1,1,0,0,0.2,0.2,train,1
1307,['GLQGIYVLV'],1,1,1,0,5.1,5.1,train,1
2003,['KCYGVSATK'],1,1,0,1,0.0,0.0,train,1
2360,['KVCRSPAQK'],1,1,1,0,8.8,8.8,train,1
4804,['VVTLIPLCR'],1,1,1,0,5.0,5.0,train,1
5288,['YRYKMPVME'],1,1,0,1,0.0,0.0,train,1
1801,['IPISDYTGY'],1,1,0,1,0.0,0.0,train,1
2639,['LPRDASQIT'],1,1,1,0,3.9,3.9,train,1
3466,['RKAGVNQAK'],1,1,1,0,12.6,12.6,train,1
1447,['GTHITNGGY'],1,1,1,0,1.9,1.9,train,1
2046,['KIEDLINQL'],1,1,0,0,0.35,0.35,train,1
4256,['SVYSWAIML'],1,1,0,0,0.6,0.6,train,1
129,['ALLDLGWTI'],1,1,1,0,24.5,24.5,train,1
5307,['YSLMSRYQF'],1,1,1,0,8.2,8.2,train,1
503,['DLNKVIQFL'],1,1,0,0,0.5,0.5,train,1
380,['AVRQKSRWI'],1,1,0,0,0.5,0.5,val,1
1525,['HHSDDALFI'],1,1,0,0,0.6,0.6,test,1
2340,['KTTARHLGH'],1,1,1,0,4.1,4.1,val,1
4662,['VMNPLGLNV'],1,1,1,0,1.1,1.1,test,1
3591,['RPIDDRFGL'],1,1,1,0,6.3,6.3,train,1
2068,['KIYKSILFQ'],1,1,0,1,0.0,0.0,train,1
3623,['RPRRASSPF'],1,1,0,1,0.0,0.0,train,1
529,['DTLKVGNTY'],1,1,0,0,0.3,0.3,train,1
5236,['YQKVGMQKY'],1,1,1,0,9.7,9.7,train,1
1269,['GIYHDICEI'],1,1,1,0,1.0,1.0,train,1
4043,['SLQECVKMA'],1,1,1,0,3.4,3.4,train,1
2979,['MQYEVTQHA'],1,1,1,0,2.2,2.2,train,1
1273,['GLAGGAATA'],1,1,0,0,0.8,0.8,train,1
3971,['SFYGYGFNV'],1,1,0,0,0.4,0.4,train,1
955,['FLTQDLPLL'],1,1,1,0,29.5,29.5,train,1
2579,['LMTAISQGI'],1,1,1,0,3.8,3.8,train,1
4335,['TKEAEHAPL'],1,1,1,0,2.8,2.8,train,1
2071,['KLADYLLLQ'],1,1,0,0,0.45,0.45,train,1
1977,['KAAGAAVAL'],1,1,1,0,1.4,1.4,train,1
158,['ALTPPFHPY'],1,1,1,0,9.0,9.0,train,1
2140,['KLVGKTVKV'],1,1,1,0,20.5,20.5,train,1
4086,['SMVKLPIFL'],1,1,1,0,2.2,2.2,train,1
3805,['RTRAGRHAF'],1,1,1,0,5.9,5.9,train,1
1266,['GIVCYNEEV'],1,1,1,0,1.0,1.0,train,1
2134,['KLTPLCVTL'],1,1,1,0,12.8,12.8,train,1
13,['AARAGGAAV'],1,1,1,0,4.8,4.8,train,1
3779,['RTCSNWVPL'],1,1,0,0,0.5,0.5,train,1
458,['CTELKLSDY'],1,1,1,0,1.9,1.9,train,1
110,['ALAVLSKCY'],1,1,1,0,4.1,4.1,train,1
1287,['GLHCYEQLV'],1,1,1,0,3.3,3.3,train,1
3985,['SIFERIREA'],1,1,1,0,2.0,2.0,train,1
4176,['SSKLGGLWK'],1,1,0,0,0.3,0.3,train,1
5171,['YMNGTMSQV'],1,1,1,0,10.8,10.8,train,1
427,['CIIKLPTLF'],1,1,1,0,1.42,1.42,train,1
89,['AIIRILQQL'],1,1,1,0,1.5,1.5,train,1
3174,['NSDTVDWSW'],1,1,0,0,0.9,0.9,train,1
3999,['SIYFLRGNH'],1,1,0,1,0.0,0.0,train,1
1949,['IWEVEDYGF'],1,1,0,0,0.15,0.15,train,1
1768,['ILVGDNSFV'],1,1,1,0,3.2,3.2,train,1
1,['AAAANTTAL'],1,1,1,0,2.0,2.0,train,1
2720,['LSSSVPSQK'],1,1,1,0,1.2,1.2,train,1
4083,['SMRSRARHI'],1,1,0,0,0.4,0.4,train,1
3534,['RLTRFLSRV'],1,1,1,0,26.7,26.7,train,1
1695,['IHDFVDKTL'],1,1,0,0,0.4,0.4,train,1
4988,['YARYVLQKL'],1,1,0,1,0.0,0.0,train,1
4051,['SLSSPDSAY'],1,1,1,0,5.4,5.4,train,1
213,['APALRQANI'],1,1,1,0,9.7,9.7,train,1
778,['FAGDLYRMY'],1,1,0,1,0.0,0.0,train,1
3496,['RLGPQGWRV'],1,1,1,0,10.8,10.8,train,1
101,['AKIEAPLLL'],1,1,1,0,1.1,1.1,train,1
2043,['KIDVVGIEW'],1,1,1,0,5.4,5.4,train,1
4101,['SPRARRRSM'],1,1,1,0,5.7,5.7,train,1
4281,['SYYPDQKSL'],1,1,0,0,0.5,0.5,train,1
3788,['RTHEESLRL'],1,1,0,0,0.7,0.7,train,1
1087,['FRKGSSIGK'],1,1,1,0,2.0,2.0,train,1
394,['AWQRTLKWF'],1,1,0,0,0.4,0.4,train,1
583,['EGIYKLSSM'],1,1,0,0,0.4,0.4,val,1
5019,['YFVPNLKDM'],1,1,0,0,0.2,0.2,test,1
1763,['ILSDENYLL'],1,1,1,0,29.0,29.0,val,1
1259,['GIADFIIFK'],1,1,1,0,15.4,15.4,test,1
4902,['WMQELRAGA'],1,1,0,0,0.1,0.1,train,1
3224,['PSDFFYLLF'],1,1,0,0,0.5,0.5,train,1
377,['AVRHAKAST'],1,1,0,0,0.6,0.6,train,1
1709,['IISLKYTRK'],1,1,0,1,0.0,0.0,train,1
1607,['HTAWDSHWV'],1,1,0,0,0.1,0.1,train,1
3610,['RPRDAIRFL'],1,1,1,0,4.81,4.81,val,1
1294,['GLLDWGMQQ'],1,1,0,0,0.2,0.2,val,1
4696,['VPPGRVWVM'],1,1,0,0,0.7,0.7,test,1
4949,['WSHRVTSPK'],1,1,1,0,1.9,1.9,test,1
1530,['HISWQGPGK'],1,1,0,1,0.0,0.0,train,1
1410,['GRRGDQIKV'],1,1,0,1,0.0,0.0,train,1
3524,['RLPRIFCSC'],1,1,1,0,3.2,3.2,train,1
4644,['VLYHRYNLV'],1,1,1,0,26.4,26.4,train,1
5026,['YHDDDNTTT'],1,1,0,1,0.0,0.0,train,1
83,['AIDLDPVVY'],1,1,0,0,0.4,0.4,train,1
4011,['SLDQSVVEL'],1,1,1,0,2.8,2.8,train,1
4181,['SSMVNGVVR'],1,1,0,0,0.5,0.5,train,1
4703,['VPRVHNQPQ'],1,1,1,0,8.0,8.0,train,1
515,['DSDGSFFLY'],1,1,1,0,43.3,43.3,train,1
4994,['YEEAGRGSM'],1,1,1,0,1.9,1.9,train,1
5085,['YLEGTRTLL'],1,1,0,0,0.2,0.2,train,1
2506,['LLANILSEK'],1,1,1,0,35.4,35.4,train,1
2126,['KLRMVTGLR'],1,1,1,0,1.4,1.4,train,1
4361,['TLNAWVKVV'],1,1,1,0,1.4,1.4,train,1
2752,['LTVNGRPLK'],1,1,0,0,0.6,0.6,train,1
3977,['SHDLAPQFL'],1,1,0,0,0.2,0.2,train,1
2448,['LAYEHDVPI'],1,1,1,0,2.5,2.5,val,1
2571,['LMQCWQLLA'],1,1,1,0,1.1,1.1,test,1
1265,['GITGGHIPK'],1,1,0,0,0.2,0.2,val,1
483,['DFIGKTIGF'],1,1,0,0,0.2,0.2,test,1
4691,['VPKEDYYFI'],1,1,0,1,0.0,0.0,train,1
2084,['KLFIRQEEV'],1,1,1,0,1.9,1.9,train,1
1435,['GTDHVVLAK'],1,1,1,0,5.0,5.0,train,1
993,['FMWAHPGKK'],1,1,0,0,0.1,0.1,train,1
4103,['SPRIKFLDL'],1,1,1,0,6.6,6.6,train,1
585,['EHFLGIWGL'],1,1,0,0,0.5,0.5,train,1
3526,['RLRDAVAQL'],1,1,1,0,10.5,10.5,train,1
4190,['SSVSSFERF'],1,1,0,0,0.8,0.8,train,1
1349,['GMSSRAIAR'],1,1,1,0,5.8,5.8,train,1
2064,['KISGSFSPH'],1,1,0,0,0.4,0.4,train,1
4280,['SYYCAGLKK'],1,1,0,1,0.0,0.0,train,1
4680,['VPAQNAIST'],1,1,1,0,1.2,1.2,val,1
3329,['QVKDEKLNL'],1,1,1,0,14.59,14.59,test,1
2129,['KLSSEQLSH'],1,1,1,0,32.0,32.0,train,1
3998,['SIYEVGIVL'],1,1,0,0,0.5,0.5,val,1
3508,['RLKTTENSF'],1,1,1,0,7.8,7.8,train,1
425,['CHKGWGVSV'],1,1,0,0,0.7,0.7,test,1
4713,['VQLDWQGDY'],1,1,1,0,10.0,10.0,train,1
2054,['KIIQRVQDL'],1,1,1,0,1.19,1.19,train,1
5095,['YLHPKDKYL'],1,1,1,0,2.2,2.2,train,1
355,['AVDPAKAYK'],1,1,1,0,18.5,18.5,train,1
4230,['SVFELSNFA'],1,1,0,0,0.5,0.5,train,1
3218,['PLSRLFYPK'],1,1,0,1,0.0,0.0,train,1
1772,['ILYMLSWGK'],1,1,1,0,4.9,4.9,train,1
4102,['SPRERLVLT'],1,1,1,0,2.4,2.4,train,1
2162,['KMFNSVGGA'],1,1,0,0,0.7,0.7,train,1
317,['ATFLWWIPL'],1,1,0,0,0.7,0.7,train,1
3111,['NFFHASLAY'],1,1,0,1,0.0,0.0,train,1
795,['FDSIDIDVI'],1,1,0,1,0.0,0.0,train,1
974,['FMHSAAPIT'],1,1,0,0,0.1,0.1,train,1
1355,['GPAFVRTKL'],1,1,0,0,0.1,0.1,train,1
1640,['IAHGFEQYI'],1,1,0,0,0.2,0.2,train,1
1290,['GLIVLPFYK'],1,1,0,0,0.8,0.8,val,1
1380,['GQRDTDVPY'],1,1,1,0,10.1,10.1,test,1
1596,['HSGDSSCAF'],1,1,0,0,0.7,0.7,test,1
1913,['ITPTIYLLL'],1,1,1,0,1.5,1.5,val,1
5099,['YLIIGILTL'],1,1,1,0,7.3,7.3,train,1
824,['FGLLPEHYV'],1,1,0,0,0.2,0.2,train,1
884,['FLAVGGVLL'],1,1,1,0,2.6,2.6,train,1
3415,['RENHTEGLL'],1,1,1,0,2.0,2.0,train,1
4068,['SMFYGIFPS'],1,1,0,0,0.8,0.8,train,1
5360,['YTYSKVLGV'],1,1,1,0,11.85,11.85,train,1
2632,['LPPERRQPF'],1,1,0,0,0.8,0.8,train,1
431,['CLMTYSHHA'],1,1,1,0,11.2,11.2,train,1
2033,['KGGTGGWLW'],1,1,1,0,6.7,6.7,train,1
4550,['VAYHFHEPL'],1,1,0,0,0.1,0.1,train,1
1165,['FVDVIIIKV'],1,1,1,0,3.57,3.57,val,1
2050,['KIFKVTGEF'],1,1,1,0,6.2,6.2,test,1
2624,['LPLTDRRHL'],1,1,1,0,2.9,2.9,train,1
4321,['TIEELKQKL'],1,1,1,0,14.09,14.09,train,1
1262,['GILKSILKV'],1,1,0,0,0.9,0.9,train,1
3511,['RLLQETELV'],1,1,1,0,11.3,11.3,train,1
244,['APSAFGMLL'],1,1,1,0,4.92,4.92,train,1
4284,['TATPAWDAL'],1,1,0,0,0.4,0.4,train,1
4402,['TPPVDRMAV'],1,1,1,0,1.5,1.5,train,1
545,['DVYVKIDNV'],1,1,0,1,0.0,0.0,train,1
3521,['RLNSLGEAW'],1,1,1,0,2.3,2.3,train,1
1131,['FTFERSKIK'],1,1,0,1,0.0,0.0,val,1
5322,['YTDYLTVMD'],1,1,0,0,0.8,0.8,test,1
920,['FLLLADARV'],1,1,1,0,7.1,7.1,train,1
3959,['SETQGTEKL'],1,1,1,0,1.7,1.7,train,1
2983,['MRDGGSATV'],1,1,1,0,10.1,10.1,train,1
2667,['LQIVRFTDY'],1,1,1,0,11.4,11.4,train,1
3223,['PQVLGGLSF'],1,1,1,0,3.3,3.3,train,1
4886,['WLSVIAFGK'],1,1,0,1,0.0,0.0,train,1
4391,['TPANQAISM'],1,1,1,0,4.2,4.2,train,1
628,['ELLNILTEL'],1,1,0,0,0.88,0.88,train,1
3990,['SILEYAKSI'],1,1,0,0,0.8,0.8,train,1
400,['AYFLEAQEM'],1,1,1,0,1.1,1.1,train,1
3359,['RAIEAQQHL'],1,1,0,1,0.0,0.0,train,1
5190,['YNDWEGNEL'],1,1,0,1,0.0,0.0,train,1
5251,['YQYIFLSFF'],1,1,0,1,0.0,0.0,train,1
1750,['ILNDEQLNL'],1,1,1,0,3.1,3.1,train,1
5230,['YQFTGIKKY'],1,1,1,0,10.6,10.6,train,1
338,['ATQLSAVAK'],1,1,0,0,0.9,0.9,train,1
215,['APDPSRLAF'],1,1,1,0,8.5,8.5,val,1
3115,['NHDGIQAGV'],1,1,0,1,0.0,0.0,train,1
1458,['GTRKIMKVV'],1,1,0,0,0.2,0.2,val,1
4203,['STGKSIKFK'],1,1,0,0,0.7,0.7,train,1
4419,['TQFESLKIY'],1,1,1,0,8.3,8.3,test,1
4727,['VSDGGPNLY'],1,1,1,0,34.2,34.2,train,1
1524,['HHIPNGVVW'],1,1,0,0,0.2,0.2,test,1
153,['ALSNLEVKL'],1,1,1,0,19.8,19.8,train,1
481,['DEYVHITSA'],1,1,1,0,2.56,2.56,train,1
2711,['LSKKGYILY'],1,1,1,0,1.33,1.33,train,1
186,['AMLDRILHH'],1,1,1,0,5.7,5.7,train,1
1136,['FTHREQLFM'],1,1,0,0,0.2,0.2,train,1
2058,['KINIFMAFL'],1,1,0,0,0.8,0.8,train,1
3629,['RPSPPNPEL'],1,1,1,0,6.51,6.51,train,1
2969,['MQLAKEHNF'],1,1,1,0,2.3,2.3,train,1
4596,['VLDEPSIGL'],1,1,1,0,3.8,3.8,train,1
4052,['SLTDRELLL'],1,1,1,0,3.8,3.8,train,1
1622,['HVIQNAFRK'],1,1,1,0,9.9,9.9,train,1
2089,['KLGEGFKSL'],1,1,0,0,0.45,0.45,train,1
4339,['TLAQSLIDV'],1,1,1,0,8.5,8.5,train,1
3180,['NSSYWRQGY'],1,1,0,0,0.2,0.2,train,1
2076,['KLAQVRRAM'],1,1,1,0,5.1,5.1,train,1
2051,['KIGEVIGPK'],1,1,1,0,80.2,80.2,train,1
2541,['LLNNSLGSV'],1,1,1,0,4.8,4.8,train,1
1304,['GLPESTPSL'],1,1,1,0,5.0,5.0,train,1
4519,['TVQKDGMYF'],1,1,0,0,0.6,0.6,train,1
3186,['NTDNKFISY'],1,1,1,0,22.36,22.36,train,1
3953,['SEPCEALDL'],1,1,1,0,1.2,1.2,train,1
4223,['SVAPELVSK'],1,1,1,0,1.6,1.6,train,1
2106,['KLLEPVLLL'],1,1,1,0,17.7,17.7,train,1
2679,['LQSSSYPGY'],1,1,1,0,5.3,5.3,train,1
3452,['RIIYIIRFL'],1,1,0,0,0.83,0.83,train,1
3156,['NQATTKTTF'],1,1,1,0,7.8,7.8,train,1
2198,['KPVYSYVLY'],1,1,0,1,0.0,0.0,train,1
822,['FGGGPWWEV'],1,1,0,0,0.3,0.3,train,1
164,['ALYEENALK'],1,1,1,0,29.9,29.9,train,1
1311,['GLVECNNHY'],1,1,1,0,4.3,4.3,train,1
4520,['TVRPGNKGY'],1,1,0,1,0.0,0.0,train,1
5022,['YGIGVGSGY'],1,1,1,0,4.2,4.2,train,1
3310,['QRTDLSYIK'],1,1,1,0,14.2,14.2,train,1
327,['ATKDSFQSF'],1,1,1,0,5.0,5.0,train,1
2490,['LIAATAITK'],1,1,1,0,1.0,1.0,train,1
3462,['RIYKTIKQY'],1,1,1,0,14.8,14.8,train,1
5025,['YGVKNLFDW'],1,1,1,0,5.8,5.8,train,1
1481,['GVYGGLCLA'],1,1,1,0,1.9,1.9,train,1
946,['FLRNFRTTL'],1,1,1,0,1.2,1.2,train,1
3293,['QPQQSPQFF'],1,1,0,0,0.6,0.6,train,1
5341,['YTLNDAPYI'],1,1,1,0,2.5,2.5,train,1
3389,['RCYPGYTLK'],1,1,1,0,92.9,92.9,train,1
722,['ETYKELKAH'],1,1,0,0,0.6,0.6,train,1
2262,['KRYLQAKSE'],1,1,0,1,0.0,0.0,train,1
3212,['PILPKLFIL'],1,1,0,0,0.1,0.1,train,1
1759,['ILRKATRRL'],1,1,0,1,0.0,0.0,train,1
4447,['TSKFLMGTY'],1,1,1,0,4.9,4.9,train,1
1724,['ILDTGTIQL'],1,1,1,0,7.8,7.8,train,1
5130,['YLQYSISTA'],1,1,1,0,4.8,4.8,train,1
4728,['VSDRPVMRY'],1,1,1,0,10.7,10.7,train,1
536,['DTWHGFKNM'],1,1,0,1,0.0,0.0,train,1
1332,['GMFNMLSTV'],1,1,0,0,0.9,0.9,train,1
4838,['WASRELERF'],1,1,1,0,1.4,1.4,train,1
2872,['MLAAPWVIM'],1,1,0,0,0.6,0.6,train,1
3476,['RKWGLDFCY'],1,1,0,0,0.6,0.6,train,1
2861,['MIKPCCERV'],1,1,1,0,3.46,3.46,val,1
3367,['RANESATIL'],1,1,0,0,0.5,0.5,train,1
3533,['RLTGREGAV'],1,1,0,0,0.1,0.1,val,1
126,['ALIVAIWDK'],1,1,0,0,0.2,0.2,train,1
2730,['LTDSDSPTY'],1,1,1,0,45.1,45.1,test,1
827,['FHAVNSVFF'],1,1,0,1,0.0,0.0,test,1
2188,['KPKLARGEL'],1,1,0,1,0.0,0.0,train,1
814,['FFLFPMAAY'],1,1,0,0,0.1,0.1,train,1
1834,['IQNALEKAL'],1,1,1,0,1.5,1.5,val,1
793,['FCRVLCCYV'],1,1,0,1,0.0,0.0,train,1
2674,['LQNFCQHLV'],1,1,1,0,2.3,2.3,test,1
94,['AISRLRTQK'],1,1,1,0,1.1,1.1,train,1
2371,['KVHADDIPV'],1,1,0,0,0.4,0.4,train,1
3228,['PVDEYITTY'],1,1,1,0,3.9,3.9,train,1
2243,['KRKMARTAR'],1,1,0,0,0.8,0.8,train,1
2336,['KTPWDRFCK'],1,1,0,0,0.2,0.2,val,1
419,['CELSSHGDL'],1,1,1,0,1.1,1.1,train,1
1254,['GHGTVVLEL'],1,1,1,0,1.1,1.1,train,1
2035,['KGNVSALVK'],1,1,0,0,0.5,0.5,train,1
5209,['YPLTFGWCF'],1,1,1,0,2.0,2.0,train,1
1970,['IYTLEYDGF'],1,1,0,0,0.7,0.7,test,1
4018,['SLFNWLWYE'],1,1,0,0,0.2,0.2,train,1
4033,['SLLFREVWK'],1,1,0,0,0.2,0.2,train,1
1248,['GFPFFIMPK'],1,1,0,0,0.2,0.2,train,1
2192,['KPRNKGLRF'],1,1,1,0,8.4,8.4,val,1
2190,['KPKTDYAGY'],1,1,0,1,0.0,0.0,train,1
3597,['RPLMKNTYL'],1,1,0,0,0.4,0.4,train,1
1318,['GLYGNGILV'],1,1,1,0,20.1,20.1,test,1
1863,['ISELSRLRY'],1,1,1,0,16.21,16.21,train,1
2449,['LDVLSILKL'],1,1,1,0,9.03,9.03,train,1
2136,['KLTQGRQTY'],1,1,1,0,8.2,8.2,train,1
77,['AHSTIMPRL'],1,1,0,0,0.7,0.7,train,1
1314,['GLYDGMEHL'],1,1,1,0,9.0,9.0,train,1
4731,['VSEKYTDMY'],1,1,1,0,17.2,17.2,train,1
3850,['RVNKGTGVK'],1,1,1,0,54.8,54.8,train,1
3391,['RDITAFEGL'],1,1,0,0,0.4,0.4,train,1
5296,['YSDIPRLKK'],1,1,1,0,1.8,1.8,train,1
4739,['VSIRGSHHK'],1,1,1,0,33.8,33.8,train,1
1118,['FSVPLDEGF'],1,1,0,0,0.3,0.3,train,1
3490,['RLEDVFAGK'],1,1,0,0,0.7,0.7,val,1
4710,['VQGPGGSTY'],1,1,1,0,7.4,7.4,val,1
2060,['KIPATVIAR'],1,1,0,0,0.7,0.7,test,1
4234,['SVFQGALFA'],1,1,0,0,0.6,0.6,train,1
4757,['VTDEGTSSF'],1,1,1,0,3.5,3.5,test,1
4208,['STLRTLKPY'],1,1,1,0,1.1,1.1,train,1
224,['APIFARSTL'],1,1,1,0,6.3,6.3,train,1
2551,['LLTQSNAGF'],1,1,1,0,2.7,2.7,train,1
3,['AADFPGIAR'],1,1,0,0,0.7,0.7,train,1
4170,['SSDDFALIV'],1,1,0,0,0.2,0.2,train,1
5,['AAFLDDNAF'],1,1,1,0,3.1,3.1,train,1
242,['APRTLVLLL'],1,1,1,0,3.5,3.5,train,1
2709,['LSIDQKKSY'],1,1,0,0,0.6,0.6,train,1
4761,['VTEHDTLLY'],1,1,1,0,85.2,85.2,train,1
1312,['GLVGVLAGL'],1,1,1,0,5.4,5.4,train,1
3812,['RVACRDVEV'],1,1,0,0,0.6,0.6,train,1
2472,['LESLTDREL'],1,1,1,0,1.3,1.3,train,1
2158,['KMDIGVPLL'],1,1,1,0,6.3,6.3,train,1
4888,['WLWVSSSDM'],1,1,0,1,0.0,0.0,train,1
232,['APPPFRLPL'],1,1,1,0,7.0,7.0,train,1
3596,['RPLLARMPE'],1,1,0,0,0.5,0.5,train,1
4632,['VLSDLCNFL'],1,1,1,0,13.2,13.2,train,1
1296,['GLLPEQLLK'],1,1,1,0,5.3,5.3,train,1
4889,['WLYDLWGQL'],1,1,0,0,0.3,0.3,train,1
2075,['KLAQRRVFH'],1,1,1,0,8.6,8.6,train,1
4580,['VHDTNATKL'],1,1,0,0,0.4,0.4,train,1
4700,['VPRPLMGSL'],1,1,1,0,4.7,4.7,train,1
3345,['QYSPHSFMA'],1,1,0,0,0.2,0.2,train,1
4833,['WAQIGHIPY'],1,1,1,0,3.6,3.6,train,1
364,['AVGFFPTGV'],1,1,1,0,1.8,1.8,train,1
3287,['QMSWLPLCV'],1,1,1,0,6.1,6.1,train,1
2125,['KLRETGAPL'],1,1,1,0,10.5,10.5,train,1
4123,['SQEVQNSIL'],1,1,0,0,0.5,0.5,train,1
302,['ASSWAPTQK'],1,1,0,0,0.2,0.2,train,1
2766,['LVKSAWLSL'],1,1,0,0,0.5,0.5,val,1
1276,['GLDPTGVAV'],1,1,1,0,1.8,1.8,val,1
2878,['MLEEMQSAV'],1,1,0,0,0.6,0.6,test,1
1753,['ILPIGTRSV'],1,1,0,1,0.0,0.0,train,1
4706,['VPVQVKGRF'],1,1,0,0,0.7,0.7,train,1
523,['DTDPLPVVF'],1,1,0,0,0.2,0.2,train,1
3122,['NIMEFCKAY'],1,1,1,0,1.9,1.9,test,1
1969,['IYTDEVYDY'],1,1,1,0,1.0,1.0,train,1
671,['ERNPYENIL'],1,1,1,0,10.4,10.4,train,1
666,['EQLGVPLHL'],1,1,1,0,1.7,1.7,train,1
2947,['MPTVDEDLF'],1,1,0,0,0.84,0.84,train,1
899,['FLGSHSEPL'],1,1,0,1,0.0,0.0,train,1
5244,['YQTDSGCWY'],1,1,1,0,8.7,8.7,train,1
760,['EYARQVQMI'],1,1,1,0,5.15,5.15,train,1
3818,['RVERIKSEY'],1,1,0,1,0.0,0.0,train,1
2128,['KLSDSKITV'],1,1,1,0,23.0,23.0,train,1
3177,['NSKVTIISY'],1,1,0,0,0.67,0.67,train,1
4637,['VLSPTIGHV'],1,1,1,0,7.6,7.6,train,1
4344,['TLFPGDDDL'],1,1,0,1,0.0,0.0,train,1
1358,['GPATAQMAL'],1,1,1,0,5.7,5.7,train,1
1329,['GMDPRMCSL'],1,1,0,0,0.3,0.3,val,1
1252,['GGTPAVEEW'],1,1,0,0,0.3,0.3,test,1
4719,['VRDVVMPAL'],1,1,0,0,0.3,0.3,train,1
388,['AVYQEALRK'],1,1,1,0,33.7,33.7,val,1
235,['APQLVSTAA'],1,1,1,0,6.3,6.3,test,1
4363,['TLRAAMISL'],1,1,0,0,0.2,0.2,train,1
249,['APVTSLTAA'],1,1,1,0,1.6,1.6,train,1
4613,['VLLAFLNSM'],1,1,1,0,1.8,1.8,train,1
384,['AVSRGTAKL'],1,1,0,1,0.0,0.0,train,1
3925,['SAHSADGHY'],1,1,1,0,6.1,6.1,train,1
2193,['KPRSPVVEL'],1,1,1,0,2.9,2.9,train,1
3136,['NLWNGIVPT'],1,1,1,0,17.4,17.4,train,1
1824,['IPVEPAFQV'],1,1,1,0,1.7,1.7,train,1
2871,['MKYVWPPIM'],1,1,0,0,0.5,0.5,train,1
1838,['IQRDQVTDY'],1,1,1,0,11.8,11.8,train,1
4485,['TVADVRHCL'],1,1,1,0,4.06,4.06,train,1
4878,['WLKEKHEEL'],1,1,0,0,0.35,0.35,train,1
4136,['SQRWCSLRY'],1,1,1,0,6.6,6.6,train,1
667,['EQRAGYQAF'],1,1,1,0,5.6,5.6,train,1
3019,['MTDLSKKGY'],1,1,1,0,1.4,1.4,train,1
357,['AVFDATGDK'],1,1,1,0,1.1,1.1,train,1
2703,['LSDLPGLGY'],1,1,1,0,23.1,23.1,train,1
3330,['QVLSYAAPK'],1,1,1,0,11.6,11.6,train,1
1396,['GRGQILLGK'],1,1,0,0,0.8,0.8,train,1
3584,['RPATKEQPF'],1,1,1,0,12.2,12.2,train,1
4856,['WFREDRSPV'],1,1,0,1,0.0,0.0,train,1
1852,['IRTDSGNIL'],1,1,0,0,0.4,0.4,train,1
2105,['KLKSVGKAY'],1,1,1,0,10.7,10.7,train,1
133,['ALLNIKVKL'],1,1,1,0,22.9,22.9,train,1
928,['FLNEDHWAS'],1,1,1,0,1.0,1.0,train,1
1214,['GDNLKGIVV'],1,1,0,1,0.0,0.0,train,1
894,['FLFDRLTNG'],1,1,1,0,13.3,13.3,train,1
3709,['RRLVKVLNN'],1,1,0,0,0.2,0.2,train,1
4748,['VSRDFDDVY'],1,1,1,0,2.9,2.9,train,1
3602,['RPNPDFNTF'],1,1,1,0,3.5,3.5,train,1
4186,['SSSFSFGGF'],1,1,0,1,0.0,0.0,train,1
3486,['RLCRFRKSK'],1,1,1,0,8.7,8.7,train,1
1827,['IQAGVDRFY'],1,1,1,0,5.0,5.0,train,1
1324,['GLYQGIVGF'],1,1,1,0,8.3,8.3,train,1
3719,['RRQKRAAPP'],1,1,0,1,0.0,0.0,train,1
3236,['QAFEAGIDF'],1,1,1,0,3.0,3.0,train,1
2681,['LQYFNEWWK'],1,1,0,1,0.0,0.0,train,1
2993,['MSADNAGAL'],1,1,0,0,0.2,0.2,train,1
1191,['FWLMVYEGL'],1,1,0,0,0.3,0.3,train,1
2539,['LLMPKTASS'],1,1,0,0,0.5,0.5,val,1
4330,['TISEAGQAM'],1,1,0,0,0.9,0.9,test,1
3294,['QPRAPIRPI'],1,1,1,0,3.4,3.4,val,1
3222,['PPRARDRAL'],1,1,0,1,0.0,0.0,train,1
4491,['TVDSLSPLK'],1,1,1,0,1.9,1.9,test,1
143,['ALRANSAVK'],1,1,1,0,60.0,60.0,train,1
1819,['IPSINVHHY'],1,1,1,0,4.0,4.0,train,1
2502,['LITNTIAGV'],1,1,1,0,7.6,7.6,train,1
4171,['SSEADCFTY'],1,1,0,0,0.4,0.4,train,1
4492,['TVEESTLKY'],1,1,1,0,14.45,14.45,train,1
3766,['RSPDGRLYK'],1,1,1,0,1.7,1.7,train,1
4132,['SQMPPQKIM'],1,1,1,0,1.7,1.7,train,1
1122,['FTASVSTVV'],1,1,1,0,2.1,2.1,train,1
2967,['MQIDGGEGV'],1,1,0,0,0.95,0.95,train,1
2504,['LLADGLAKA'],1,1,1,0,23.1,23.1,train,1
2808,['MAMTGLPQA'],1,1,1,0,2.3,2.3,train,1
3348,['RAAHRAGHL'],1,1,1,0,2.2,2.2,train,1
3146,['NPALRMKWM'],1,1,0,0,0.7,0.7,train,1
825,['FHAPPPSVC'],1,1,1,0,3.8,3.8,train,1
3267,['QLFKPLTKK'],1,1,1,0,16.3,16.3,val,1
3974,['SGIDTNAYY'],1,1,0,1,0.0,0.0,val,1
417,['CASSSDWFY'],1,1,1,0,5.5,5.5,test,1
1625,['HVTGRWNWW'],1,1,0,1,0.0,0.0,test,1
5052,['YINNNIEEI'],1,1,1,0,4.14,4.14,train,1
753,['EVSFKSVNF'],1,1,0,0,0.2,0.2,train,1
2546,['LLRDKDGVY'],1,1,1,0,4.9,4.9,train,1
3373,['RARLVALAV'],1,1,1,0,3.4,3.4,train,1
2738,['LTIVFVPEV'],1,1,1,0,9.9,9.9,train,1
4000,['SIYHTGVEL'],1,1,0,0,0.3,0.3,train,1
1568,['HPRARSMSS'],1,1,1,0,1.1,1.1,train,1
2427,['LAIVTTPLV'],1,1,1,0,1.5,1.5,val,1
5066,['YKDANISMY'],1,1,1,0,3.9,3.9,test,1
895,['FLFLYWPHY'],1,1,0,1,0.0,0.0,val,1
335,['ATNRLGSHR'],1,1,0,0,0.9,0.9,test,1
4611,['VLKLRFWLI'],1,1,0,0,0.5,0.5,train,1
1348,['GMRVLGTNY'],1,1,1,0,11.4,11.4,train,1
2489,['LHTVMRETL'],1,1,0,0,0.5,0.5,train,1
5010,['YFENSDLNL'],1,1,0,0,0.2,0.2,train,1
2070,['KLADMSIYC'],1,1,1,0,22.3,22.3,train,1
2479,['LFAGSIAAY'],1,1,1,0,12.8,12.8,train,1
2141,['KLWAQCVQL'],1,1,1,0,23.2,23.2,train,1
2294,['KSPDVHEDF'],1,1,0,1,0.0,0.0,train,1
580,['EFVKLTMEY'],1,1,1,0,26.1,26.1,train,1
4799,['VVNYDNSTK'],1,1,0,0,0.5,0.5,train,1
4070,['SMHYKLDEV'],1,1,1,0,18.8,18.8,train,1
512,['DPNPQEVVL'],1,1,1,0,2.1,2.1,train,1
1664,['IDVTKVNPL'],1,1,0,1,0.0,0.0,train,1
830,['FHERGYVKL'],1,1,0,0,0.6,0.6,train,1
119,['ALFGQALHK'],1,1,1,0,27.8,27.8,train,1
5169,['YMLSWGKEA'],1,1,1,0,1.5,1.5,val,1
5126,['YLPLSVFII'],1,1,1,0,2.82,2.82,test,1
991,['FMVAWGKEA'],1,1,0,0,0.8,0.8,val,1
4,['AADSFATSY'],1,1,1,0,1.2,1.2,train,1
3124,['NIVFSPFGY'],1,1,1,0,20.17,20.17,train,1
4777,['VTNRHEEKF'],1,1,1,0,1.8,1.8,train,1
3261,['QIFNIISYI'],1,1,1,0,3.9,3.9,train,1
3769,['RSSMKLLSY'],1,1,0,0,0.4,0.4,test,1
1982,['KAFQDVLYV'],1,1,0,1,0.0,0.0,train,1
1166,['FVEPEELNL'],1,1,0,0,0.94,0.94,train,1
2701,['LSDHQDLKW'],1,1,1,0,17.2,17.2,train,1
2368,['KVGFIMLFH'],1,1,1,0,30.1,30.1,val,1
1841,['IQYVIRAQL'],1,1,1,0,3.5,3.5,test,1
4341,['TLDSQVMSL'],1,1,1,0,1.5,1.5,train,1
4057,['SLWAWVLLF'],1,1,0,1,0.0,0.0,val,1
1409,['GRRATAILR'],1,1,0,0,0.4,0.4,test,1
154,['ALSPPLLLL'],1,1,0,0,0.5,0.5,train,1
1895,['ITDFNIDTY'],1,1,1,0,56.9,56.9,train,1
1816,['IPRQWHPFA'],1,1,0,0,0.9,0.9,train,1
2065,['KISNTTFEV'],1,1,1,0,18.5,18.5,train,1
127,['ALKANNKVY'],1,1,1,0,12.7,12.7,train,1
3327,['QVDQGIEYY'],1,1,1,0,5.3,5.3,train,1
5408,['YYWPRPRRY'],1,1,0,0,0.4,0.4,train,1
1139,['FTLDADLGI'],1,1,0,0,0.8,0.8,train,1
5170,['YMLWNSWLS'],1,1,1,0,5.9,5.9,train,1
5211,['YPNQEYDYF'],1,1,0,1,0.0,0.0,train,1
1060,['FQLYSDLAH'],1,1,1,0,6.2,6.2,val,1
2524,['LLHLKRPYR'],1,1,0,1,0.0,0.0,train,1
2205,['KQFKQDAKY'],1,1,1,0,7.6,7.6,train,1
16,['AARISSCLK'],1,1,0,0,0.8,0.8,train,1
5174,['YMQFAKQCY'],1,1,0,0,0.49,0.49,train,1
225,['APILVVSGI'],1,1,1,0,1.6,1.6,train,1
2485,['LGFGAYMSK'],1,1,0,0,0.2,0.2,train,1
562,['EEEQTLTIL'],1,1,0,0,0.7,0.7,train,1
3436,['RGINDRNFW'],1,1,1,0,11.2,11.2,train,1
1693,['IGYRLGMGK'],1,1,0,0,0.3,0.3,train,1
954,['FLTKKMTEV'],1,1,1,0,13.95,13.95,test,1
160,['ALVSEVTEV'],1,1,1,0,48.1,48.1,train,1
3234,['PYWQGIWDK'],1,1,1,0,7.8,7.8,train,1
2200,['KPYASKVFF'],1,1,1,0,5.44,5.44,train,1
2557,['LLYYWVHLF'],1,1,1,0,1.4,1.4,train,1
3923,['SADPLASLL'],1,1,0,1,0.0,0.0,val,1
1445,['GTGAGVPSK'],1,1,1,0,8.1,8.1,val,1
1696,['IHTVFGSAF'],1,1,0,0,0.35,0.35,test,1
4976,['YAKKFKTGM'],1,1,0,0,0.5,0.5,train,1
262,['AQRAAGPSV'],1,1,1,0,9.6,9.6,train,1
4061,['SLYGRYNCK'],1,1,1,0,18.0,18.0,test,1
1734,['ILHRLAPWI'],1,1,0,0,0.7,0.7,train,1
2911,['MMLAQAYYG'],1,1,0,0,0.5,0.5,train,1
3219,['PLWESATEV'],1,1,1,0,1.6,1.6,train,1
1930,['IVAWTRTAT'],1,1,1,0,1.7,1.7,train,1
197,['AMSTWSFYH'],1,1,0,0,0.7,0.7,train,1
1733,['ILHNGAYSL'],1,1,1,0,6.6,6.6,train,1
3474,['RKRLMSMVK'],1,1,0,0,0.8,0.8,train,1
4737,['VSHCRATEY'],1,1,1,0,7.7,7.7,train,1
1291,['GLKISLCGI'],1,1,0,0,0.4,0.4,train,1
4659,['VMLQQQAMK'],1,1,1,0,3.0,3.0,train,1
3445,['RIAQGVLQR'],1,1,1,0,7.3,7.3,train,1
1282,['GLFVYLIRY'],1,1,0,1,0.0,0.0,val,1
1306,['GLPVEYLQV'],1,1,0,0,0.55,0.55,test,1
2038,['KHIKPIVEF'],1,1,0,0,0.7,0.7,train,1
1663,['IDVSPEIML'],1,1,0,1,0.0,0.0,train,1
3627,['RPRWADARV'],1,1,1,0,3.9,3.9,train,1
2729,['LTDRELLLL'],1,1,0,0,0.6,0.6,train,1
3157,['NQECWDSVF'],1,1,0,1,0.0,0.0,train,1
3314,['QTDDGVRFT'],1,1,0,0,0.1,0.1,train,1
1722,['ILDQKINEV'],1,1,1,0,14.1,14.1,train,1
1059,['FQLYPPQIL'],1,1,1,0,2.3,2.3,train,1
4636,['VLSPLPSQA'],1,1,0,0,0.35,0.35,train,1
1757,['ILRDGQRWY'],1,1,1,0,8.5,8.5,val,1
3840,['RVLDALTAL'],1,1,0,0,0.9,0.9,train,1
5056,['YITDYSNDI'],1,1,0,0,0.2,0.2,train,1
2731,['LTEAQDQFY'],1,1,1,0,7.6,7.6,train,1
2454,['LEDSHNGKL'],1,1,1,0,1.5,1.5,test,1
4598,['VLDRRLHLV'],1,1,1,0,22.8,22.8,train,1
4875,['WLGNHGFEV'],1,1,1,0,1.4,1.4,train,1
200,['AMVPLVMVI'],1,1,0,1,0.0,0.0,train,1
1495,['GYLIVPDEL'],1,1,0,0,0.5,0.5,train,1
492,['DIIWHLNDL'],1,1,0,0,0.1,0.1,train,1
379,['AVRPAVSAT'],1,1,1,0,3.6,3.6,train,1
4859,['WGKEAVNHF'],1,1,0,0,0.8,0.8,train,1
4887,['WLVNTYQNY'],1,1,1,0,4.3,4.3,train,1
1275,['GLDDSALDA'],1,1,0,0,0.3,0.3,train,1
4551,['VDDIDNGIV'],1,1,0,1,0.0,0.0,train,1
995,['FMYEDALKS'],1,1,0,0,0.3,0.3,train,1
1981,['KAFPSNMMV'],1,1,0,1,0.0,0.0,train,1
1500,['HADDIPVPV'],1,1,0,0,0.3,0.3,train,1
3152,['NPQGERRAF'],1,1,1,0,4.9,4.9,train,1
1363,['GPKVRTWLF'],1,1,0,0,0.2,0.2,train,1
2061,['KIQNFRVYY'],1,1,0,0,0.55,0.55,train,1
600,['EIKSLFNTI'],1,1,0,0,0.1,0.1,train,1
2435,['LARETGADL'],1,1,1,0,4.8,4.8,train,1
3556,['RMLHLSQMH'],1,1,0,0,0.2,0.2,train,1
1267,['GIYCTVPFI'],1,1,0,0,0.8,0.8,train,1
2047,['KIEIERKKL'],1,1,1,0,3.9,3.9,train,1
474,['DDKFPKISI'],1,1,0,1,0.0,0.0,val,1
3171,['NSDEQSLEY'],1,1,1,0,39.8,39.8,train,1
3444,['RIAGRHMAV'],1,1,1,0,2.0,2.0,train,1
