cluster_id,num_peptides,sample_count,binder_count,zero_count,peptides
606,9,58,43,5,SLASLLVSL;GLADAFILL;GLADQLIHI;GLADQLIHL;NLADQLIHL;GLAELLAAL;ELADQLIHL;SLAALFYSL;SLADQLIHL
3649,3,37,13,11,RQWAQDLTL;RQWFIDVPL;RQWFLDLPL
2339,4,36,14,10,KTWAYHGSY;RTWHYCGSY;RTWNYHGSY;RTWAYHGSY
2789,1,36,20,5,MAMGILHTI
2215,2,35,9,9,KQWGWFALL;KQWSWFSLL
1017,3,34,20,6,FPREGVFVF;FPRIGTAVF;FPRDPVSTF
1058,1,34,12,8,FQWWRSHPL
2794,1,34,14,9,MAMTDTTPF
1559,3,33,24,7,HPVHAGPIA;HPVHAGPVA;HPVQAGPIA
959,2,32,14,7,FMFNDLLKL;FMFNELLAL
2894,1,32,4,9,MMHASTSPF
298,4,30,9,11,ASYAGAGAY;ASYGAGAGY;VSYAAAAAY;ASYAAAAAY
201,3,30,21,1,APAAAAQAV;APAPAAAAV;APAAVGAAV
1026,2,30,19,5,FPSVFINPI;FPSVFINPV
2941,2,30,18,4,MPVSIPTPI;MPVWLPIVI
2873,1,30,13,8,MLMAASRAL
2901,1,30,9,10,MMMPMFNAF
1032,2,29,19,4,FPVRPQVPL;FPVTPQVPL
5171,1,29,9,6,YMYRVWSPL
5221,1,29,20,4,YQLEMYHPI
2596,2,28,21,2,LPFQNIHPI;LPFQNVHPV
5084,2,28,21,2,YLIPAVTSL;YLIPSVTSL
1175,1,28,12,6,FVVDTTPPL
2902,1,28,5,12,MMMSTAVAF
4914,1,27,9,7,WQLTSIWPI
3000,2,26,16,4,MTAASYARY;MTAAQIRRY
5191,2,26,12,5,YPKFCRSAM;YPKFHRSAM
766,1,26,9,11,FAFCRITSF
4965,3,25,14,4,YANMWSLMY;YAQMWSLMY;YAQMWTLMY
2577,2,25,17,6,LPADPASVL;LPAERAHEL
2605,2,25,12,5,LPLMMLSPL;LPLLALLAL
3557,2,25,12,9,RPAELGAAL;RPASAGAML
1845,4,24,21,0,VSTAVAALF;VSARIAALF;ISASLAALF;VSTAIAALF
774,1,24,12,3,FAMRLLQAV
982,1,24,4,12,FMYALSRAF
2201,1,24,14,6,KQLELFWVI
4872,2,23,6,6,WMACHSAAF;WMACNSAAF
992,1,23,4,10,FPASHMATY
1048,1,23,10,4,FQMGGIGPM
2204,1,23,14,4,KQLEYSWVL
2554,1,23,11,8,LMMSSPPPI
3019,1,23,5,10,MTMYGSISL
4161,1,23,8,6,SSMNSFLLY
4970,1,23,7,8,YARRYFYPL
2202,2,22,12,5,KQLESVMYL;KQLGQVMLL
2578,2,22,10,8,LPAEVRAAF;LPAIIRPSF
4656,2,22,17,0,VPAPAGPIV;VPAKSGPVV
783,1,22,5,7,FAYKTGSSM
2413,1,22,3,13,LAFSTRFSF
2782,1,22,7,7,MAAAAFPAL
2888,1,22,7,7,MLYPRVWPY
2900,1,22,9,4,MMMGMFNML
3546,1,22,10,4,RMMGKTNPL
1623,4,21,19,0,HYNAFQWAI;YYNAFQWAI;YYNAFHWAI;HYNAFHWAI
4653,2,21,9,3,VPADAAAAI;VPATATASI
1171,1,21,10,6,FVRQCFNPM
2203,1,21,14,3,KQLEWKWGI
2553,1,21,5,10,LMMNGTSAM
2803,1,21,5,6,MAWERGPAL
2906,1,21,9,3,MMQVWIQPL
3045,1,21,6,9,MVFQHFHLF
4180,1,21,8,6,STFATVLEY
4862,1,21,7,5,WLMKYPYQL
4972,1,21,7,5,YAYEPGSVM
5231,1,21,15,5,YQVKYVSPV
5310,1,21,6,2,YTFFFTQYF
1986,2,20,9,1,KAYAQMWSL;KAYANMWSL
3560,2,20,10,9,RPAIVVPAF;RPAIVVVAF
5311,2,20,3,2,YTITSLFSL;YTFTSLFSL
2999,1,20,7,4,MSWGWRLPF
4963,1,20,4,4,YAMAIRQAI
101,4,19,7,2,ALTAGAGAY;ALSTGAGAY;ALSAGGGAY;ALAAAGAAY
679,3,19,8,5,ETACLGKAY;ETACLGKSY;ETACLSKAY
1019,2,19,9,5,FPRIWLHSL;FPRPWLHGL
4654,2,19,7,8,VPADHRLAF;VPAERRGVF
779,1,19,3,12,FASASSYAI
994,1,19,9,9,FPDGKPFTL
1030,1,19,6,8,FPVAMLSCL
1887,1,19,6,4,ITFQSILGY
2916,1,19,7,6,MPARLWLCL
2946,1,19,11,3,MPYHGYHII
2957,1,19,2,5,MQLPGGWLL
3002,1,19,10,5,MTAHITVPY
3008,1,19,10,0,MTFPVSLEY
3352,1,19,7,6,RAMRMVYYL
4908,1,19,5,7,WQFAIHYSF
5149,1,19,9,4,YMKPGSSPL
5194,1,19,10,4,YPMSIPATL
5203,1,19,10,2,YPYQLMLSL
5343,1,19,13,1,YTYPCIPEY
4631,4,18,3,10,VMPPRTLLL;VMAPRTLIL;VMAPRTLVL;VMADRTRHL
716,3,18,16,1,EVADRILFM;EVADRVIFM;EVAESVMFM
708,2,18,5,3,ETTNWLWAF;ETTNWLWTF
1793,2,18,10,2,IPKYLEIEI;IPNYLEIEI
2593,2,18,10,1,LPFDRTTVM;LPFERATVM
5094,2,18,10,8,YLLADTFTI;YLLADTFTV
777,1,18,5,9,FARQNNGAF
861,1,18,8,2,FIVEHINAM
995,1,18,4,12,FPEHIFPAL
1007,1,18,6,4,FPLWWVSSI
1040,1,18,5,7,FQFTLHWEL
1099,1,18,8,2,FSIPVTFSY
2102,1,18,15,1,KLMDVVYSI
2198,1,18,9,4,KQIPIWLPL
2434,1,18,10,2,LAYARGQAM
2898,1,18,6,5,MMLSPLVAL
2918,1,18,8,6,MPAYIRNTL
2928,1,18,10,3,MPMKGRFPI
2929,1,18,9,3,MPMSMPIPM
2945,1,18,11,4,MPYETLVGL
3371,1,18,7,4,RAYRNALSM
3629,1,18,6,3,RQHPGLFPF
3652,1,18,8,4,RQYERYTAL
3829,1,18,10,4,RVMAIFMAL
4114,1,18,3,6,SQMPTSLNF
4221,1,18,13,0,SVIDHIHYM
4888,1,18,11,3,WMYEGKHVL
5168,1,18,4,5,YMYAVSGAL
5184,1,18,11,3,YPFHIFYPV
5309,1,18,5,1,YTFEPHYFY
5331,1,18,2,5,YTNYPFLFF
3410,2,17,5,11,SEWGWRIPF;REWGWRIPF
643,1,17,7,7,EPADHLAIM
768,1,17,4,12,FAFKLSFAI
975,1,17,3,12,FMRFAFLSM
976,1,17,9,3,FMSMVSHEL
991,1,17,9,7,FPAPRAETL
2151,1,17,9,1,KMFNRASYF
2308,1,17,8,3,KTFEWGVFY
2426,1,17,6,6,LARQHIAAL
2868,1,17,5,3,MLIASTTGM
2920,1,17,6,7,MPEAMTIVM
3033,1,17,8,1,MTTSMTMSY
3532,1,17,4,7,RMFKRVFNM
4069,1,17,7,10,SPAAYVLPL
309,3,16,10,3,ATFEAVLAK;ATFEVFLAK;ATIEAVLAK
5118,3,16,7,5,YLRRRQKAL;YLRQRQAAL;YLRQRQVAL
274,2,16,7,2,ARWMISSAL;ARWLASTPL
817,2,16,6,9,FHSRFVQAL;FHARFVQAL
940,2,16,16,0,FMSSFYNYV;FLSSFYNYV
953,2,16,15,0,FLYDRIAST;FLYDRLAST
1102,2,16,4,3,FSLPSSSSY;FSLTSSSKY
1263,2,16,16,0,GLFDFVNFV;GLFGFVNFV
1535,2,16,16,0,YLSTAFARV;HLSTAFARV
2032,2,16,16,0,KISYYIPYV;KIDYYIPYV
3987,2,16,16,0,SLARGFPFV;TLARGFPFV
4658,2,16,7,6,VPALVTVAL;VPAMFTAAL
87,1,16,12,0,AIIDYIAYM
136,1,16,11,4,ALMEVTHVL
778,1,16,3,7,FARTLLAAL
780,1,16,4,5,FASSRMSTY
880,1,16,9,5,FLDKGTYTL
957,1,16,8,4,FMFDYIPPV
989,1,16,8,5,FPALRDAIL
999,1,16,6,3,FPIGKLTLL
1037,1,16,7,9,FQANMFLTL
1340,1,16,8,4,GMYGHPFAL
1593,1,16,7,1,HTAAPWGSY
2157,1,16,7,2,KMIGNLLSF
2189,1,16,10,4,KPWLRAHPV
2799,1,16,7,7,MARWITWAM
2801,1,16,3,10,MAVGVVLAL
2889,1,16,2,5,MMAKSNSPF
2890,1,16,4,5,MMAWRMMRY
2923,1,16,10,4,MPFIATPPV
3124,1,16,3,5,NLYGWHLPL
3499,1,16,9,4,RLMPDFWEF
3621,1,16,8,1,RPYGKFRAM
4046,1,16,6,5,SLYSGFPSL
4192,1,16,8,3,STMPLSWMY
4401,1,16,12,1,TQFAGVVTV
4815,1,16,6,5,WASHIHLVI
4903,1,16,9,4,WPTPKTHPV
5043,1,16,6,3,YIVGYYSAL
5055,1,16,9,5,YLAEGHACL
5135,1,16,7,1,YLYLRPYAL
5150,1,16,10,3,YMLDMTFPV
5180,1,16,8,5,YPARVKCAL
5205,1,16,9,6,YPYSSSARF
5213,1,16,5,8,YQFMNFESL
5355,1,16,11,0,YVIRDLAAM
3556,3,15,8,4,RPADSITYL;RPLDRATVL;RPLDSITYL
103,2,15,8,7,ALAAGIVGV;ALAALITPV
166,2,15,7,1,AMAAAAAPY;AMAAAGMMY
4853,2,15,1,5,WLGARFLEF;WLGARYLEF
252,1,15,12,2,AQMVWIHGV
646,1,15,8,4,EPFSRRHPL
911,1,15,2,6,FLLPRGLAI
990,1,15,8,1,FPALRFVEV
1000,1,15,12,1,FPIKRISAV
1004,1,15,7,6,FPKVRAQEL
1009,1,15,8,3,FPMIIGSEL
1023,1,15,7,3,FPRYPLNVL
1349,1,15,6,6,GPIRFVLAL
1549,1,15,3,10,HPFALLLVL
1553,1,15,8,3,HPLHHPLSI
1554,1,15,7,3,HPLSHFVNL
1564,1,15,9,3,HPYKIPATV
1794,1,15,10,3,IPLCRTSCL
1799,1,15,7,4,IPQFRTLVI
1808,1,15,6,6,IPSPRRIEF
2036,1,15,9,2,KIFEYGFTF
2192,1,15,7,2,KPYMAMSAL
2207,1,15,10,3,KQMSQPYAV
2541,1,15,9,2,LLYAHINAL
2604,1,15,13,0,LPLERAIAV
2620,1,15,6,6,LPQRHHIML
2783,1,15,5,4,MAAAGATLY
2798,1,15,7,6,MARPADASM
2907,1,15,6,3,MMWATAQAL
2921,1,15,5,3,MPFAWQFGF
2936,1,15,7,4,MPVDHPLSL
2953,1,15,3,5,MQFPGSVGF
2998,1,15,8,3,MSWESTAEY
3046,1,15,8,1,MVFQNYALY
3351,1,15,3,10,RAMKALSSI
3449,1,15,5,7,RIYSHIAPY
3584,1,15,4,4,RPMTYKAAL
3593,1,15,7,5,RPRCAYLPF
3602,1,15,6,6,RPRLHSISF
3604,1,15,8,6,RPRQIAMSL
3606,1,15,10,3,RPRQRGIPF
3765,1,15,9,1,RTFGCSWEF
3805,1,15,6,1,RVFNNYMPY
4075,1,15,9,3,SPISCSYSL
4373,1,15,8,5,TPAARALPL
4913,1,15,4,6,WQLSGVVPL
5101,1,15,11,0,YLMPYSVYI
5178,1,15,6,6,YPACEAIGL
5196,1,15,4,7,YPPPRYITV
5204,1,15,7,3,YPYSDDLTI
5207,1,15,10,1,YQAGISAAL
5222,1,15,10,3,YQLGDYFFV
5298,1,15,3,7,YSYIFLSSY
5319,1,15,6,3,YTIYGAWMF
5335,1,15,6,3,YTSDYFISY
5342,1,15,11,1,YTYGAGSYF
3358,3,14,3,9,RARKRGITL;RARKRGITM;RARQKGCTL
430,2,14,2,0,CMKSFFGWK;CMKTFFGWK
1470,2,14,12,2,GVYKFFIAR;GVYPSFMSR
2309,2,14,11,2,KTFPPTEPK;KTFPTTKAK
2344,2,14,5,1,KVASAGISY;KVAAAGVSY
2449,2,14,7,4,LEFNSSLAI;MEFNSLLAI
2726,2,14,8,0,LTLKGTSYK;MTLKGTSYK
3727,2,14,9,3,RRYASQTEL;RRYQKSTEL
3768,2,14,9,2,RTYSLLNRK;RTFSILNRK
4441,2,14,10,2,TTFDLTLRR;TTFLQTMLR
4710,2,14,4,5,VSFNQNLEY;VSFDQNLDY
185,1,14,8,2,AMMWRIAQL
231,1,14,4,6,APRARTAAF
253,1,14,5,2,AQMWSLMYF
760,1,14,2,4,FAAAAARTL
776,1,14,8,5,FARERRLAL
863,1,14,8,1,FIYGYLEPV
901,1,14,7,1,FLIYFRSPL
952,1,14,11,1,FLYDISISL
984,1,14,10,4,FMYEGDTPL
985,1,14,9,1,FMYSDFHFI
1005,1,14,5,4,FPLTQRDVL
1016,1,14,7,5,FPQHIESAL
1033,1,14,9,2,FPYAIRLVA
1123,1,14,7,5,FTIGNMFSL
1126,1,14,8,0,FTMRLLSPV
1143,1,14,6,4,FVAATGRPL
1162,1,14,10,2,FVIGGMTGV
1166,1,14,7,2,FVMSCKLLY
1354,1,14,5,8,GPRQWRWPL
1542,1,14,6,4,HMMAVTLFY
1548,1,14,7,5,HPASRLFPF
1565,1,14,6,5,HPYVFCALL
1806,1,14,4,3,IPRRNVATL
1897,1,14,9,2,ITMVNSLTY
2174,1,14,7,3,KPIPHRTVL
2435,1,14,7,0,LAYASYFSF
2631,1,14,8,3,LPRYFPTAL
2735,1,14,9,2,LTSPISCSY
2792,1,14,4,6,MAMRYPITA
2862,1,14,4,2,MLAPSTLGY
2882,1,14,4,1,MLVGHMPFM
2892,1,14,5,2,MMFDAMGAL
2963,1,14,5,7,MQQGRFPPL
3060,1,14,3,8,MVYKLWFKY
3134,1,14,6,6,NPFFAVTAL
3581,1,14,7,5,RPMLARLTV
3619,1,14,1,13,RPVYVALTL
3635,1,14,6,4,RQLLWRYQI
3639,1,14,6,4,RQMRASAPL
3692,1,14,9,1,RRMATTFTF
4680,1,14,5,6,VPRPRFSAL
4851,1,14,4,4,WLAKSFFEL
4881,1,14,1,8,WMMAMRYPI
4898,1,14,5,5,WPLVNFHIL
4902,1,14,6,5,WPRHRRLSI
4938,1,14,8,2,WTIGNRAPY
4967,1,14,0,14,YAREAGIAM
5096,1,14,9,2,YLLEMLWRL
5100,1,14,10,3,YLMAWKQVL
5120,1,14,10,2,YLSAKITTL
5133,1,14,11,1,YLYETYHLI
5188,1,14,10,2,YPIVKGFAV
5275,1,14,7,2,YSAEALLPY
5307,1,14,10,1,YTFCGTIEY
5340,1,14,4,4,YTYATRGIY
930,4,13,4,4,FLRNFRTTL;FLRRRRAAL;FLRDNRAVL;LLRDNRAAL
153,2,13,6,5,ALTSLGLLY;ALTDLGLIY
315,2,13,9,2,ATIDVAIPK;ATIGTAMYK
2238,2,13,8,3,KRMMIRYCL;KRMMVRHCL
2311,2,13,9,2,KTFVDLMRR;KTFVELMRR
3023,2,13,4,2,MTRGILGSY;MTRGLLGSY
3661,2,13,2,2,RRDKRSVAL;RREKRSVAL
3778,2,13,10,0,RTLNLFRYK;RTLGVFRYK
5156,2,13,10,0,YMPDVLEKL;YMPSVVETL
299,1,13,8,0,ASYQFQLPY
500,1,13,3,4,DMWEHAFYL
773,1,13,7,3,FAKPAGTPM
849,1,13,10,1,FIIDNFGSV
954,1,13,6,5,FLYPSWSLY
1018,1,13,9,0,FPRGQGVPI
1105,1,13,5,3,FSVQRNLPF
1138,1,13,6,2,FTWYGIAAL
1141,1,13,4,3,FVAAFDHFY
1146,1,13,5,3,FVAEGDALV
1154,1,13,5,4,FVFAPTHGL
1167,1,13,2,5,FVNRYGVAY
1330,1,13,8,4,GMMRWCMPV
1498,1,13,4,7,HELSLFWPL
1786,1,13,3,1,IPDGWWWAI
1903,1,13,6,1,ITSGHSWAY
1924,1,13,10,2,IVIEAIHTV
1973,1,13,7,1,KAMRPWQSF
1977,1,13,10,0,KASSAWHYF
2193,1,13,3,4,KQFCLSILL
2454,1,13,3,6,LEMQHLISL
2846,1,13,4,7,MIAVALAGL
2857,1,13,4,3,MIYNSFNPY
2932,1,13,11,0,MPRLSRNAA
2996,1,13,8,2,MSSAAHLLY
3025,1,13,5,5,MTRVLPFTY
3029,1,13,4,3,MTSGSSSGF
3037,1,13,8,2,MTYLDGHPV
3052,1,13,5,1,MVKMGGLGY
3054,1,13,3,5,MVLSGTLAY
3507,1,13,9,1,RLPAYAPLL
3582,1,13,8,2,RPMSASRPA
3650,1,13,4,2,RQWGMGFLL
4048,1,13,5,4,SMFERDFHF
4050,1,13,0,4,SMHFYGWSL
4080,1,13,7,4,SPMETTAEF
4112,1,13,6,4,SQMGLSCAL
4179,1,13,2,2,STFAASGPF
4198,1,13,3,3,STVGASGVY
4267,1,13,3,1,TAVDFGNSY
4306,1,13,7,1,TIIDRIGPY
4509,1,13,10,2,TVYPKTHYV
4673,1,13,6,6,VPMEKLKAL
5080,1,13,10,1,YLIGGSATL
5137,1,13,11,1,YLYPWSLGL
5179,1,13,4,6,YPAEITLTW
5215,1,13,5,3,YQGKFYMPF
5225,1,13,2,3,YQRALHTSI
5233,1,13,6,3,YQVPFVQAF
5283,1,13,4,5,YSHGTGTGY
5348,1,13,3,3,YVFAIPLPF
5365,1,13,5,8,YVVWLMFSL
694,2,12,9,0,ETIFTVLAL;ETIGLVRAL
728,2,12,6,0,EVHTWTEQY;NVHTWTEQY
744,2,12,9,1,EVSARIAAL;EVSTAIAAL
1790,2,12,6,3,IPITDSLSF;IPITESLSF
1946,2,12,10,0,MYGIFQSTF;IYGIFQSTF
2725,2,12,5,2,LTKEEFTRY;MTKEEFTRY
4207,2,12,7,4,SVASGIFNV;SVASTITGV
4222,2,12,6,0,SVKEDLVAY;SVKKDLISY
207,1,12,7,5,APAKKAAPA
218,1,12,8,1,APIEHIASM
279,1,12,4,6,ASAAHLAAY
303,1,12,6,3,ATATWFQYY
337,1,12,5,5,ATVKGMQSY
378,1,12,4,4,AVTALTIAY
651,1,12,6,4,EPRVQLVPL
772,1,12,4,2,FAIGDWEPY
973,1,12,7,1,FMQEIPTFL
996,1,12,4,5,FPEQVSLLM
1006,1,12,6,4,FPLWNTEKI
1008,1,12,8,0,FPMAVKLFI
1034,1,12,8,2,FPYEGGKVF
1035,1,12,3,5,FPYTGDPPY
1059,1,12,3,4,FQYEHEQTF
1124,1,12,7,2,FTIRDVLAY
1132,1,12,9,0,FTSSFYNYV
1144,1,12,8,1,FVADSTPLY
1147,1,12,8,1,FVANFSMEL
1155,1,12,5,2,FVFEATKLY
1343,1,12,4,4,GPAGYTAAL
1550,1,12,6,3,HPGFTILAL
1558,1,12,4,5,HPRQFLAFL
1597,1,12,5,3,HTIFDFLAY
1635,1,12,10,1,IALPVAWLF
1643,1,12,9,1,IASPAWFLF
1736,1,12,7,3,ILMEHIHKL
1757,1,12,8,3,ILYAHLHKL
1784,1,12,5,4,IPAPGLGAL
1787,1,12,7,4,IPFSEGKAL
1797,1,12,7,0,IPLSILLTL
2206,1,12,3,5,KQMEDGHTL
2310,1,12,9,0,KTFSAHNLF
2315,1,12,5,3,KTIGNFKPY
2610,1,12,9,1,LPMIIGEPI
2621,1,12,5,1,LPQTRWQAV
2634,1,12,9,0,LPSWLLAPV
2638,1,12,10,0,LPTTITVPV
2639,1,12,10,0,LPTWLGAAI
2930,1,12,10,0,MPMYAIHKV
2933,1,12,7,1,MPRSIGGPV
2943,1,12,6,1,MPWLTTGPM
2981,1,12,5,2,MSAIVSCRY
3013,1,12,6,1,MTMITPPTF
3036,1,12,3,1,MTVFSYKAF
3044,1,12,5,1,MVFGRFSFA
3176,1,12,8,0,NTIHFTAFV
3188,1,12,6,6,NYMPYVFTL
3342,1,12,5,3,RAFSLYMTL
3544,1,12,4,3,RMMETWHPL
3564,1,12,8,2,RPAPARLPL
3565,1,12,8,3,RPAPATGAL
3585,1,12,7,3,RPNITSTAL
3616,1,12,5,5,RPVFARLPF
3732,1,12,7,2,RRYTRRISL
3777,1,12,9,0,RTLGSFTWF
3781,1,12,5,4,RTMEVFTMY
3793,1,12,6,2,RTWFHGSLY
3806,1,12,7,1,RVFPGDHFY
4078,1,12,11,0,SPLHVFVAV
4182,1,12,1,3,STFTFPGIY
4324,1,12,5,0,TLFDWGFAL
4375,1,12,5,4,TPAQLSMLL
4395,1,12,6,4,TPVEHGLVL
4462,1,12,3,0,TTSDFFVNY
4469,1,12,2,1,TVAHQVCPY
4573,1,12,10,1,VLAGWLFHV
4662,1,12,6,1,VPFGLVSMM
4669,1,12,6,3,VPISSVASL
4844,1,12,6,1,WIFEIATPL
4889,1,12,4,1,WMYNIQPYL
4895,1,12,3,9,WPEYNFWRM
4939,1,12,3,2,WTIGYDTIY
5143,1,12,5,3,YMIGYTAYY
5166,1,12,4,3,YMWLGARYL
5172,1,12,8,0,YMYTNLACI
5183,1,12,8,1,YPDRLRLSV
5186,1,12,7,3,YPITGVKSL
5187,1,12,9,0,YPIVIAPAM
5190,1,12,8,1,YPKCDLVEL
5199,1,12,8,2,YPSLMSRVV
5247,1,12,5,1,YRHKNYYAL
5286,1,12,6,1,YSKPWMAFF
5317,1,12,6,1,YTIGIGAFY
5330,1,12,3,3,YTNPQFNVY
5338,1,12,7,0,YTVRGTGKY
5349,1,12,6,0,YVFVGTSRY
5351,1,12,4,1,YVIEPAAGL
3227,3,11,6,4,QEGAMHTAL;QEGSLKTAL;QEGALHQAL
488,2,11,2,3,DIVGGLFTY;DIVKGLSGY
1011,2,11,6,2,FPNITLKII;LPNITLKII
2408,2,11,8,3,LAVMGDAAW;LAALGDTAW
3330,2,11,4,1,QYSGFVRTL;RYSGFVRTL
3825,2,11,9,1,RVLDTVEKW;RVLEMVEDW
4189,2,11,1,8,STLELRSGY;STLELRSRY
4516,2,11,4,3,TYGWNIVKL;TYGWNLVKL
202,1,11,7,4,APAAPGLSL
203,1,11,8,1,APAAPTPAA
204,1,11,7,4,APAENIVAL
236,1,11,6,3,APRQWPMPL
245,1,11,5,2,APYMVGDVI
301,1,11,2,4,ATAAATEAY
311,1,11,8,0,ATFRLECPY
545,1,11,6,2,EAMDTISVF
644,1,11,5,4,EPAFPHTEL
645,1,11,4,6,EPALRGSTL
650,1,11,4,1,EPLWGSLAV
761,1,11,2,6,FAADKDSLY
771,1,11,2,5,FAHDDRYLY
850,1,11,6,2,FIIDVFAGY
955,1,11,2,4,FMAAFYRVM
988,1,11,2,5,FPAFTDSRF
993,1,11,5,4,FPAWFAWIF
997,1,11,5,3,FPFWGCFVS
998,1,11,6,3,FPHTELANL
1002,1,11,8,0,FPIQDFPII
1003,1,11,6,3,FPKNDFVSF
1010,1,11,7,0,FPNEVGARI
1013,1,11,2,3,FPPGTSLTI
1021,1,11,6,0,FPRSMLSIF
1022,1,11,3,3,FPRVLSGYI
1031,1,11,0,11,FPVQFFIVF
1047,1,11,6,2,FQMDYSLEY
1076,1,11,4,1,FRMLAWHVL
1087,1,11,6,2,FRYEFTAPF
1127,1,11,1,1,FTNKLINGY
1134,1,11,5,2,FTTNIWMKF
1139,1,11,3,2,FTYAPAGMY
1352,1,11,7,4,GPMKLVMAF
1358,1,11,2,7,GPSLRTTTV
1493,1,11,7,0,HAVWYVASF
1546,1,11,6,3,HPAILSKVL
1547,1,11,6,4,HPARRAADL
1552,1,11,8,1,HPLARTAKV
1556,1,11,6,4,HPRHYATVM
1560,1,11,7,3,HPVLVTATL
1561,1,11,6,4,HPVTATISF
1562,1,11,9,0,HPYKDFIAA
1602,1,11,3,0,HTSALSLGY
1695,1,11,6,2,IIMRRFFYF
1773,1,11,5,2,IMNEGWASF
1782,1,11,6,3,IPAFYTPTA
1783,1,11,3,3,IPAHPLRML
1789,1,11,7,1,IPISGRITA
1791,1,11,5,4,IPKKIVSLL
1796,1,11,2,7,IPLINVTFI
1809,1,11,5,1,IPSTFDLAI
1814,1,11,8,0,IPYHIVNIV
1875,1,11,10,0,ITAAAWYLW
1914,1,11,5,0,ITYTDVLRY
2060,1,11,5,0,KLAEIFQPF
2171,1,11,8,0,KPFMYFEEI
2184,1,11,6,3,KPTFKHASV
2187,1,11,6,4,KPVGWAMSF
2272,1,11,7,1,KSISSIFGY
2354,1,11,2,5,KVFFGPIYY
2409,1,11,5,4,LAAPCRNAL
2410,1,11,6,4,LAASVFFTF
2547,1,11,3,6,LMDENTYAM
2579,1,11,8,0,LPAGSPVAV
2580,1,11,5,4,LPAGSRIWL
2583,1,11,10,0,LPAPPRPTV
2584,1,11,7,3,LPAQGLIEF
2590,1,11,4,5,LPDLPTTTI
2597,1,11,7,2,LPFSASIVF
2598,1,11,4,1,LPFVWAPMV
2600,1,11,6,2,LPKEYSSEL
2601,1,11,4,1,LPKTGTVSL
2602,1,11,7,0,LPLAKPMVI
2603,1,11,5,2,LPLATGAFV
2607,1,11,7,3,LPLPAQQPF
2611,1,11,8,0,LPNAVRPAV
2613,1,11,4,1,LPNRRHHLI
2614,1,11,9,0,LPNSNINII
2619,1,11,5,3,LPQIGGEAI
2622,1,11,5,2,LPQYFTFDL
2626,1,11,5,2,LPRPSALII
2628,1,11,5,5,LPRRSLKAF
2636,1,11,6,2,LPTPMQLAL
2640,1,11,5,3,LPVFATIGL
2641,1,11,4,5,LPVIVAPYL
2647,1,11,5,4,LQAMHGFPL
2819,1,11,2,9,MEWLKTRPI
2904,1,11,10,1,MMPEAMTIV
2914,1,11,10,1,MPAIFFSIV
2917,1,11,6,0,MPASWVMRI
2922,1,11,4,3,MPFDPSELV
2926,1,11,6,3,MPLKKQILF
2927,1,11,7,0,MPLKVQVCI
2934,1,11,6,2,MPSSYAAGM
2937,1,11,6,3,MPVGGQSSF
2939,1,11,8,1,MPVMKRYSA
2940,1,11,6,4,MPVPGQQSM
2942,1,11,8,3,MPVVGYVSF
2952,1,11,1,4,MQFKLGIPK
2955,1,11,2,4,MQIRGFVYF
2979,1,11,5,4,MRYFIGQPL
3018,1,11,7,2,MTMSYLSTR
3050,1,11,3,4,MVIFFMSPK
3051,1,11,8,2,MVIKWIHER
3077,1,11,3,0,NAFHHPSAV
3132,1,11,2,3,NPAACSYMV
3137,1,11,5,2,NPLWPFETV
3275,1,11,1,10,QPEMVTLTI
3347,1,11,9,0,RAIREYFQF
3370,1,11,8,0,RAYAAMHLW
3538,1,11,6,4,RMIESRMSK
3550,1,11,5,3,RMWEFLDRL
3555,1,11,6,4,RPADQFDAM
3558,1,11,6,3,RPAGARAAF
3567,1,11,7,4,RPAPPKIAM
3608,1,11,5,5,RPRRLRSTV
3617,1,11,4,1,RPVGISSMV
3628,1,11,6,3,RQHGFTPSK
3630,1,11,3,5,RQIQGIAAF
3632,1,11,5,5,RQIRMTSTI
3633,1,11,5,3,RQLANAIFK
3786,1,11,9,0,RTQAVIYAF
3792,1,11,8,0,RTVSVMFFI
4074,1,11,7,4,SPIMETHPL
4079,1,11,4,2,SPLQLRFRM
4081,1,11,7,2,SPNSNFVTL
4087,1,11,3,3,SPSKLASAI
4092,1,11,5,4,SPSSPGSSL
4093,1,11,4,3,SPVDRVLTI
4096,1,11,7,4,SPVSRSHSF
4098,1,11,3,3,SQAAFGLPI
4107,1,11,4,3,SQIETGTPF
4156,1,11,0,5,SSHNHIPGY
4191,1,11,3,4,STMPGGYTY
4377,1,11,5,1,TPAVCGPVI
4387,1,11,5,5,TPREAPYEL
4393,1,11,8,0,TPTHLSLAI
4394,1,11,5,4,TPVDLLGAL
4397,1,11,6,1,TPVMSRFAA
4398,1,11,7,1,TPVWHVTSA
4443,1,11,1,1,TTFPVNGGY
4496,1,11,6,1,TVMEIAGLY
4508,1,11,5,1,TVYNGTSKY
4655,1,11,10,0,VPAGTTISV
4657,1,11,6,5,VPALTIACM
4661,1,11,3,0,VPAWLPLGI
4672,1,11,5,4,VPMEDGTNI
4674,1,11,6,4,VPMHTDLEL
4676,1,11,5,4,VPRENATAF
4681,1,11,11,0,VPRSAIPPL
4686,1,11,6,4,VPVYTIAPF
4758,1,11,4,4,VTSSVSSGY
4891,1,11,5,2,WPAGRLVEA
4900,1,11,7,1,WPRDHGPTV
4901,1,11,8,0,WPRGAGAAV
4905,1,11,7,2,WPVMQWLTA
4936,1,11,0,5,WTALMFAAY
5045,1,11,3,4,YIYDTAFKY
5046,1,11,6,1,YIYGIPLSL
5161,1,11,4,4,YMREVGAAL
5181,1,11,3,4,YPASLHKFF
5182,1,11,3,1,YPAVINSNI
5185,1,11,6,0,YPHFMPTNL
5198,1,11,10,0,YPRNGWPAL
5200,1,11,7,1,YPSNKNYEI
5201,1,11,5,2,YPVWLTKHL
5202,1,11,7,4,YPWAIFHPH
5223,1,11,7,1,YQNEVTPEY
5238,1,11,4,2,YRATYSMAL
5267,1,11,8,2,YRYCHQLAL
5300,1,11,11,0,YTASVVAAY
5332,1,11,4,2,YTPEQWWPF
5336,1,11,8,1,YTTDVNQLY
39,2,10,2,2,PELGAFFAI;AELGAFFSI
167,2,10,9,1,AMAGGIGVL;AMAAGLSSL
554,2,10,2,4,EEFCDMLRL;SEFCDMLRL
1221,2,10,4,5,GELESAIGL;GELRKAICL
1417,2,10,7,2,GSRAIWFMW;GSRAIWYMW
1872,2,10,6,0,ISYGGGWKL;ISYGGGWRL
3934,2,10,6,3,SEMGANFKA;SEMGANFRA
4551,2,10,6,2,VETYVLSII;VETYVLSIV
4996,2,10,0,4,YFHRRDLRL;YFHKRDMRL
5249,2,10,1,0,YRIMTRGLL;YRILQRGLL
209,1,10,8,2,APAVPGIPM
212,1,10,4,2,APEFVTAAA
225,1,10,8,0,APNPNRFVI
244,1,10,5,1,APYFATVRL
433,1,10,4,3,CPRIFSHSF
454,1,10,1,2,CTWSWHHQL
543,1,10,2,7,EAILRRFPL
635,1,10,5,2,EMADYIFFV
640,1,10,1,4,EMMQWWSDY
652,1,10,0,5,EPYPPKGPV
851,1,10,2,1,FIILSTGKY
915,1,10,4,1,FLMRNAIQY
918,1,10,7,1,FLNPVIYTF
964,1,10,9,0,FMIVNNFPV
971,1,10,7,0,FMPESSYLL
1012,1,10,6,2,FPNLQVDPT
1014,1,10,7,2,FPPTSFGPL
1015,1,10,5,0,FPQAAPHGV
1024,1,10,6,3,FPSNMMVVT
1025,1,10,5,1,FPSSNETSI
1027,1,10,2,3,FPSVRYQNI
1028,1,10,7,0,FPTNTLTSI
1107,1,10,2,4,FTAMQALDY
1148,1,10,4,2,FVARIDLGY
1159,1,10,3,6,FVHPENLEY
1356,1,10,4,3,GPRTRGYAI
1363,1,10,3,3,GQFNRYAAM
1460,1,10,7,0,GVFHTMWHV
1563,1,10,8,0,HPYKDFIAT
1594,1,10,9,0,HTAEIQQFF
1694,1,10,8,1,IIMDEAHFL
1779,1,10,8,1,IMYNYPAML
1781,1,10,8,0,IPAEMLASI
1800,1,10,7,3,IPRFCDHPL
1801,1,10,6,3,IPRLGGMAF
1811,1,10,7,2,IPTFLQEAL
1894,1,10,7,1,ITLKVFAGY
1899,1,10,8,2,ITPKTHFLF
2089,1,10,9,0,KLIPSWASV
2161,1,10,7,1,KMNNDVFFM
2168,1,10,5,5,KMYWITRSK
2170,1,10,6,3,KPASRELSV
2218,1,10,5,4,KQYNVTQAF
2291,1,10,6,0,KSWLVHWSL
2294,1,10,8,0,KSYAQMWLL
2302,1,10,6,1,KTAVVVTRY
2318,1,10,8,0,KTLKGGWFF
2335,1,10,5,0,KTTWVHWAL
2569,1,10,7,2,LMVPGAAPV
2581,1,10,4,1,LPAIVREAI
2582,1,10,5,2,LPANLTLMM
2586,1,10,6,4,LPARRRCSA
2588,1,10,7,2,LPCQLMYAL
2627,1,10,5,4,LPRRLQLLF
2630,1,10,5,0,LPRWPPPQL
2637,1,10,5,0,LPTRCRLEI
2645,1,10,10,0,LPYPYSSSA
2730,1,10,2,5,LTNPLLSPY
2763,1,10,6,2,LYAYWYHLY
2823,1,10,1,5,MFGYNPYSL
2924,1,10,5,2,MPGVLSYVI
2938,1,10,4,4,MPVLDQSVL
2961,1,10,4,4,MQNRFFGFK
3015,1,10,5,0,MTMLTRWKI
3041,1,10,7,1,MVASQLARY
3069,1,10,5,3,MYMALIAAF
3135,1,10,6,3,NPITLTAAL
3175,1,10,5,3,NTIEELSGY
3287,1,10,3,2,QQMFPGAPF
3310,1,10,3,4,QTYMYTGQY
3318,1,10,1,5,QVSRPMFLY
3348,1,10,8,1,RAMACSALI
3467,1,10,6,1,RLASYGLYY
3529,1,10,4,5,RLYQYSFAK
3545,1,10,2,3,RMMGKNIFY
3547,1,10,3,1,RMMGVKYLM
3583,1,10,7,1,RPMTYKAAF
3745,1,10,8,0,RSLKAFFSW
3780,1,10,8,0,RTLNELWFL
3794,1,10,4,0,RTWFYRTEF
3865,1,10,7,1,RVYNNTARY
3944,1,10,3,5,SEVKFKYVL
4066,1,10,8,0,SMSMILVGV
4071,1,10,6,3,SPAIFQSSM
4077,1,10,4,3,SPKRLSAAI
4089,1,10,4,4,SPSNHHILL
4097,1,10,4,0,SPVWNSNLI
4170,1,10,3,2,SSVGVTHGY
4176,1,10,1,3,STAPTGSWF
4188,1,10,4,1,STIVWSSRY
4210,1,10,4,3,SVFEGIRAY
4219,1,10,3,3,SVHVGILPY
4251,1,10,4,5,SYLIRALTL
4253,1,10,3,3,SYLRRTQSM
4380,1,10,4,2,TPGRYRTAV
4381,1,10,5,3,TPKFTRMVV
4383,1,10,2,3,TPLNASPYI
4396,1,10,4,2,TPVIVVPVI
4408,1,10,2,7,TQMGGWFQK
4428,1,10,5,0,TSFASSWIY
4452,1,10,1,4,TTITGDSAY
4461,1,10,5,1,TTRGETLFY
4490,1,10,6,0,TVKSFLNFY
4659,1,10,7,3,VPAPHGVAL
4663,1,10,7,0,VPFVSVNPI
4671,1,10,7,3,VPKTSTYAL
4677,1,10,9,0,VPRFAASPI
4683,1,10,3,2,VPTATPAPI
4684,1,10,7,2,VPTSWSHAM
4718,1,10,6,2,VSITNPFLF
4745,1,10,7,3,VTFWGFWLF
4776,1,10,8,0,VVMTSLALV
4792,1,10,6,1,VVYRGTTTY
4850,1,10,3,3,WKYLNAVSL
4892,1,10,8,1,WPALSSIAA
4893,1,10,5,2,WPDVFSVSV
4894,1,10,7,2,WPEIVGAIV
4897,1,10,4,4,WPISAILWF
4906,1,10,0,5,WPWNAREDV
4918,1,10,6,3,WQTDTTIPL
4927,1,10,2,2,WSADGSSMY
4973,1,10,7,1,YAYNSSLLY
5023,1,10,4,5,YIFFASFYY
5030,1,10,7,2,YIISTHYQF
5054,1,10,4,3,YLACKQHAL
5076,1,10,2,3,YLHDPLTPY
5131,1,10,9,0,YLYASFCTV
5146,1,10,2,2,YMKERFTVL
5197,1,10,8,1,YPQLSAIAL
5226,1,10,1,8,YQRRRRFAI
5234,1,10,6,3,YQYGDNLIL
5287,1,10,6,0,YSLAGSSPF
5366,1,10,4,2,YVYFYDLSY
5381,1,10,5,3,YYKKTFSAL
23,2,9,5,2,CEALLADGL;AEALLADGL
35,2,9,9,0,AETESATLF;AEIESATLF
875,2,9,1,0,FLCDDTITY;YLCEDTITY
2866,2,9,8,0,MLGTHTMEV;MLGEETIKV
3381,2,9,3,2,REDIWCGSL;REDQWCGSL
4268,2,9,7,0,TAVPWNASW;TAVPWNSSW
5065,2,9,9,0,YLDMVLAFL;YLDGQLARL
5141,2,9,3,2,YMFESKRMK;YMFESKSMK
5364,2,9,1,2,YVSVGSSKY;YVSVVSSHY
8,1,9,4,1,AAMDGGGFY
119,1,9,8,1,ALFPIIWAL
234,1,9,6,2,APRPPGAAM
280,1,9,7,1,ASAQIHLYY
290,1,9,3,1,ASMDNTSPM
302,1,9,5,0,ATADLELAY
305,1,9,2,2,ATAWRTGGY
359,1,9,5,1,AVHGYYIGY
557,1,9,3,4,EEISSIISL
598,1,9,2,3,EISGSSARY
629,1,9,0,1,ELSQSMFHY
647,1,9,4,3,EPLAVIASL
688,1,9,4,1,ETFNTPAMY
844,1,9,7,0,FIAEIDHWI
871,1,9,7,0,FLADYGWRL
885,1,9,1,6,FLFMDRDAL
924,1,9,7,0,FLQGAKWYL
948,1,9,8,0,FLWHNDFMM
980,1,9,3,2,FMVYVPLPA
1001,1,9,6,3,FPIPTEVVA
1036,1,9,1,5,FQAGMRLYF
1083,1,9,3,3,FRRVAHSSL
1121,1,9,1,3,FTHNEYKFY
1135,1,9,2,2,FTWPWMKLF
1157,1,9,7,1,FVFSTSFYL
1163,1,9,3,1,FVIGSQHLY
1165,1,9,8,0,FVMPIFEQI
1257,1,9,8,0,GLAATSFPL
1338,1,9,7,0,GMVAPLYGV
1365,1,9,3,2,GQMAWGYGF
1506,1,9,4,2,HEYQGKAVL
1572,1,9,3,1,HQYPANLFY
1579,1,9,5,1,HRYLIRQSM
1587,1,9,5,2,HSNASTLLY
1610,1,9,6,1,HVIASMRHF
1778,1,9,5,1,IMYDSGAKY
1795,1,9,5,2,IPLGGNGAM
1843,1,9,6,0,ISANANFSY
1877,1,9,1,5,ITAGYNRYY
1904,1,9,8,1,ITSKEVFTY
1915,1,9,7,0,IVAPYLFWL
1920,1,9,6,0,IVFATAARY
2165,1,9,9,0,KMTPWSAYW
2200,1,9,5,3,KQLDIQYLK
2293,1,9,6,1,KSWPGVQSF
2295,1,9,7,0,KSYEHQTPF
2341,1,9,7,0,KTWGQYWQV
2353,1,9,8,1,KVFDKSLLY
2374,1,9,5,1,KVQEWYLSY
2444,1,9,3,5,LEEEGVTPL
2483,1,9,6,1,LIGFALFGV
2514,1,9,9,0,LLKDLMPFV
2523,1,9,8,0,LLMDCSGSI
2615,1,9,6,1,LPPEFRAAV
2629,1,9,5,4,LPRVLAIQL
2632,1,9,6,2,LPSKPSSTL
2642,1,9,5,2,LPVPLFPGF
2643,1,9,5,0,LPWFLDTTI
2706,1,9,3,2,LSTASSWSY
2742,1,9,2,1,LVALTLTSY
2790,1,9,7,0,MAMLADYFY
2791,1,9,7,1,MAMPEYWQF
2811,1,9,2,3,MEFEPFQSL
2816,1,9,3,4,MEQRVMATL
2905,1,9,5,2,MMQGTPYVY
2915,1,9,3,2,MPAMVPPYA
2925,1,9,5,3,MPKVARSLL
2989,1,9,6,1,MSNEGSYFF
3011,1,9,4,2,MTIGMANLI
3027,1,9,4,2,MTSELAALI
3078,1,9,2,0,NAISTTFPY
3084,1,9,3,4,NEIRALMAL
3093,1,9,2,6,NETGLELTL
3178,1,9,3,3,NTLGITHLY
3235,1,9,2,2,QETWTRLVL
3274,1,9,7,0,QPAPQGLPI
3282,1,9,3,5,QPWTPVSSF
3308,1,9,5,1,QTWHGDAPY
3368,1,9,1,4,RAWGRRLMI
3530,1,9,5,2,RLYYDSMSY
3537,1,9,8,0,RMIAISAKV
3551,1,9,4,2,RMYWGVNPK
3562,1,9,6,0,RPANLAFFL
3599,1,9,7,0,RPRIMAPPV
3640,1,9,4,3,RQNAAIEAL
3785,1,9,6,3,RTNGASYAY
3873,1,9,5,2,RWFVRNPFF
3903,1,9,5,3,RYWRLRYRI
3915,1,9,1,5,SAWESFWRI
4058,1,9,1,5,SMLSYGNVL
4142,1,9,2,1,SRWAISHWL
4159,1,9,5,4,SSLPSYAAY
4275,1,9,2,2,TEDQGHFPL
4280,1,9,5,2,TEMYIMYAM
4282,1,9,4,3,TESDAIRTL
4284,1,9,2,6,TEYKRVMTF
4399,1,9,3,3,TPYDINQML
4403,1,9,5,3,TQFGVPFVL
4477,1,9,2,3,TVFSLLLFY
4503,1,9,0,5,TVSERILPL
4575,1,9,9,0,VLAPYMPDV
4777,1,9,4,1,VVNDFTVSY
4822,1,9,2,4,WEFVNRPPL
4828,1,9,3,2,WENGFKVVL
4852,1,9,5,0,WLDSVIQYL
4880,1,9,1,3,WMLRNIVTF
4887,1,9,1,1,WMSPTYQSW
4896,1,9,6,2,WPILGFFPM
4899,1,9,1,7,WPPSRWGVV
4922,1,9,3,0,WRMVVRASF
4955,1,9,8,0,YAAPQLFPV
4958,1,9,4,0,YAIYTLGEM
4978,1,9,2,5,YEERAHVVL
4987,1,9,2,4,YEVPAALIL
5015,1,9,2,4,YHHFKTIEL
5033,1,9,7,0,YILGFAIPI
5056,1,9,8,0,YLAENTFVV
5058,1,9,7,0,YLAGWGFVV
5108,1,9,9,0,YLPEVISTI
5112,1,9,2,4,YLQQNTHTL
5117,1,9,3,3,YLRPYMHGY
5126,1,9,8,0,YLSSWTPVV
5280,1,9,2,1,YSFSRAYTL
5301,1,9,3,1,YTAVVPLVY
5315,1,9,2,1,YTIDLNDAF
5316,1,9,3,0,YTIEGIAFM
5321,1,9,5,1,YTKKYLLSF
5326,1,9,2,5,YTLNNGGAF
5328,1,9,7,1,YTMDGEYRL
44,2,8,6,0,AEMVAKYDL;AEMLASIDL
676,2,8,1,4,KSSLNISGY;ESSINISGY
1223,2,8,1,4,GELNTLDIM;GELSTLDIM
1404,2,8,4,4,GRYNLISPK;GRYNLVPPK
1867,2,8,5,1,ISSGCTKTF;ISSGETRSF
1963,2,8,6,0,KAAVDLSHF;KAAFDLSFF
2237,2,8,5,2,KRMGVQMQR;KRMGVQVQR
2246,2,8,7,0,KRWGFRSGV;KRWAFRTGV
3403,2,8,1,5,RERLSRMAI;RERTQRLAI
3663,2,8,8,0,RRFNLFNKF;RRFDTFKAF
3681,2,8,3,0,RRIFDLIEL;RRIYDLIEL
4471,2,8,4,0,TVAPPAPVY;TVSPSAPTY
4481,2,8,4,2,TVYHGAGAR;TVHHGAGTR
5347,2,8,5,0,YVDIIGLSV;YVDIYAASV
22,1,8,3,1,AEAASATPL
98,1,8,4,0,AIYKNTIAY
104,1,8,7,1,ALAGNHWHV
106,1,8,7,1,ALAPWQQAV
115,1,8,0,8,ALFDTSASL
122,1,8,8,0,ALIDFLAAV
123,1,8,8,0,ALIGGFKPV
128,1,8,8,0,ALLENIHRV
129,1,8,8,0,ALLGGLRPV
134,1,8,8,0,ALMDYGFRV
135,1,8,6,0,ALMEITSRY
137,1,8,8,0,ALMPYMPPA
138,1,8,6,0,ALMRWRHPR
139,1,8,8,0,ALNELLQHV
148,1,8,8,0,ALSGFCAAV
158,1,8,7,0,ALWEIQQVV
163,1,8,8,0,ALYGWTVLV
180,1,8,7,0,AMLAGTAVV
183,1,8,8,0,AMLNGLIYV
186,1,8,8,0,AMPGVLSYV
196,1,8,6,0,AMWDWSKSV
198,1,8,2,1,AMYDPQTYY
200,1,8,3,1,AMYYRRTER
254,1,8,4,4,AQNAISTTF
257,1,8,3,4,AQRELFFTL
267,1,8,3,3,ARKARAAPL
313,1,8,5,0,ATGDYVAFV
422,1,8,4,3,CLLSHTLAY
424,1,8,8,0,CLPGVIMSV
492,1,8,6,0,DLMGYIPLV
528,1,8,3,1,DVAAMSGYY
546,1,8,0,3,EAPEMPALY
562,1,8,2,5,EERKNFLEL
614,1,8,5,0,ELIKAMNHF
666,1,8,3,5,ERYPGGVSL
722,1,8,0,3,EVDPIGHLY
803,1,8,4,1,FEYGGFPPA
830,1,8,0,4,FHKKRVEPL
835,1,8,2,4,FHMSKPSDL
839,1,8,0,5,FHRKKTDAL
843,1,8,3,5,FHYQDPFPL
845,1,8,8,0,FIDSYICQV
852,1,8,4,1,FIKDGSSTY
872,1,8,7,0,FLAFFSNGV
881,1,8,8,0,FLDPHPYYV
889,1,8,7,0,FLHESDPMV
890,1,8,8,0,FLHGGDFGV
893,1,8,8,0,FLIDLAFLI
894,1,8,0,8,FLIGELANL
908,1,8,8,0,FLLENAAYL
910,1,8,8,0,FLLPILSQI
912,1,8,8,0,FLLQDTVEL
923,1,8,8,0,FLQDESAYV
928,1,8,4,2,FLQRTDLSY
929,1,8,8,0,FLRDNLYHV
935,1,8,8,0,FLSDYGPQL
936,1,8,6,1,FLSFASLFL
938,1,8,8,0,FLSNVGHYV
944,1,8,8,0,FLTSVINRV
945,1,8,8,0,FLWDEAWYA
956,1,8,3,1,FMFDSDEAM
958,1,8,4,1,FMFGPTIYY
960,1,8,4,3,FMGRIRSVY
972,1,8,6,0,FMPKVNFEV
1057,1,8,3,2,FQWHEAMFL
1060,1,8,7,0,FQYYGIDWV
1069,1,8,6,1,FRFGDPMPF
1075,1,8,5,0,FRLMRTNFL
1089,1,8,4,2,FRYMNSQGL
1103,1,8,3,2,FSSQLGLFY
1116,1,8,2,0,FTFDNSKFV
1136,1,8,7,0,FTWQHNYYL
1149,1,8,3,0,FVDGVPFVV
1156,1,8,7,0,FVFGIPLLV
1158,1,8,5,0,FVHDSVQYF
1160,1,8,2,2,FVHSGFIYF
1168,1,8,5,0,FVQGVIWNI
1169,1,8,2,0,FVRELLTEV
1264,1,8,7,0,GLFGGLNWI
1266,1,8,7,0,GLFPFHFTL
1285,1,8,8,0,GLMWLSYFV
1286,1,8,8,0,GLNDYLHSV
1295,1,8,7,0,GLSEGAYHV
1302,1,8,8,0,GLYEFTILV
1306,1,8,4,0,GLYLYRFHV
1317,1,8,5,1,GMFGGCFAA
1361,1,8,1,6,GQFGSGWTW
1447,1,8,3,5,GTTEVNGLY
1495,1,8,3,3,HEAEYNLSL
1515,1,8,7,0,HIMPNSFRV
1522,1,8,5,1,HLDDVGFLV
1534,1,8,8,0,HLSGPLAGV
1539,1,8,8,0,HLVEALYLV
1541,1,8,8,0,HMIDKLFYV
1557,1,8,7,1,HPRQEQIAL
1632,1,8,5,1,IAISFYHGF
1662,1,8,3,3,IEIARTLTL
1688,1,8,2,1,IIFDFFDSL
1697,1,8,7,0,IISDLSIFI
1704,1,8,8,0,ILAAIAVGV
1706,1,8,7,0,ILAKFLHWL
1709,1,8,8,0,ILDDNLYKV
1720,1,8,8,0,ILHCANFNV
1723,1,8,8,0,ILIDTSAWV
1756,1,8,8,0,ILWDYFSLV
1772,1,8,7,0,IMLKANFSV
1776,1,8,7,0,IMSSFEFQV
1816,1,8,3,3,IQAVFGFSL
1832,1,8,4,2,IRHENRMVL
1833,1,8,0,3,IRHHVRWAL
1922,1,8,4,1,IVFYSYAGV
1931,1,8,5,0,IVVDNTSAF
2037,1,8,7,0,KIFGSLAFL
2073,1,8,8,0,KLFSDISAI
2075,1,8,7,0,KLGDITLFL
2078,1,8,7,0,KLGGYVSFV
2088,1,8,8,0,KLINTLFHA
2095,1,8,8,0,KLLGQINLV
2098,1,8,8,0,KLLPDTAAV
2100,1,8,3,0,KLLPVHYYM
2101,1,8,4,2,KLMALELFK
2103,1,8,8,0,KLMPGSIYV
2104,1,8,8,0,KLMPICMDV
2108,1,8,8,0,KLPRWIFFA
2132,1,8,8,0,KLWGLVDFV
2134,1,8,5,2,KLYDSVYLT
2135,1,8,8,0,KLYEGDLRV
2136,1,8,1,3,KLYERNTAF
2150,1,8,6,0,KMFHGGLRY
2153,1,8,1,5,KMFTFWYMR
2155,1,8,3,1,KMGDGFLYF
2166,1,8,7,0,KMVEIPFNV
2298,1,8,6,2,KTADVTVVF
2340,1,8,5,0,KTWGKNLVF
2345,1,8,8,0,KVAELVHFL
2351,1,8,7,0,KVDDTFYYV
2384,1,8,6,0,KVYWAGIEF
2418,1,8,7,0,LALDSYWPV
2486,1,8,8,0,LIMEFNSLL
2488,1,8,8,0,LIQEIVHEV
2491,1,8,5,1,LLAAVASSY
2493,1,8,8,0,LLAMTFWPA
2524,1,8,8,0,LLMEGLKLL
2536,1,8,8,0,LLTEVETYV
2542,1,8,8,0,LLYDGSFAV
2555,1,8,6,1,LMMTATGEY
2562,1,8,7,0,LMQWWSDYV
2572,1,8,7,0,LMYDIINSV
2609,1,8,6,2,LPMEDNSDI
2667,1,8,3,1,LRAAIELPL
2709,1,8,2,2,LSYMIGMNY
2723,1,8,1,1,LTITYSSSM
2805,1,8,3,3,MAYGFFNNI
2806,1,8,5,1,MEADVILPI
2861,1,8,7,0,MLAKYDHLV
2867,1,8,3,1,MLHHYGIHY
2880,1,8,4,0,MLSPMLHHW
2891,1,8,1,0,MMDLSHFLK
2899,1,8,8,0,MMLVPLITV
2903,1,8,1,4,MMNYTRSFL
2965,1,8,2,1,MQRSGMLSL
2967,1,8,2,4,MQYLNPPPY
2974,1,8,4,2,MRIGSMATL
2994,1,8,0,3,MSRDWFMLM
3026,1,8,2,2,MTRVTNNVY
3028,1,8,2,2,MTSERTLAV
3032,1,8,2,0,MTTEDMLEV
3057,1,8,1,4,MVRRGVRSL
3113,1,8,7,0,NLATSIYTI
3115,1,8,7,0,NLFDWMHFL
3122,1,8,8,0,NLVPMVATV
3127,1,8,7,0,NMLSTVLGV
3168,1,8,1,1,NTAIFDMLY
3169,1,8,1,4,NTAINFFLY
3251,1,8,8,0,QLAGYILTV
3258,1,8,7,0,QLLGWYSRV
3265,1,8,7,0,QMISPVMSV
3267,1,8,5,1,QMLPGYFRF
3289,1,8,4,2,QQYAGWSAL
3307,1,8,2,2,QTVEMSPFY
3313,1,8,7,0,QVIEYLKPY
3372,1,8,6,0,RAYSVPETF
3377,1,8,2,2,REAGMAATL
3397,1,8,5,1,REMHHLVEF
3432,1,8,8,0,RIFAELEGV
3433,1,8,8,0,RIFPATHYV
3439,1,8,3,3,RINEGWPAY
3463,1,8,8,0,RLANLLPLI
3464,1,8,7,1,RLARAIIEL
3468,1,8,5,1,RLATVGYPK
3473,1,8,8,0,RLDPRLAPV
3494,1,8,8,0,RLLPLLALL
3498,1,8,7,0,RLMKQDFSV
3504,1,8,8,0,RLNMFTPYI
3522,1,8,8,0,RLWDVEQGV
3526,1,8,7,0,RLYELIGSV
3528,1,8,5,0,RLYPFGSYY
3542,1,8,6,0,RMLPKLAEF
3641,1,8,3,1,RQNAPFEPI
3669,1,8,6,1,RRFNRTKPM
3679,1,8,6,1,RRHWGGNVL
3725,1,8,5,1,RRWIAPHPL
3731,1,8,5,1,RRYRRIYDL
3763,1,8,5,0,RTDAWSYPV
3766,1,8,5,0,RTFGKLPYR
3767,1,8,6,0,RTFGQPLFF
3790,1,8,6,0,RTRFFCIPK
3810,1,8,1,3,RVHFHRFMY
3812,1,8,1,4,RVHSFFIQY
3831,1,8,6,1,RVMPVFAFK
3836,1,8,5,2,RVRAYTYSK
3852,1,8,5,1,RVVDLYIGR
3859,1,8,8,0,RVYEALYYV
3916,1,8,5,2,SAYERGLRY
3971,1,8,8,0,SIIGILHLI
3972,1,8,8,0,SIIGRLLEV
3990,1,8,6,0,SLDDYNHLV
3995,1,8,5,0,SLFGGMSWI
3996,1,8,6,0,SLFGQRIEV
4000,1,8,5,0,SLFPEFSEL
4001,1,8,8,0,SLFSLLPGV
4008,1,8,8,0,SLIDLLHKI
4011,1,8,7,0,SLKDVLVSV
4017,1,8,8,0,SLLMWITQV
4018,1,8,5,0,SLLPAIVEL
4020,1,8,8,0,SLLSEFCRV
4028,1,8,7,0,SLSAYIIRV
4036,1,8,7,0,SLVKHHMYV
4039,1,8,7,0,SLYAVTTAV
4057,1,8,4,0,SMLPPGYPV
4059,1,8,3,1,SMMPEAMTI
4065,1,8,7,0,SMSADVPLV
4145,1,8,3,2,SRWSRKMLM
4214,1,8,3,2,SVFPFDGTR
4231,1,8,4,1,SVYDFFVWL
4250,1,8,5,1,SYLGLTQPF
4325,1,8,4,0,TLFIGSHVV
4336,1,8,8,0,TLLDYAAGV
4342,1,8,8,0,TLMKHQEPV
4349,1,8,5,1,TLVPQEHYV
4352,1,8,7,0,TLYAVATTV
4368,1,8,3,0,TMLYNKMEF
4369,1,8,7,1,TMNSRYYLV
4370,1,8,7,0,TMPELAWAV
4413,1,8,2,3,TRAPAPFPL
4420,1,8,2,6,TRSFTTHFL
4437,1,8,4,4,TTALFGHSY
4457,1,8,3,0,TTMLGGYFY
4466,1,8,5,1,TVADIWHAM
4470,1,8,7,0,TVAPFNPTV
4475,1,8,4,2,TVFCFFNYI
4476,1,8,6,1,TVFKGFVNK
4486,1,8,1,1,TVIRFWHAM
4506,1,8,4,0,TVYDINNEV
4571,1,8,8,0,VLAEAMSQV
4572,1,8,8,0,VLAGIFAGV
4598,1,8,8,0,VLMGGVPGV
4605,1,8,8,0,VLNPYMPTV
4618,1,8,8,0,VLSGYIASV
4622,1,8,8,0,VLTDWAAPV
4624,1,8,6,0,VLWAHGFEL
4626,1,8,6,0,VLWKSYPLV
4627,1,8,8,0,VLYDEFVTI
4634,1,8,8,0,VMATLLPPV
4644,1,8,7,1,VMNILLQYV
4779,1,8,7,0,VVPSYIPLV
4854,1,8,7,0,WLGHPFTPV
4871,1,8,8,0,WLYPGAQNL
4874,1,8,4,4,WMFRIRIIL
4885,1,8,2,2,WMRWGGWPF
4915,1,8,1,6,WQMFMKVTV
4919,1,8,3,2,WRLVYASAV
4926,1,8,3,0,WRWKSQVTI
4943,1,8,4,0,WVAGVQLLY
4979,1,8,2,3,YEFLGELAL
5026,1,8,8,0,YIGEVLVSV
5034,1,8,8,0,YIMKLHHLV
5039,1,8,8,0,YITALNHLV
5060,1,8,8,0,YLARNAVPV
5061,1,8,2,5,YLARYSGSM
5063,1,8,8,0,YLDAIQQPV
5067,1,8,8,0,YLDYDTIYV
5070,1,8,8,0,YLFLICHNL
5071,1,8,8,0,YLFQWNDNV
5081,1,8,8,0,YLIHDWDAV
5085,1,8,8,0,YLIPFIWFV
5090,1,8,1,0,YLKKWLNSF
5095,1,8,5,0,YLLAGGCPY
5097,1,8,7,0,YLLGDSDSV
5103,1,8,7,0,YLNDFAQLL
5106,1,8,8,0,YLPDPTVGV
5110,1,8,8,0,YLPRFLFGV
5121,1,8,7,0,YLSDSAINI
5127,1,8,8,0,YLTSFVVPI
5128,1,8,8,0,YLVDCGAEL
5129,1,8,8,0,YLVENTSHL
5145,1,8,3,3,YMKAPSGAL
5148,1,8,3,3,YMKKRYEEF
5159,1,8,3,1,YMRERFEPM
5212,1,8,2,2,YQERFVLAL
5239,1,8,3,1,YRAVLRYMM
5261,1,8,4,1,YRSMIAFKL
5272,1,8,8,0,YRYLRHGKL
5273,1,8,2,2,YRYSLSSDL
5288,1,8,5,0,YSLEYFQFV
5296,1,8,4,1,YSSHELWHF
5312,1,8,0,2,YTGAMTSKF
5314,1,8,1,0,YTIDCDGSI
5329,1,8,3,0,YTMELCGAM
5344,1,8,6,0,YTYPIAHTA
5361,1,8,5,3,YVRGYLRGY
1425,2,7,2,1,GTEEIKSLY;GTEEIRSLY
3726,2,7,4,0,RRWRRLTVC;RRWKLLSSC
3931,2,7,3,3,SEIWRDIDF;YEIWRDIDF
4122,2,7,0,3,SRAIWFMWL;SRAIWYMWL
5256,2,7,3,4,YRNFSFSLK;YRNIEFFTK
5264,2,7,3,2,YRTLGVFRY;YRTLNLFRY
10,1,7,2,2,AANEIRISK
43,1,7,6,0,AEMGANLCV
90,1,7,6,1,AINGFVLPK
96,1,7,7,0,AIYDTMQYV
102,1,7,6,0,ALAAATPMV
112,1,7,5,1,ALFAGDLYR
114,1,7,6,0,ALFDRPAFK
140,1,7,4,0,ALNTITNLK
149,1,7,7,0,ALSNGIPPV
270,1,7,2,1,ARLSSPIVL
282,1,7,2,2,ASFAAQLFY
288,1,7,5,1,ASLLRRWPK
312,1,7,6,1,ATFSVPMEK
320,1,7,5,1,ATLFGSHAR
321,1,7,5,0,ATLPLLCAR
326,1,7,7,0,ATNNVFRLK
336,1,7,4,0,ATTHSWIPK
339,1,7,4,1,ATYEIVCSK
340,1,7,6,0,ATYGTAVNK
341,1,7,4,0,ATYGWNLVK
342,1,7,4,1,ATYTGVFDK
343,1,7,6,0,AVAAVAARR
344,1,7,6,0,AVARPFFAK
346,1,7,7,0,AVAVHDFFK
351,1,7,6,1,AVFDSFVER
354,1,7,5,0,AVFPRYHPR
358,1,7,3,2,AVGSGPFFK
363,1,7,3,2,AVMLVHTYY
364,1,7,6,1,AVNAATYNR
365,1,7,5,1,AVNNLVELK
374,1,7,1,1,AVSFRNLAY
375,1,7,5,1,AVSMANIFR
382,1,7,4,1,AVYSSSMVK
383,1,7,6,0,AVYSTFLHR
384,1,7,4,1,AVYTEGWER
414,1,7,5,1,CFMYSDFHF
436,1,7,2,3,CQHHLILTL
452,1,7,5,1,CTSSIQYHR
455,1,7,2,5,CVFKFIVAK
463,1,7,2,1,DAMPGVLSY
515,1,7,0,0,DTFGVIDTM
582,1,7,0,3,EIFPNIKIY
601,1,7,2,0,EIYFSSIHR
607,1,7,5,0,ELDDYMFFV
637,1,7,1,2,EMFIIKYFK
674,1,7,3,0,ESMMGSTAM
686,1,7,1,3,ETESVNSNY
692,1,7,5,0,ETIEDYLGY
710,1,7,2,1,ETVAIDRPA
713,1,7,5,1,ETVNFVPNY
730,1,7,5,1,EVIEQWHSL
737,1,7,4,2,EVMPVSMAK
743,1,7,2,2,EVRLATMLF
746,1,7,6,0,EVVDMLSTY
762,1,7,5,1,FAAWIQQTY
811,1,7,3,1,FGAAVSLLF
828,1,7,0,5,FHHRIRCKL
833,1,7,0,2,FHLRSRFAF
854,1,7,4,1,FILSGRFSY
857,1,7,3,2,FIRLRFAFK
873,1,7,7,0,FLAGGPHAV
902,1,7,4,0,FLKDVMESM
906,1,7,7,0,FLLDKKIGV
943,1,7,7,0,FLTQNFGPV
946,1,7,6,0,FLWGPRALV
947,1,7,6,0,FLWGPRAYA
949,1,7,2,1,FLWWGKWRK
950,1,7,7,0,FLWWNAAPA
963,1,7,6,0,FMIDWILDA
969,1,7,3,3,FMLSVHYRK
1052,1,7,3,1,FQRAIMNAM
1066,1,7,4,2,FRDRGQHVL
1074,1,7,1,2,FRKKRLTIM
1077,1,7,2,1,FRMTENVPL
1082,1,7,0,3,FRRRKRMGF
1097,1,7,6,0,FSFGGFTFK
1115,1,7,3,1,FTFDLTALK
1119,1,7,4,2,FTFKVNSVK
1129,1,7,4,0,FTNPLFYHK
1133,1,7,2,2,FTSWGMTLR
1177,1,7,5,2,FVYSVSFHK
1189,1,7,4,1,FYNGSNWCL
1251,1,7,3,3,GINDRNFWR
1271,1,7,3,2,GLHATFMPK
1314,1,7,0,7,GMATGFIGV
1319,1,7,3,0,GMFSWNLAY
1328,1,7,2,1,GMMDGWYGF
1362,1,7,4,0,GQFLSFASL
1430,1,7,6,0,GTFEGWLHR
1431,1,7,5,1,GTFGPVHFR
1432,1,7,3,1,GTFKSVAVK
1437,1,7,5,1,GTHPTTTYK
1438,1,7,4,1,GTIIVHPNK
1439,1,7,7,0,GTKAWVMNR
1441,1,7,4,2,GTLTKGVFK
1443,1,7,6,1,GTMTTSIYK
1449,1,7,6,0,GTVDYYLAR
1451,1,7,6,0,GTYKRVTEK
1452,1,7,6,1,GTYPLTAAR
1454,1,7,5,1,GVALRSTYR
1455,1,7,4,3,GVAMPNLYK
1458,1,7,5,1,GVFAWVARR
1471,1,7,3,1,GVYTGSIGY
1490,1,7,4,2,HAGAKSFYK
1507,1,7,1,3,HFFMKHPNK
1531,1,7,6,0,HLLCQAFSV
1536,1,7,4,1,HLTELYFEK
1544,1,7,3,1,HMNKLPLAK
1577,1,7,1,1,HRQGWARAM
1585,1,7,1,4,HSGFIYFGK
1604,1,7,5,1,HTTELYFER
1612,1,7,4,0,HVLSLVFGK
1644,1,7,6,0,IASPILFPF
1692,1,7,3,2,IILAHFLYK
1696,1,7,6,1,IINAHRIPK
1700,1,7,4,1,IISYFIFNR
1705,1,7,4,1,ILAAWLAPR
1724,1,7,4,1,ILIFLRNFR
1725,1,7,4,3,ILIKCYYMF
1734,1,7,6,1,ILMARYMSK
1751,1,7,2,5,ILSFPYLFK
1771,1,7,2,1,IMLEYPHFK
1836,1,7,4,1,IRMEFQSVF
1846,1,7,5,0,ISAYTHWYY
1862,1,7,4,0,ISNNHIISK
1876,1,7,2,2,ITAALAWSL
1880,1,7,7,0,ITAVNRYFK
1890,1,7,2,2,ITIEDKNLY
1911,1,7,6,1,ITYGACPRY
1912,1,7,5,1,ITYGSVSWR
1913,1,7,7,0,ITYLMNRFK
1926,1,7,5,0,IVKYKQYLK
1932,1,7,6,1,IVYKNCVLR
1934,1,7,0,4,IWARTYFFK
1970,1,7,6,0,KAIIDTAQF
1974,1,7,4,1,KAMSTPFSL
2011,1,7,1,1,KFFMVHSLK
2012,1,7,3,0,KFFPSSSYR
2020,1,7,4,2,KGFFRVFKK
2022,1,7,3,1,KGMKIQHFK
2069,1,7,2,3,KLFDLHGRR
2070,1,7,4,2,KLFFQVIAK
2096,1,7,3,2,KLLKSWVSK
2099,1,7,3,0,KLLPEGYWV
2106,1,7,5,2,KLNKFISPK
2107,1,7,3,2,KLPRMFLPK
2139,1,7,5,1,KLYKMRIPR
2162,1,7,5,2,KMQRMLLEK
2163,1,7,6,0,KMSGKTPAV
2208,1,7,5,2,KQNHMQILK
2254,1,7,6,0,KSAHGSPTF
2279,1,7,5,2,KSMPTSMGK
2296,1,7,2,2,KSYETEYPK
2300,1,7,6,0,KTAPQLNVF
2307,1,7,3,1,KTFDTEYQK
2312,1,7,5,1,KTHESHLVR
2314,1,7,6,0,KTHSFTLGF
2321,1,7,5,1,KTMVAFIRK
2334,1,7,5,1,KTTLFHTFK
2336,1,7,6,1,KTVCVQATK
2355,1,7,6,1,KVFFVNWFR
2356,1,7,2,2,KVFGYDIDR
2359,1,7,5,2,KVGVYKMHK
2361,1,7,6,0,KVHAVLTEK
2367,1,7,6,1,KVLCPYMPK
2371,1,7,6,0,KVMDFGIAR
2373,1,7,6,0,KVNNHLFHR
2381,1,7,5,0,KVVNRWLFR
2398,1,7,2,4,KYLYLWSFK
2414,1,7,3,0,LAIEATLAF
2430,1,7,5,1,LASSSYEQF
2432,1,7,5,1,LAVSAYTPW
2447,1,7,3,3,LEFEALGFL
2468,1,7,0,3,LFFPFGLFK
2479,1,7,6,0,LIAPRGYFK
2501,1,7,6,1,LLFGAYFLR
2520,1,7,4,1,LLLRPFWPA
2521,1,7,4,1,LLLSFTSFR
2539,1,7,7,0,LLWNGPMAV
2544,1,7,7,0,LMAEDLANV
2556,1,7,3,1,LMNDPGAPW
2560,1,7,3,2,LMQGSTLPR
2563,1,7,4,3,LMRGVKWLK
2568,1,7,1,1,LMTHTWHAK
2573,1,7,2,3,LMYPTTLLK
2589,1,7,5,0,LPDGIVTSI
2670,1,7,1,1,LRHSTAHLL
2693,1,7,7,0,LSHCWPWFK
2697,1,7,2,1,LSMFVTNKK
2710,1,7,4,1,LTAHYCFLY
2718,1,7,2,0,LTFLDCLYY
2719,1,7,4,0,LTFLHTLYK
2722,1,7,5,2,LTIPTIMGR
2741,1,7,5,0,LTYRHKVVK
2743,1,7,2,1,LVAPHMAMM
2748,1,7,5,0,LVFTRAICK
2751,1,7,3,1,LVIDNLYGF
2762,1,7,4,1,LYAVTTAVL
2793,1,7,4,0,MAMSNYLLR
2824,1,7,1,5,MFIIKYFKK
2825,1,7,0,1,MFINDVHAL
2826,1,7,4,1,MFKNFPFFK
2831,1,7,1,4,MFVSRVPAK
2834,1,7,6,0,MGFGHRIYK
2835,1,7,2,5,MGFPSLATK
2847,1,7,1,3,MIEPRTLQY
2849,1,7,2,4,MILPMSRAF
2853,1,7,2,1,MIRTWRQNK
2855,1,7,4,1,MIYELCTFR
2856,1,7,4,1,MIYMGLWLK
2860,1,7,7,0,MLAESCDSV
2879,1,7,4,0,MLSHFHMNR
2884,1,7,5,1,MLYDRINLR
2885,1,7,2,5,MLYILGLFK
2886,1,7,3,2,MLYKSSKSR
2895,1,7,4,0,MMHEFFGPR
2908,1,7,0,1,MMWEINGPK
2911,1,7,2,0,MMYTVSLGK
2944,1,7,1,2,MPYAAHDPI
2968,1,7,3,2,MQYMTIQQK
2986,1,7,6,1,MSFSDTFEM
3012,1,7,5,0,MTMFVTASK
3014,1,7,7,0,MTMLIKAFK
3017,1,7,7,0,MTMRRRLFK
3020,1,7,6,0,MTNRQFHQK
3030,1,7,7,0,MTSPYRMNR
3038,1,7,7,0,MTYSHHACR
3039,1,7,4,1,MVAGRTPFK
3047,1,7,1,2,MVFVELPSK
3048,1,7,4,0,MVGIVHFNK
3053,1,7,3,0,MVLASTTAK
3058,1,7,2,4,MVTRFESLK
3059,1,7,2,3,MVVKVNAAL
3088,1,7,1,5,NELQTLPSL
3125,1,7,6,0,NMFTPYIGV
3167,1,7,0,5,NSYTLLLAY
3173,1,7,0,1,NTFAAWLPM
3177,1,7,1,0,NTIRNAASF
3180,1,7,1,1,NTVKSFLNF
3181,1,7,2,1,NVIWVSWGY
3226,1,7,6,0,QAYAAPQLF
3236,1,7,1,2,QFAGGSFDF
3257,1,7,2,1,QLLDFLLAY
3264,1,7,4,1,QLYESRLLR
3298,1,7,2,3,QSYEFLGLK
3309,1,7,6,1,QTYDWTLNR
3341,1,7,2,5,RAFKYPFIK
3343,1,7,5,1,RAFWGQVQK
3350,1,7,7,0,RAMDVYCHR
3414,1,7,0,2,RFLEDYFGV
3415,1,7,2,2,RFLTHYFTK
3431,1,7,5,2,RIDPFRAAK
3434,1,7,5,1,RIGGVLIFR
3437,1,7,5,2,RIKEHMLKK
3447,1,7,5,2,RIYLDRVAK
3465,1,7,3,3,RLASSLYVY
3466,1,7,5,0,RLASTVIYR
3478,1,7,3,2,RLFKHGLKR
3483,1,7,7,0,RLIDFLKDV
3486,1,7,5,0,RLIPIFPFF
3488,1,7,4,2,RLKFSLSYK
3490,1,7,5,0,RLKTATYTF
3493,1,7,5,2,RLLHRTTRK
3500,1,7,6,0,RLMRTNFLI
3502,1,7,4,2,RLNFFTPTK
3506,1,7,5,2,RLNWLTHLK
3512,1,7,7,0,RLREALCAV
3517,1,7,5,2,RLSVKTFVK
3524,1,7,7,0,RLYDYFTRV
3535,1,7,3,2,RMGERQLQK
3540,1,7,3,2,RMKWMMAMR
3634,1,7,3,2,RQLESRLGY
3685,1,7,2,3,RRKWRRWHL
3708,1,7,2,2,RRRRRRAAL
3711,1,7,1,3,RRRWRRLTV
3733,1,7,1,4,RSADGSPPY
3740,1,7,1,3,RSHAAIGAY
3744,1,7,5,2,RSLGLRAEK
3746,1,7,4,2,RSLVCLAPK
3748,1,7,5,2,RSNNKFTLK
3769,1,7,4,1,RTGDIGCFK
3779,1,7,6,1,RTLHPFGCK
3782,1,7,7,0,RTMFLFVFR
3784,1,7,5,1,RTMPASLGK
3789,1,7,4,3,RTRDIYISR
3791,1,7,6,1,RTVQVTLGK
3803,1,7,5,0,RVFGFRTAK
3807,1,7,5,1,RVFTEAMTR
3809,1,7,2,2,RVGIYFGMK
3811,1,7,6,1,RVHGATVFK
3814,1,7,2,3,RVIGYILFF
3815,1,7,4,2,RVIPPSLLR
3817,1,7,6,1,RVISDGYFK
3819,1,7,2,1,RVIYPANQK
3822,1,7,4,2,RVLAIQLKR
3826,1,7,5,1,RVLENTHIF
3828,1,7,4,2,RVLPPFLSR
3833,1,7,5,1,RVPTVFHKK
3847,1,7,6,0,RVSRMRLQR
3850,1,7,5,2,RVTDMAPFK
3857,1,7,5,1,RVYAHDAQK
3861,1,7,4,2,RVYINVVVK
3862,1,7,4,2,RVYKNYDPR
3863,1,7,4,2,RVYLNGIGK
3867,1,7,6,1,RVYPSQVGR
3872,1,7,1,4,RWFFRPLRK
3954,1,7,3,2,SFSYFYPFR
3977,1,7,3,2,SINDPRWGR
3981,1,7,6,0,SIYAGNTPK
3988,1,7,4,1,SLARRHLAR
4021,1,7,6,0,SLMSRVVYK
4022,1,7,1,3,SLNPYYQSY
4043,1,7,3,1,SLYKYLLLR
4052,1,7,6,0,SMIEAESSV
4054,1,7,3,4,SMIYFFHHY
4060,1,7,7,0,SMNPVCLPV
4061,1,7,5,0,SMNYPNSYK
4121,1,7,3,2,SRAGISVVL
4154,1,7,1,2,SSGVFHSYK
4155,1,7,5,1,SSHDLMLLR
4158,1,7,6,0,SSKMFNYFK
4168,1,7,0,3,SSSGMDAYY
4174,1,7,3,2,SSYRMGINK
4183,1,7,4,0,STFTRGAQK
4186,1,7,6,1,STHDLMLLR
4193,1,7,6,0,STMRRMALR
4196,1,7,3,1,STSRSYMSF
4199,1,7,5,0,STYCSTIQK
4206,1,7,5,1,SVAPGTDFR
4212,1,7,5,1,SVFESWLEK
4213,1,7,4,1,SVFHEHIFK
4217,1,7,1,2,SVFTGLLPF
4220,1,7,7,0,SVHYKFVTK
4224,1,7,5,1,SVMAIFYLR
4227,1,7,6,0,SVNNYQASK
4230,1,7,4,1,SVWPYIGAK
4233,1,7,5,1,SVYFWWLNR
4236,1,7,5,1,SVYKIGFAR
4249,1,7,5,1,SYIRYFTVF
4258,1,7,5,0,SYRNFSFSL
4320,1,7,1,2,TLAHTHAAY
4337,1,7,3,1,TLLENLFFK
4339,1,7,3,4,TLLGLILFV
4344,1,7,1,1,TLNRCALLR
4350,1,7,5,0,TLWVDPYEV
4365,1,7,6,0,TMKPHTFNK
4404,1,7,2,0,TQHFGWHAF
4435,1,7,4,2,TTAEFTVPK
4442,1,7,4,2,TTFGRIGVK
4444,1,7,5,0,TTHKVIFSK
4448,1,7,2,2,TTIFFRADK
4450,1,7,0,3,TTILGLLPM
4451,1,7,3,2,TTIPTNLFR
4454,1,7,2,2,TTLRYPIGK
4456,1,7,6,0,TTMGWLFLK
4460,1,7,3,1,TTRAWFDKK
4465,1,7,6,0,TTWNGVHAK
4478,1,7,1,3,TVFYNIPPM
4480,1,7,0,7,TVHDRTPYR
4489,1,7,5,1,TVKRYLQAK
4494,1,7,4,2,TVLPLEFAR
4495,1,7,3,2,TVMDIISRK
4498,1,7,4,0,TVMSSIYGK
4500,1,7,4,0,TVNVILRPK
4560,1,7,3,0,VGYYTFHPK
4591,1,7,4,0,VLIGRRWFR
4632,1,7,4,0,VMAGVFARY
4637,1,7,3,3,VMFRNASEY
4641,1,7,3,1,VMLQIPFYK
4647,1,7,5,1,VMRMGDLHY
4693,1,7,6,1,VQLPQYFTF
4713,1,7,2,2,VSGFISFFK
4722,1,7,2,2,VSMMIAMKK
4724,1,7,5,0,VSNAVRHAK
4743,1,7,5,1,VTFQGKFKK
4744,1,7,3,1,VTFSAGTFK
4764,1,7,6,0,VTYDYIIPK
4770,1,7,6,1,VVFEDGLPR
4771,1,7,6,0,VVHAWVLAR
4775,1,7,6,0,VVMQVKVPK
4790,1,7,0,3,VVYMDMGVR
4798,1,7,6,0,VYMDAVFEY
4810,1,7,5,0,WALDVPMYF
4843,1,7,1,5,WHWSNALLF
4845,1,7,2,3,WILDRLFFK
4857,1,7,4,1,WLIGFDFDV
4882,1,7,3,2,WMNHHAITY
4929,1,7,3,2,WSFYRVVVK
4934,1,7,3,0,WSQNPTMLY
4960,1,7,6,0,YALATQVEF
4969,1,7,4,2,YARNFLIPF
4988,1,7,3,1,YEYQTQVSV
4994,1,7,3,2,YFFVKWIGK
5003,1,7,5,1,YFYYNAFHW
5018,1,7,3,4,YHQRFVQAL
5020,1,7,3,1,YIASIFMPR
5025,1,7,4,1,YIFWIRTPR
5042,1,7,2,1,YIVGYFALM
5048,1,7,3,3,YIYTRSFQM
5062,1,7,6,0,YLAWVPAHV
5086,1,7,6,1,YLISIFLHL
5115,1,7,2,2,YLRKHIRAL
5125,1,7,2,1,YLSPFKLTY
5134,1,7,6,0,YLYFCSSDV
5136,1,7,4,1,YLYNKYSFK
5147,1,7,2,0,YMKFFGNFK
5152,1,7,0,1,YMLMGFQLK
5170,1,7,3,1,YMYQYIQEL
5177,1,7,1,3,YNYSLTLEW
5208,1,7,5,2,YQAYAAPQL
5253,1,7,1,3,YRLPDRPSL
5262,1,7,3,2,YRTATLRTL
5293,1,7,1,1,YSQGAFTPL
5299,1,7,2,3,YTAIGFMRR
5308,1,7,4,0,YTFCRLNVK
5322,1,7,5,1,YTKVVHYRK
5323,1,7,4,3,YTKVVHYRR
5324,1,7,4,3,YTLFVFTNK
5339,1,7,7,0,YTWNGTQWV
5341,1,7,5,1,YTYDLAEYR
5350,1,7,2,1,YVFYDGPPF
5359,1,7,4,3,YVMLTFVAR
5362,1,7,5,0,YVRTNGASY
5368,1,7,1,2,YWARATVEL
5375,1,7,4,1,YYFSYPLFV
784,3,6,4,2,FCIKVLCPY;FCIKVLNPY;FCVKVLAPY
2092,3,6,6,0,KLKLKGTTY;KLKSVGKAY;RLKPVGSAY
2230,3,6,0,3,KRRGGIGGY;KRKGGIGEY;KRKGGIGGY
3224,3,6,4,1,QARGHVVAM;QARQMVQAM;QARRMVQAM
3070,2,6,3,1,WYMWLGARY;MYMWLGARY
3145,2,6,4,1,NQFGTMPSL;NQFGSVPAL
3212,2,6,2,1,PTAIYTLEY;PTTTYTLEY
3989,2,6,4,0,TLASIGTAF;SLASIGTSF
20,1,6,2,2,AAYVLPLHR
33,1,6,3,1,AEHFENQVL
73,1,6,2,3,AFYWHFIFR
80,1,6,3,1,AIARGFHFY
190,1,6,2,3,AMRWGHLPL
249,1,6,4,0,AQIGIFAPV
250,1,6,3,2,AQIGVIGVF
292,1,6,4,0,ASSAFSGLF
300,1,6,3,1,ASYRLCLYR
317,1,6,3,2,ATIWQLLAF
325,1,6,3,1,ATNNLGFMY
331,1,6,3,0,ATQPVHWFL
333,1,6,2,1,ATSGYRIAY
352,1,6,5,0,AVFEIFFRK
391,1,6,3,0,AYFATPASV
393,1,6,5,1,AYGENFEFW
395,1,6,5,0,AYINWGFGI
399,1,6,5,0,AYQPTRWFI
404,1,6,2,1,AYYKPYVQL
413,1,6,2,1,CEWPLTHTI
456,1,6,1,1,CVNDGGLFY
461,1,6,4,0,CYSRPLVSF
480,1,6,3,0,DIAEHGAYY
495,1,6,0,0,DLVKMMISY
501,1,6,3,2,DMYFCHFYK
509,1,6,1,3,DSIMLTATF
511,1,6,1,0,DTACLAKSY
512,1,6,3,1,DTAKAFAYL
516,1,6,4,1,DTIKTLPPI
517,1,6,3,0,DTITNVTTM
518,1,6,5,0,DTIYPTAIY
519,1,6,3,3,DTLKVCIGY
522,1,6,5,0,DTRGIFSAY
523,1,6,3,3,DTTTDISKY
526,1,6,4,0,DTVNRTHQY
532,1,6,2,0,DVSEWDAVY
533,1,6,2,1,DVSPILEAY
534,1,6,2,2,DVSPLMHLF
535,1,6,3,0,DVVPMVTQM
559,1,6,2,2,EEMPLVWDL
560,1,6,2,1,EEQQSMLAL
567,1,6,0,3,EFIYWDWLY
579,1,6,3,0,EIAQHGAWY
584,1,6,2,2,EIIELTRTL
587,1,6,3,2,EIINNITAV
588,1,6,4,1,EIIPKIKAY
590,1,6,5,0,EIKDRILSY
594,1,6,2,0,EIPDVLNSL
595,1,6,1,4,EIPGSPGSY
596,1,6,1,1,EIPQFMIGL
599,1,6,6,0,EISSIISLM
600,1,6,3,1,EIVAEYITY
602,1,6,0,4,EIYRTLYGL
613,1,6,4,0,ELIEAITGL
616,1,6,2,2,ELILDRGYY
634,1,6,2,1,ELYPTVNTY
667,1,6,2,2,ESAERLKAY
670,1,6,2,0,ESFDLAGLF
677,1,6,2,1,ESTINLLPY
680,1,6,1,1,ETAEAMHAS
682,1,6,4,1,ETATSLAHV
693,1,6,4,0,ETIEILRNY
695,1,6,3,2,ETIVLLRAF
697,1,6,4,0,ETKKRMDYF
702,1,6,2,1,ETNDLVTNV
706,1,6,5,0,ETRSFTTHF
711,1,6,3,0,ETVEWALKF
718,1,6,5,0,EVAGAGSGF
720,1,6,4,0,EVATRFNTM
721,1,6,5,1,EVCQATSQY
724,1,6,4,1,EVFEIIRSY
725,1,6,6,0,EVFFGLSRY
729,1,6,5,0,EVHYSGINY
732,1,6,4,1,EVIPMFSAL
736,1,6,3,1,EVLKAMSLY
738,1,6,6,0,EVMTAVGLM
739,1,6,5,0,EVNAHIHTM
741,1,6,4,1,EVPAQYLTY
742,1,6,4,0,EVREFLGSY
747,1,6,4,1,EVVGSYIRY
748,1,6,3,1,EVVPGDYPM
749,1,6,5,0,EVVQFMNSM
775,1,6,4,0,FAMTVPLLI
846,1,6,3,2,FIFFFLFNI
869,1,6,6,0,FLAAECPFL
903,1,6,3,2,FLKNRFEAL
932,1,6,0,2,FLRGRAYGL
967,1,6,1,2,FMKSRVYSI
968,1,6,2,2,FMKVKFEAL
1038,1,6,3,1,FQAQNIAGL
1055,1,6,2,1,FQTLTSCTF
1063,1,6,4,2,FRAPNTREL
1095,1,6,5,0,FSFFMNENF
1098,1,6,2,4,FSIMIYFTF
1106,1,6,2,0,FSYNVAYAI
1109,1,6,6,0,FTAYYLILA
1142,1,6,1,0,FVAAGAFHM
1145,1,6,5,0,FVADYLARF
1170,1,6,1,3,FVRNPFFAV
1181,1,6,6,0,FYFNWNTPI
1184,1,6,4,1,FYIPLMTRL
1193,1,6,4,1,FYPPVLQPI
1195,1,6,2,0,FYRNISDPL
1237,1,6,4,2,GFYLSGHLF
1265,1,6,3,1,GLFNYFFGK
1294,1,6,1,3,GLRWHVRAF
1329,1,6,3,1,GMMGGLWKY
1331,1,6,5,1,GMNDHNFFV
1428,1,6,4,2,GTFDLGGLY
1429,1,6,5,0,GTFEFTSFF
1442,1,6,4,1,GTMHQEIFR
1477,1,6,3,1,GYAWIDFDI
1481,1,6,1,2,GYLEGTRTL
1484,1,6,1,3,GYQHKTLAI
1508,1,6,1,2,HFKKRFSTL
1543,1,6,3,0,HMMKRMSYR
1569,1,6,2,2,HQFTSNPEV
1589,1,6,4,1,HSNSEYLMF
1596,1,6,4,0,HTFTAPIAK
1599,1,6,3,0,HTLESPVEF
1605,1,6,1,1,HTTKGAALM
1606,1,6,3,0,HTVGLGQGY
1607,1,6,0,0,HVAAFSSLI
1608,1,6,5,0,HVCYFSHPY
1617,1,6,5,1,HWLKVWFEW
1618,1,6,5,0,HWMDATFNI
1619,1,6,5,0,HYANFHNYF
1620,1,6,0,2,HYDAPVFPI
1622,1,6,5,1,HYMLKHLVW
1624,1,6,4,1,HYQTLCTNF
1627,1,6,5,0,IAASNLEQF
1641,1,6,2,2,IARISALGF
1672,1,6,4,1,IFISANNQW
1673,1,6,4,0,IFIYSFFTW
1676,1,6,5,1,IFPSMYFLM
1677,1,6,5,1,IFQKISFFW
1762,1,6,1,2,IMANRAQVL
1774,1,6,4,2,IMPRDSWLI
1792,1,6,1,2,IPKRNRSIL
1856,1,6,6,0,ISIPRSVGF
1859,1,6,6,0,ISLICGHSY
1864,1,6,5,1,ISPRNYFTF
1869,1,6,3,0,ISTHIGFSF
1881,1,6,2,3,ITCVVIPSK
1901,1,6,4,1,ITQNNCYSF
1919,1,6,5,1,IVFAFHFYR
1935,1,6,4,0,IWATVVPNF
1937,1,6,4,1,IWGGTSFLF
1938,1,6,5,0,IWIKLSYLW
1939,1,6,5,0,IYAAISYMI
1940,1,6,4,1,IYASRPLDF
1941,1,6,4,2,IYAYADDYW
1942,1,6,4,0,IYCGFKFAW
1948,1,6,5,0,IYLNEVNTF
1949,1,6,6,0,IYLPIVHPF
1950,1,6,5,0,IYLRRYFEI
1951,1,6,4,1,IYNTVVLTI
1952,1,6,5,1,IYPEWYFLW
1953,1,6,4,1,IYPFHVQKI
1954,1,6,4,0,IYPGVNHGF
1958,1,6,5,0,IYTVIYYIF
1961,1,6,5,1,IYYWTAWLI
1962,1,6,5,0,KAAETYHVF
1983,1,6,4,0,KAWGKSIIF
1985,1,6,2,4,KAWSEGLAM
1988,1,6,5,0,KAYSEAETF
2009,1,6,2,3,KEVSGVKGF
2014,1,6,3,1,KFIILLTSF
2015,1,6,5,0,KFITHPFLW
2016,1,6,3,0,KFLDWMIFI
2017,1,6,0,0,KFRRFTQAI
2018,1,6,2,1,KFVAGAMNI
2029,1,6,5,1,KICMQHFLK
2043,1,6,5,1,KIMDYGKYK
2044,1,6,5,1,KIMKVVNRW
2050,1,6,4,2,KIRLGFHWK
2186,1,6,4,0,KPTHISYVM
2221,1,6,3,2,KREEHYIVL
2252,1,6,4,0,KSAAIDGEY
2256,1,6,4,0,KSAQFPFHF
2263,1,6,3,3,KSFFLMSAM
2271,1,6,6,0,KSIPADLVF
2277,1,6,5,0,KSLTTTMQF
2282,1,6,3,0,KSNRIPFLY
2297,1,6,6,0,KSYQIDLDF
2313,1,6,5,0,KTHIHIFSF
2316,1,6,6,0,KTINALVYF
2338,1,6,4,0,KTVRYWHRF
2342,1,6,4,1,KTYAPLAFR
2347,1,6,3,0,KVARSLLDY
2348,1,6,5,1,KVATIFTSR
2369,1,6,4,1,KVLSHGWAY
2380,1,6,2,2,KVVNPLFEK
2382,1,6,4,1,KVYKTYFEK
2386,1,6,2,1,KWGKKIILF
2388,1,6,4,0,KWYKYPWRF
2389,1,6,4,0,KYAEAFQMV
2390,1,6,5,0,KYAKFFQNF
2392,1,6,5,1,KYFIPVIEI
2395,1,6,5,0,KYLFSPNML
2396,1,6,6,0,KYLLNVSYL
2401,1,6,5,0,KYNSHHFTF
2402,1,6,5,1,KYQSPVNIF
2403,1,6,5,0,KYTHFFSGF
2404,1,6,5,0,KYYIYRLYF
2406,1,6,4,0,KYYNDILKL
2429,1,6,4,0,LASIAGHHF
2458,1,6,3,2,LESAIGLPM
2470,1,6,4,2,LFLSFCSLF
2535,1,6,0,1,LLRRRPYPL
2565,1,6,1,2,LMSGKDVFY
2606,1,6,3,0,LPLNRAYPL
2646,1,6,3,1,LQALSNLIL
2700,1,6,5,0,LSNFMLWQF
2737,1,6,1,2,LTVKHMANV
2747,1,6,3,2,LVFLGPGLY
2760,1,6,4,0,LWFRNHFVF
2764,1,6,4,1,LYDAVAALF
2767,1,6,4,2,LYGLITEQF
2769,1,6,4,1,LYIEILRLL
2770,1,6,4,2,LYILGLFKF
2771,1,6,4,1,LYKSGLFQF
2776,1,6,5,1,LYQKNIEHF
2778,1,6,3,1,LYSFALMLI
2779,1,6,5,0,LYSRSFWFF
2781,1,6,4,0,LYVAGVPEL
2786,1,6,2,1,MAGCGYLMF
2787,1,6,4,0,MALATGLWW
2788,1,6,3,3,MALVAFLRF
2817,1,6,4,2,MEVGNTVAF
2830,1,6,4,1,MFVSNRWFL
2832,1,6,1,1,MFWKLPPWL
2863,1,6,3,0,MLASIDLKY
2960,1,6,4,1,MQLSRLTLR
2990,1,6,3,1,MSNPLTSPI
3003,1,6,4,2,MTDAIRTLK
3004,1,6,3,0,MTDKICWLY
3009,1,6,2,1,MTGGVTLVR
3016,1,6,6,0,MTMPLSCTK
3034,1,6,5,0,MTTTANWLW
3035,1,6,1,4,MTVDEVEDY
3066,1,6,4,1,MYIFLPVML
3073,1,6,4,1,MYTRNLLWL
3074,1,6,4,0,MYYPAQLYL
3081,1,6,2,2,NEALAAAGL
3100,1,6,4,1,NFWLNTLLF
3146,1,6,1,4,NQLYLTVSF
3184,1,6,1,3,NVTEDLASM
3185,1,6,6,0,NYFNRMFHF
3189,1,6,4,1,NYNGLLSSI
3190,1,6,4,1,NYPASLHKF
3191,1,6,4,0,NYYAPRIQF
3218,1,6,4,1,PYMSALFWI
3219,1,6,4,1,PYPYLFYKF
3232,1,6,2,2,QEPGIFCAI
3237,1,6,4,2,QFLSFASLF
3238,1,6,2,1,QFMEGIYKL
3266,1,6,2,3,QMKRRILSF
3319,1,6,3,3,QVVEHLNRM
3321,1,6,4,0,QWALLPYLF
3323,1,6,4,2,QYDPVAALF
3327,1,6,5,0,QYQNEINYL
3328,1,6,4,2,QYQYLSILF
3332,1,6,5,1,QYTRNSFYI
3333,1,6,6,0,RAAEMDYIM
3340,1,6,5,0,RAFGRDWRY
3349,1,6,5,0,RAMDTYHRW
3365,1,6,2,2,RAVGLSTSF
3380,1,6,3,2,RECGARVIL
3386,1,6,2,3,REIGDISYL
3399,1,6,2,0,RENGGYWLL
3404,1,6,2,3,RESFGVESF
3408,1,6,2,1,REVLNVRYM
3416,1,6,4,1,RFNNLTVYF
3418,1,6,4,1,RFTPVKHEL
3448,1,6,2,2,RIYRKGNPL
3469,1,6,4,1,RLAVENLLY
3477,1,6,5,0,RLFFKCIYR
3626,1,6,2,3,RQFVSNNGK
3705,1,6,1,1,RRRLRTLVL
3738,1,6,5,0,RSFRIHILF
3741,1,6,4,0,RSIPVNEAL
3758,1,6,5,0,RSYMSFWCK
3776,1,6,4,0,RTLDTLALY
3802,1,6,3,1,RVFDKADGK
3871,1,6,1,1,RWFDNNHDL
3874,1,6,5,0,RWLPLVSLF
3875,1,6,5,0,RYAYTSVEF
3877,1,6,2,2,RYEFTAPFI
3878,1,6,4,0,RYFSVTRPL
3879,1,6,5,0,RYFTVAFLF
3882,1,6,6,0,RYKSRCYIF
3883,1,6,5,0,RYLNIYQLW
3884,1,6,5,1,RYLVKTESW
3886,1,6,5,0,RYMRVYNLW
3887,1,6,6,0,RYMSKTYNF
3888,1,6,5,0,RYMYIYLFI
3889,1,6,4,0,RYNCKCCWF
3891,1,6,5,0,RYPGVMYAF
3892,1,6,4,2,RYPIDPFLL
3893,1,6,5,0,RYPRSVLTF
3894,1,6,5,1,RYQAQQVEW
3896,1,6,3,0,RYRQVLSPL
3897,1,6,2,0,RYRRLIQIL
3900,1,6,6,0,RYSNFAWYF
3901,1,6,5,0,RYTRRISLF
3902,1,6,5,0,RYVGLYLPF
3904,1,6,5,0,RYWYFAAEL
3905,1,6,5,0,RYYLSFFHI
3909,1,6,4,0,SAIENYETF
3913,1,6,1,3,SARRRHLVF
3925,1,6,3,0,SEFWLNYTA
3926,1,6,4,0,SEHFSLLFL
3938,1,6,3,2,SEQGEFKLL
3952,1,6,4,1,SFMQEIPTF
3953,1,6,5,0,SFSFGGFTF
3956,1,6,2,1,SFYVNRGFK
4002,1,6,2,1,SLFTEQAFY
4006,1,6,2,2,SLHYFTSKY
4007,1,6,2,1,SLICGAALY
4045,1,6,3,2,SLYPPCLFK
4108,1,6,2,3,SQIRRFNLR
4115,1,6,2,0,SQQPVQMLY
4153,1,6,1,0,SSEQTFMYY
4160,1,6,1,2,SSMNSDAAY
4172,1,6,1,0,SSWNSAHEK
4181,1,6,5,0,STFDLYVYR
4200,1,6,2,0,STYQPLPLY
4216,1,6,1,2,SVFSRPLPL
4225,1,6,3,0,SVMPAWQEK
4229,1,6,5,1,SVQWFRLPR
4234,1,6,0,3,SVYGLMGFH
4235,1,6,2,0,SVYGLMGFK
4240,1,6,4,0,SWLYNYFVF
4243,1,6,2,1,SYFPDSNNV
4244,1,6,3,0,SYGCPTNPF
4245,1,6,0,1,SYGFRLGFL
4247,1,6,5,0,SYHDRRWCF
4248,1,6,5,0,SYINRTGTF
4252,1,6,4,0,SYLQAIGIL
4254,1,6,5,0,SYLTVHQMI
4255,1,6,6,0,SYMSTFPLF
4259,1,6,4,1,SYSTPALTL
4261,1,6,2,2,SYVFNFHKY
4285,1,6,4,0,TFAWASFLW
4307,1,6,1,1,TIINSSLHY
4338,1,6,2,1,TLLESFLFY
4434,1,6,2,0,TTADHMHML
4436,1,6,2,0,TTAKAMEQM
4459,1,6,3,0,TTPAVISGF
4464,1,6,1,2,TTVDHMAII
4468,1,6,3,0,TVAEHFHWM
4488,1,6,2,2,TVIYRGTTF
4499,1,6,6,0,TVNPIVTEK
4504,1,6,0,0,TVVPLMAFL
4505,1,6,3,1,TVWNRLIAR
4510,1,6,1,2,TWIRIWSVL
4512,1,6,4,1,TYFEEPAAF
4517,1,6,5,1,TYLALMATF
4518,1,6,4,0,TYLQSLASL
4519,1,6,4,1,TYLSSSLFL
4520,1,6,5,0,TYLYNKYSF
4521,1,6,1,2,TYMFTHIDL
4522,1,6,5,0,TYQVYRYII
4539,1,6,4,2,VEIGLGMPF
4543,1,6,1,1,VEKWLACGV
4553,1,6,0,2,VFFKQWFEK
4557,1,6,5,0,VFSPFGYSF
4570,1,6,3,1,VIWAASGFY
4602,1,6,3,1,VLNGAPYSY
4604,1,6,5,0,VLNHYTPEY
4646,1,6,4,0,VMPLLVWLF
4721,1,6,2,1,VSMDQLASY
4734,1,6,3,1,VSWKPWSSK
4737,1,6,2,2,VTDPGGLYY
4742,1,6,3,0,VTFGARASF
4751,1,6,1,2,VTLFSNLGY
4753,1,6,3,3,VTLTHPITK
4773,1,6,4,1,VVLDLFARK
4787,1,6,2,2,VVYIILAPK
4794,1,6,4,1,VYAPAGVEL
4796,1,6,4,1,VYFVLTDRF
4799,1,6,5,0,VYQRGTHPF
4802,1,6,4,1,VYTNAIQYV
4804,1,6,2,1,VYYIVVRDF
4816,1,6,3,0,WASIVPHTW
4825,1,6,2,2,WEKAWPAVF
4833,1,6,2,1,WFMTWQPNI
4837,1,6,3,1,WFSSGLWPF
4846,1,6,1,4,WILTHTLYR
4875,1,6,3,1,WMIHTLEAL
4876,1,6,3,2,WMIKETACL
4884,1,6,1,4,WMRGRGRAL
4886,1,6,2,1,WMSNGTWNY
4948,1,6,4,1,WYAPVALLF
4982,1,6,2,2,YEKKLALYL
4984,1,6,2,2,YERGNIIIF
4989,1,6,2,3,YEYVLIGIL
5035,1,6,2,0,YINMAWNLV
5038,1,6,3,0,YISPIFIPM
5083,1,6,6,0,YLINGRIPV
5105,1,6,2,2,YLNKIQNSL
5111,1,6,2,2,YLQAKSQVL
5130,1,6,2,2,YLWFKRHVY
5160,1,6,4,1,YMRERLSDF
5163,1,6,2,2,YMSPHHKKL
5165,1,6,0,1,YMWECPDFF
5217,1,6,3,2,YQHLHTAPK
5240,1,6,1,3,YREAGIPVL
5251,1,6,1,0,YRKPSGGVF
5266,1,6,3,0,YRWVNLASF
5281,1,6,2,1,YSGNIVHRY
5295,1,6,3,0,YSRPWNWTF
5297,1,6,2,1,YSSPHLLRY
5327,1,6,0,2,YTLNNGVAM
5353,1,6,0,6,YVILVGAAF
5367,1,6,3,1,YVYPDNLPR
5370,1,6,4,1,YWLNTPFLV
5371,1,6,4,1,YWMGGTTYF
5372,1,6,4,2,YWPTEGYEF
5374,1,6,4,1,YYFQSGNEI
5377,1,6,5,0,YYGRWVHEF
5378,1,6,4,0,YYHDYFNLI
5379,1,6,5,1,YYIIETEHL
5380,1,6,4,1,YYKDDISYF
5382,1,6,4,0,YYLEKANKI
5384,1,6,5,1,YYLLFYPTI
5386,1,6,1,1,YYQIRDMPW
5388,1,6,6,0,YYSNKVFPI
5390,1,6,4,1,YYVMGGAFL
5391,1,6,4,1,YYVWMVQFF
4037,4,5,4,0,SMVNGVIKI;SLVNGVVRL;SMVNGVVRL;SMVNGVVKL
868,2,5,2,1,FLARSALIL;FLAADALVL
1323,2,5,2,1,GMIAGWHGY;GMIDGWYGY
1588,2,5,2,0,HSNLNDATY;HSNLNDTTY
1637,2,5,4,0,IATESIVIW;IAMESIVIW
1918,2,5,1,4,IVDCLTEMY;IVDSLTEMY
5254,2,5,3,2,YRLRGEARK;YRLRGEERK
2,1,5,3,0,AAAAPYAGW
11,1,5,0,4,AANMYIYPL
19,1,5,1,3,AATIRVLAL
21,1,5,3,1,AEAAGCSMI
25,1,5,4,0,AEFGPWQTV
26,1,5,2,1,AEFPVGSTA
27,1,5,5,0,AEFVFSCGI
28,1,5,0,0,AEFWDVFLS
30,1,5,2,2,AEGTGITHL
31,1,5,4,0,AEGVVAFLI
32,1,5,4,0,AEHDPWWAV
34,1,5,3,0,AEIEDLIFL
36,1,5,3,1,AEILSGRVI
40,1,5,2,1,AELRHLNPL
41,1,5,3,1,AELRLVHEL
45,1,5,3,0,AEMQNPVYL
46,1,5,3,0,AEMRAYHGF
48,1,5,4,0,AENCYNLEI
49,1,5,1,1,AENGWGFYF
50,1,5,3,0,AENHFLVGL
52,1,5,3,1,AEQIVLGVI
54,1,5,2,0,AESICSYWL
57,1,5,4,1,AETLMAQPF
58,1,5,4,0,AEVCAHHLF
59,1,5,3,1,AEVEEHRTV
61,1,5,2,1,AEVRLATML
72,1,5,1,2,AFYLWIVGF
92,1,5,2,1,AISAQVAAY
172,1,5,4,1,AMFEEQNQW
179,1,5,1,3,AMKDRFQPL
213,1,5,1,2,APFARLLNL
275,1,5,2,0,ARWLFPVYL
284,1,5,5,0,ASHFISNSW
293,1,5,4,0,ASSALDAHF
297,1,5,1,4,ASWMALGVY
304,1,5,4,0,ATAVNQECW
306,1,5,2,1,ATDFKFAMY
318,1,5,5,0,ATKDGSHYK
335,1,5,3,1,ATTFARFLY
366,1,5,1,1,AVNPGGNIY
387,1,5,4,0,AYAGLFTPL
388,1,5,4,0,AYAQKIFKI
389,1,5,2,2,AYARNLDTL
394,1,5,5,0,AYGSRFHEW
398,1,5,5,0,AYPKWKFFL
402,1,5,4,0,AYSSWMYSY
405,1,5,4,0,AYYWNQNGF
408,1,5,0,3,CARRRLRTL
415,1,5,2,1,CFWYIPPSL
440,1,5,0,3,CRTAFKPVL
446,1,5,4,0,CSTLPFHTW
457,1,5,3,1,CYIENPRTL
470,1,5,2,2,DEMVCKWLL
482,1,5,1,2,DIIKILDKY
493,1,5,1,3,DLMLLSYSL
496,1,5,1,1,DLYDMIHNV
499,1,5,1,2,DMRKRIEAF
510,1,5,0,4,DSPATLSAY
513,1,5,3,0,DTAKPTSVY
524,1,5,1,1,DTVHDRTPY
539,1,5,3,1,DYLTTYFTW
550,1,5,3,1,EEAKLFFQV
555,1,5,2,3,EEFFCVHGM
566,1,5,0,2,EFFGWAEGY
575,1,5,2,2,EHAGVISVL
581,1,5,1,2,EIASPVLVM
592,1,5,2,1,EINAFVAGM
605,1,5,1,1,ELACAVPFY
609,1,5,1,0,ELFPGHPVY
612,1,5,3,1,ELHNGFTGY
615,1,5,4,0,ELIKELPGY
626,1,5,2,2,ELRRRLPLF
630,1,5,0,3,ELVDTTEMY
638,1,5,0,3,EMKEAFHGL
642,1,5,0,2,EMSLADYLY
671,1,5,3,0,ESIDNVMGM
672,1,5,4,0,ESIGYYNPM
673,1,5,4,0,ESLLHQASW
678,1,5,1,2,ESWIVDRQW
689,1,5,2,0,ETFRLLRSF
690,1,5,4,0,ETHDRGFAM
691,1,5,5,0,ETIDRFNNY
696,1,5,3,1,ETKKQVNLM
698,1,5,4,0,ETKKTMLAL
699,1,5,1,3,ETLDVFGPI
701,1,5,3,1,ETMKPAAMV
703,1,5,2,2,ETPAWLEQM
705,1,5,2,1,ETQTGMHAH
709,1,5,3,0,ETTQALQLF
712,1,5,1,3,ETVFIRYPS
714,1,5,2,0,ETVWPFFYA
717,1,5,3,1,EVAEKDAMY
719,1,5,4,0,EVAPHPVYY
726,1,5,3,0,EVFNETGWM
727,1,5,4,0,EVFTTMASV
731,1,5,1,0,EVIKYGIIY
733,1,5,3,0,EVIPYTPAM
734,1,5,1,1,EVIRATYPS
735,1,5,2,1,EVIRMMESA
750,1,5,2,3,EYADVFHLY
757,1,5,4,1,EYLRIPLTI
767,1,5,4,0,FAFHTVFHI
789,1,5,3,2,FEANALSVI
792,1,5,2,3,FEGIAVLGL
794,1,5,0,2,FEKEGYSLV
795,1,5,2,2,FENDIDEIL
796,1,5,3,1,FENNQITTI
798,1,5,1,2,FEPPHAATI
799,1,5,2,2,FERGVINVF
801,1,5,1,2,FETEPGRQM
805,1,5,0,2,FFKCIYRLF
814,1,5,2,3,FGKWRPVQL
834,1,5,1,3,FHMDPSGTF
847,1,5,0,2,FIFLKKNEL
870,1,5,1,2,FLADKKMTL
878,1,5,2,0,FLDESFPRY
933,1,5,2,2,FLRKNQRAL
937,1,5,3,1,FLSHKIHVI
974,1,5,2,3,FMRERQLPQ
977,1,5,2,0,FMSRKLHRY
1041,1,5,1,1,FQHERLGQF
1054,1,5,1,0,FQTLMHSPF
1072,1,5,0,1,FRKAQIQGL
1113,1,5,2,0,FTENGPWMY
1118,1,5,1,2,FTFEWNGRI
1128,1,5,2,1,FTNLLCHIY
1140,1,5,0,5,FTYDNLPEF
1185,1,5,2,1,FYIQMCTEL
1190,1,5,3,1,FYNIPPMPL
1194,1,5,4,1,FYQIFPHSL
1205,1,5,2,3,GEDGCWYGM
1206,1,5,1,1,GEDPGFFNV
1207,1,5,2,3,GEEFFHQYL
1216,1,5,2,3,GEIGIRNWL
1219,1,5,3,0,GEIVLCHVL
1220,1,5,2,2,GEIYKRWII
1222,1,5,2,1,GELIFSHNL
1228,1,5,1,3,GEVGLDLTV
1229,1,5,2,0,GEYAPFARL
1230,1,5,1,3,GEYRSGNNL
1288,1,5,2,1,GLNWVFSYY
1311,1,5,1,1,GLYRLNFRR
1316,1,5,2,1,GMFANRWII
1366,1,5,2,1,GQMYNMNTL
1377,1,5,1,2,GRDHVRVTL
1395,1,5,0,2,GRQEKNPAL
1412,1,5,4,0,GSFKEYVFW
1420,1,5,4,0,GSYFSGFYK
1453,1,5,3,0,GTYVVESVF
1466,1,5,3,1,GVNFNLYYY
1472,1,5,2,1,GWALGYLYF
1476,1,5,2,2,GYAGTLQSL
1483,1,5,3,2,GYLNACGHF
1496,1,5,2,2,HEGDIVPLF
1500,1,5,2,2,HENARLRAL
1501,1,5,2,3,HERPVILSL
1503,1,5,3,2,HESSVSWMF
1504,1,5,4,0,HEVNGTWMI
1505,1,5,3,2,HEWKIPLLI
1516,1,5,1,2,HIRLHQQAL
1518,1,5,3,2,HIVYAVPLM
1523,1,5,1,2,HLDELTTTL
1530,1,5,1,1,HLKRTILAL
1591,1,5,4,0,HSSVAGGLW
1592,1,5,3,0,HSYLWDHQM
1600,1,5,4,1,HTQAIEGAW
1615,1,5,2,1,HVVNYNGLL
1625,1,5,0,2,HYYMINNGI
1631,1,5,4,0,IAIEFKSRF
1633,1,5,3,0,IAKGIDAEF
1638,1,5,5,0,IANTTDHFF
1642,1,5,3,1,IASLTGWQW
1646,1,5,1,0,IATATWFQY
1654,1,5,2,1,IEADIEHFL
1660,1,5,2,2,IEFIEVVRL
1661,1,5,3,1,IEHALAHQL
1663,1,5,3,2,IELDGIATL
1666,1,5,1,2,IENIDFASL
1669,1,5,3,2,IEVKFHPIL
1670,1,5,1,2,IEVTNATEL
1674,1,5,4,1,IFLARSALI
1687,1,5,2,3,IIAARNIVR
1702,1,5,2,0,IIYERDFSY
1703,1,5,1,0,IIYYQLAGY
1729,1,5,2,2,ILLARLFLY
1737,1,5,1,2,ILMRHLKNL
1748,1,5,3,1,ILRPLGIEY
1758,1,5,2,0,ILYDTGSSW
1764,1,5,2,2,IMDASSFTL
1853,1,5,5,0,ISGKSTDMW
1858,1,5,5,0,ISLEAGQRF
1863,1,5,3,1,ISNQIWLFR
1866,1,5,5,0,ISRQIHWCW
1871,1,5,4,0,ISVQPLWEW
1873,1,5,3,2,ISYIMLIFF
1874,1,5,4,0,ISYTYNDNW
1878,1,5,4,0,ITAHLKRLW
1883,1,5,5,0,ITDITSPLW
1888,1,5,4,0,ITGLPPTEW
1891,1,5,4,0,ITIPIGLYL
1893,1,5,5,0,ITLFPSYQL
1898,1,5,5,0,ITNPFFYQM
1906,1,5,3,0,ITTEQYAWF
1907,1,5,1,1,ITTFFTFAY
1909,1,5,5,0,ITWETPMIW
1910,1,5,4,0,ITWPRTRHW
1959,1,5,2,2,IYVGNGQMI
1960,1,5,3,2,IYWLIFWRF
1966,1,5,5,0,KACPPGFVF
1971,1,5,2,1,KAKGSRAIW
1972,1,5,5,0,KALIATATW
1978,1,5,4,0,KAVEKGKNW
1982,1,5,3,0,KAVYNFATM
1984,1,5,4,0,KAWLVHRQW
1987,1,5,3,1,KAYKIISLK
1992,1,5,2,3,KEAVNHFHL
1999,1,5,2,1,KEISNQEPL
2194,1,5,3,1,KQFDTYNLW
2199,1,5,1,2,KQIVIINPM
2253,1,5,5,0,KSAFYQSYL
2255,1,5,4,0,KSALNDFDF
2257,1,5,5,0,KSAQVPLPL
2264,1,5,4,0,KSFGRISVL
2266,1,5,4,0,KSFLVHREW
2267,1,5,4,0,KSFLWTQSL
2269,1,5,4,0,KSFSTHHHM
2270,1,5,5,0,KSHNVSLIW
2273,1,5,4,0,KSLAVEPRF
2274,1,5,5,0,KSLDNYQEW
2275,1,5,4,0,KSLGIDQIW
2276,1,5,3,1,KSLIISFAF
2285,1,5,5,0,KSRRFTVRF
2287,1,5,4,1,KSTDSESDW
2288,1,5,5,0,KSTSPTRTW
2289,1,5,4,1,KSVGVERTM
2290,1,5,5,0,KSVTKSSSW
2292,1,5,4,0,KSWPAAIDW
2317,1,5,5,0,KTIQGGLGW
2322,1,5,5,0,KTNDFAPAW
2330,1,5,5,0,KTTFKPNTW
2331,1,5,4,0,KTTIKFHPW
2332,1,5,4,0,KTTKHDQGF
2343,1,5,4,0,KTYYHHTGY
2350,1,5,3,2,KVCRTLLAK
2377,1,5,4,0,KVSENQLFY
2397,1,5,4,1,KYLPNGDYI
2400,1,5,3,1,KYNKANVFL
2419,1,5,4,0,LAMITMHSW
2423,1,5,3,2,LANWCLLNY
2427,1,5,4,0,LASAMRMLW
2431,1,5,5,0,LAVFPAMFW
2433,1,5,5,0,LAWQRTLKW
2439,1,5,3,1,LEALSPPLL
2441,1,5,2,2,LEDGIYGIF
2443,1,5,2,2,LEEDIQHFL
2445,1,5,3,0,LEEIGILLL
2451,1,5,3,2,LELAFSGVL
2455,1,5,3,2,LENIIVPGL
2463,1,5,2,3,LEVPAMGVL
2464,1,5,3,1,LEVSFGSVI
2465,1,5,4,1,LEYDGFADF
2466,1,5,3,2,LEYGANYFL
2534,1,5,1,2,LLRQHWLSL
2540,1,5,0,2,LLWYRRGTF
2545,1,5,4,0,LMAFSTGPF
2570,1,5,2,2,LMWASSGFF
2671,1,5,1,1,LRKERLAKL
2674,1,5,0,3,LRQWAPATM
2698,1,5,4,0,LSNAGSNNW
2704,1,5,4,0,LSSLVSKHW
2713,1,5,4,1,LTDNGYLLY
2727,1,5,3,0,LTMDREMLY
2728,1,5,5,0,LTMVAGAVW
2746,1,5,2,2,LVFLDTINR
2758,1,5,3,0,LVSSSAPSW
2761,1,5,3,1,LWMRLLPLL
2773,1,5,4,1,LYLYVPFLW
2775,1,5,4,0,LYPTFYCLF
2777,1,5,2,2,LYQPPQTSI
2802,1,5,3,0,MAVTAAPYI
2808,1,5,2,0,MEDNFSIYI
2812,1,5,0,1,MEFWLVAAL
2813,1,5,1,2,MEGLKLLSL
2814,1,5,3,1,MENLMYALL
2815,1,5,2,2,MENMLDLLM
2818,1,5,2,2,MEVQLIRQM
2840,1,5,2,1,MGYQAYSSW
2851,1,5,1,2,MIRAQAGSL
2854,1,5,1,2,MITRRQLCY
2870,1,5,3,2,MLKLRVDVF
2875,1,5,1,1,MLNRYKLIY
2876,1,5,2,0,MLREGNQAF
2881,1,5,2,1,MLSSFGWIY
2962,1,5,4,1,MQQAYQCIV
2969,1,5,2,1,MQYVPAWIV
2987,1,5,4,0,MSIISTFHL
2988,1,5,4,0,MSLMTGEQF
3006,1,5,1,0,MTDVDLNYY
3010,1,5,1,3,MTGVMRGNY
3055,1,5,1,4,MVQYTRNSF
3064,1,5,4,1,MYAMMIARF
3067,1,5,4,0,MYLRFAERL
3071,1,5,4,0,MYPFIFFIV
3072,1,5,4,0,MYQYIFLSF
3079,1,5,3,1,NALEKALRW
3080,1,5,3,2,NEAKVLELL
3086,1,5,3,2,NELGVPFHL
3089,1,5,2,2,NEQMIGQVL
3091,1,5,2,2,NESVSRIEL
3095,1,5,3,2,NEVEVITKL
3108,1,5,2,2,NIDNMCHLY
3131,1,5,1,2,NNKSRLVAF
3161,1,5,0,4,NSFEQITFM
3182,1,5,0,4,NVMDPMHGA
3229,1,5,2,2,QELSDAPFL
3230,1,5,3,0,QEMPYPFVI
3239,1,5,0,4,QGKQHLHSL
3285,1,5,1,3,QQLESNLVM
3303,1,5,4,0,QTHFPQFYW
3306,1,5,2,2,QTSTLYDFY
3326,1,5,3,1,QYPAFVLFI
3329,1,5,4,0,QYSDRRWCF
3336,1,5,4,0,RAAPLMQSL
3360,1,5,1,3,RARRHLAAL
3361,1,5,1,2,RARRLRRAL
3363,1,5,3,1,RATQPAAEF
3369,1,5,4,0,RAWNSGYEW
3378,1,5,2,0,REAKATRPL
3379,1,5,2,0,REAPYELNI
3383,1,5,3,2,REFYLRVGF
3384,1,5,3,1,REGGGAVRL
3387,1,5,3,2,REIKAEVSM
3392,1,5,3,2,RELGLDISL
3395,1,5,1,1,RELYYRLKF
3396,1,5,2,1,REMGIVDLL
3401,1,5,3,1,REQASYLYV
3405,1,5,2,2,RESIVCYFM
3407,1,5,2,2,REVFYFGKF
3409,1,5,2,3,REWFMDLNL
3487,1,5,3,0,RLIWSHHHI
3548,1,5,2,1,RMNAVSTIL
3572,1,5,1,3,RPGHRRMVF
3622,1,5,3,0,RQADILRQF
3624,1,5,2,3,RQDEVGTPF
3637,1,5,3,1,RQMKSGGRF
3713,1,5,3,2,RRSLLAHVR
3743,1,5,5,0,RSLFGGMSW
3755,1,5,3,0,RSTYRLDGW
3757,1,5,5,0,RSVWIPGRW
3760,1,5,4,0,RTAFLRFWL
3773,1,5,4,0,RTKAIGLNF
3774,1,5,1,2,RTLASGLIY
3858,1,5,1,4,RVYAHVRSV
3860,1,5,4,0,RVYHLTWLR
3880,1,5,5,0,RYGWSGAVF
3881,1,5,4,0,RYICPVQQI
3885,1,5,3,0,RYMNSQGLL
3890,1,5,1,2,RYPAIAGGI
3899,1,5,1,0,RYSLGVVQL
3911,1,5,3,0,SALNHTKKW
3912,1,5,2,0,SARGLCNTW
3917,1,5,2,2,SAYYLDIGF
3929,1,5,2,1,SEILPFTVL
3935,1,5,3,2,SENDRLRLL
3939,1,5,2,1,SERFINYAI
3941,1,5,5,0,SESTHYFTV
3942,1,5,2,2,SESTIDIIL
3945,1,5,2,3,SEVSNVQRL
3947,1,5,2,2,SEYKAAGYL
3949,1,5,4,0,SFHIIEWLF
3950,1,5,3,0,SFIPIFYQF
3951,1,5,5,0,SFLHWFHHL
3975,1,5,4,0,SILPISWAY
4047,1,5,3,0,SMFDSWGPF
4055,1,5,2,2,SMKTRTAWF
4099,1,5,4,1,SQAFNTPAL
4100,1,5,3,1,SQAPLPCVL
4124,1,5,1,1,SRARIKTRL
4144,1,5,0,1,SRWRIRSGL
4146,1,5,2,0,SRYFGNVRL
4163,1,5,3,0,SSNAKNSEW
4164,1,5,3,0,SSNPVMSRF
4166,1,5,2,0,SSRGYSAIW
4175,1,5,4,0,STAIELGAW
4195,1,5,0,2,STPAILHIM
4197,1,5,3,0,STTSQKTTW
4208,1,5,0,0,SVDGFRASY
4232,1,5,3,0,SVYFAAFAF
4239,1,5,2,1,SWLSNVQKI
4246,1,5,3,1,SYGNANVSF
4256,1,5,3,0,SYPPPPASF
4257,1,5,3,1,SYQALAFDI
4272,1,5,2,2,TEAKIISLL
4273,1,5,2,2,TEANAGQFL
4277,1,5,2,2,TEFFMSRKL
4279,1,5,2,1,TELGAAAFL
4283,1,5,3,2,TEVMTAVGL
4291,1,5,4,0,TFMYVFSTF
4367,1,5,3,0,TMLVRQMTK
4418,1,5,1,1,TRQQTSFPF
4423,1,5,2,0,TRYYWDIHL
4425,1,5,0,1,TSASFTDLY
4432,1,5,4,0,TSSDTYACW
4439,1,5,0,3,TTARPRPPM
4446,1,5,3,1,TTHSWIPKR
4449,1,5,4,0,TTIGEWAFW
4453,1,5,2,0,TTLPVNVAF
4485,1,5,5,0,TVIPFYFVW
4487,1,5,4,1,TVIRNPLSR
4513,1,5,4,0,TYFSLNNKF
4514,1,5,4,0,TYGPVFMCL
4523,1,5,3,1,TYQWIIRNW
4524,1,5,1,2,TYYGFLNFM
4527,1,5,2,2,VAFYCAGRF
4536,1,5,4,1,VEFEPPHAA
4538,1,5,1,2,VEIFKHLVF
4541,1,5,3,2,VEIPNRIVF
4546,1,5,1,0,VELQIGWTV
4548,1,5,2,2,VENSPRASL
4550,1,5,2,2,VESKNFADF
4555,1,5,4,1,VFLPNTHNL
4574,1,5,3,2,VLALLAFFR
4643,1,5,3,0,VMMAKRPLI
4687,1,5,1,1,VQDPKFWEL
4694,1,5,2,1,VQQESSFVM
4704,1,5,3,0,VSANVKGNW
4712,1,5,4,0,VSFSMVGLF
4716,1,5,4,0,VSIPVTNTW
4719,1,5,5,0,VSLGAISFW
4720,1,5,5,0,VSLTECPTF
4728,1,5,4,0,VSRLEHQMW
4729,1,5,4,0,VSSAVPTSW
4731,1,5,4,0,VSSMSSRLW
4741,1,5,1,1,VTFFCVMTY
4748,1,5,5,0,VTGPVGQLW
4750,1,5,1,4,VTIPQIGGM
4757,1,5,2,1,VTRGAVLMY
4766,1,5,1,0,VVARLGVPY
4769,1,5,0,1,VVEKQSGLY
4781,1,5,3,1,VVSEIDLQW
4795,1,5,4,0,VYFSPWFFL
4797,1,5,4,1,VYLKTNVFL
4803,1,5,2,1,VYWENEVSI
4805,1,5,1,2,WAASAETPL
4807,1,5,1,2,WAKAHWRAL
4809,1,5,1,2,WAKRRPATF
4811,1,5,3,1,WANDFNHHY
4827,1,5,1,1,WEMRAGREI
4832,1,5,0,2,WFLYVSQQI
4834,1,5,3,1,WFMWLGARF
4861,1,5,0,1,WLLLRQLPI
4873,1,5,0,1,WMDMWESPM
4877,1,5,0,2,WMIKPLGRW
4878,1,5,2,1,WMILRAISF
4879,1,5,1,3,WMLGTGVYL
4890,1,5,0,4,WMYYPRSPV
4907,1,5,0,0,WQDGGWQSV
4912,1,5,2,2,WQLGTRWRY
4924,1,5,0,3,WRQWIPAGI
4931,1,5,4,0,WSIHAHHQW
4933,1,5,2,2,WSLSVEWQF
4935,1,5,0,2,WSTIWRQLY
4937,1,5,1,1,WTFTPTTPL
4944,1,5,0,2,WVIDTLNGI
4947,1,5,3,1,WWLEYTASF
4976,1,5,1,1,YEDEDIIVI
4980,1,5,3,2,YEGDLRVTF
4981,1,5,3,1,YEHYFVFAA
4986,1,5,3,1,YETLVGLAI
4990,1,5,0,2,YFARRFKYL
4999,1,5,3,1,YFLESNFFI
5007,1,5,3,1,YGLERLAAM
5017,1,5,0,1,YHLGGIEGL
5047,1,5,2,1,YIYIVNMFY
5059,1,5,2,1,YLAPSYRNF
5087,1,5,1,2,YLKKGRLSL
5088,1,5,2,2,YLKKKNHPL
5123,1,5,4,1,YLSGIAQYY
5169,1,5,3,0,YMYDFILRF
5176,1,5,3,0,YNLRRGTAL
5209,1,5,3,0,YQAYSSWMY
5211,1,5,1,3,YQEPPAHGL
5242,1,5,2,1,YRFNLRRKM
5263,1,5,3,0,YRTAVCGLY
5265,1,5,3,0,YRVRNVQTL
5269,1,5,4,0,YRYGFVANF
5270,1,5,1,3,YRYISFLVL
5276,1,5,1,2,YSALRPHEY
5285,1,5,1,2,YSKIRGAAL
5289,1,5,5,0,YSLGQGPVW
5291,1,5,5,0,YSNRFLADW
5303,1,5,2,1,YTDKIAMSY
5306,1,5,1,1,YTENTSSYY
5313,1,5,4,0,YTGPDHQEW
5318,1,5,4,1,YTITYHDDW
5337,1,5,1,1,YTVQGAGLM
5352,1,5,1,3,YVIKKSSPL
5376,1,5,3,2,YYGKTPMQI
5383,1,5,3,1,YYLIKYLHV
5393,1,5,1,1,YYYNFSEDL
486,4,4,0,4,DLKPENILL;DLKPQNILL;DIKPDNILL;DLKPDNILL
4353,4,4,4,0,TLYCVHQEI;VLYCVHQHI;VLYCVHQRV;VLYCVHQEI
4537,3,4,0,0,VEGEGLHKL;VEGIGLQYL;VEGLGLQKL
458,2,4,4,0,CYMHVSDFY;CYMHVSDYY
1049,2,4,3,1,FQNVNKITY;FQNVNRITY
1234,2,4,0,1,GFLNEDHWF;GFMNEDHWF
1675,2,4,2,0,IFLKPDETF;IFLKPEETF
2091,2,4,3,0,KLKKKSAFY;KLRKKSSFY
4515,2,4,4,0,TYGVCAKAF;TYGVCSKAF
4625,2,4,4,0,VLWDIPTPK;VLWDTPSPK
12,1,4,2,1,AAPAPAPSW
17,1,4,0,4,AARRHRVPV
29,1,4,3,1,AEFYQLITM
42,1,4,0,0,AELTGYGTV
47,1,4,3,0,AEMRETHWL
51,1,4,3,0,AENQLFHST
53,1,4,3,1,AEREPFQYF
55,1,4,1,2,AESRKLLLI
56,1,4,3,1,AETAVNTLF
60,1,4,1,2,AEVINLRSL
62,1,4,2,2,AEVRPVVSY
63,1,4,1,1,AEVSNLSVM
64,1,4,2,0,AEWGWTATM
65,1,4,2,0,AEYLYADGI
67,1,4,0,2,AFFSDLVKF
77,1,4,0,1,AHSYDIPVL
118,1,4,1,1,ALFHKVQSY
144,1,4,2,1,ALRQARAAF
146,1,4,0,3,ALRSRWRAL
159,1,4,0,1,ALWMRLLPL
197,1,4,2,0,AMYAPYGPF
261,1,4,1,1,ARADGILRF
265,1,4,2,0,ARHGEYAPF
268,1,4,2,2,ARLFGIRAK
269,1,4,3,0,ARLGKGYMF
277,1,4,3,0,ARYGIFLPF
278,1,4,1,0,ARYSNFAWY
285,1,4,1,1,ASIADILTY
296,1,4,0,4,ASVSFGLYY
316,1,4,2,0,ATIMPHNLY
334,1,4,2,0,ATSVLLSAY
345,1,4,1,0,AVASLLDEY
350,1,4,2,0,AVFDGCVVY
367,1,4,3,0,AVREATAAF
403,1,4,2,0,AYVTWIALM
407,1,4,2,0,CAMFWYHYI
410,1,4,0,3,CEKRLLLKL
412,1,4,1,0,CEVSGNVTV
416,1,4,0,1,CHATLTHRL
441,1,4,0,4,CRVLCCYVL
447,1,4,1,1,CTDDNALAY
451,1,4,1,0,CTLNKSHLY
453,1,4,1,0,CTWPEASRY
465,1,4,2,0,DAYRRIHSL
467,1,4,2,2,DEHPWQPML
468,1,4,2,2,DEIAFGLKL
469,1,4,2,1,DELPFVAPV
472,1,4,2,2,DEYQGNHMF
489,1,4,0,3,DLKRIGASL
490,1,4,0,2,DLKRKFYTL
508,1,4,1,3,DSFAKQPQW
549,1,4,3,1,EEAIVAYTL
570,1,4,0,3,EFKSRFFVM
585,1,4,1,2,EIIFYHPTF
586,1,4,0,3,EIINNGISY
603,1,4,1,1,EKAAWGVAL
623,1,4,0,2,ELRKRNEAL
625,1,4,0,2,ELRRKMMYM
628,1,4,0,2,ELRSRYWAI
653,1,4,1,2,EQDGITYYL
656,1,4,1,1,EQITFMQAL
660,1,4,1,2,EQYGPRHTL
665,1,4,0,2,ERWFVRNPF
681,1,4,1,0,ETALPQDSY
704,1,4,0,1,ETPGSTDNY
707,1,4,0,3,ETRYSWAIL
764,1,4,0,3,FADSDNIAM
791,1,4,2,1,FEEAALCTF
793,1,4,1,2,FEKAKIEVL
797,1,4,2,2,FENSCLETM
800,1,4,3,0,FESSVLKNL
810,1,4,0,3,FFYLKRVVL
820,1,4,0,2,FHEFLSSKL
822,1,4,1,2,FHFFVHTLL
824,1,4,0,2,FHGAKEIAL
825,1,4,2,0,FHGEFTRAL
829,1,4,2,1,FHIVNQESL
832,1,4,3,1,FHLNMFFIL
836,1,4,2,0,FHNEFTQRL
837,1,4,2,1,FHNNWGATL
838,1,4,1,2,FHNYFVPNL
840,1,4,2,1,FHVNPAFVL
842,1,4,1,0,FHVRTNYKI
858,1,4,0,2,FIRRLHRLL
859,1,4,0,3,FIRWRFYLL
865,1,4,3,0,FKTKALAVL
866,1,4,2,1,FKWGKKIIL
867,1,4,3,1,FKYDSTKPL
916,1,4,2,0,FLMYPNNIF
926,1,4,0,2,FLQQRKPPL
934,1,4,0,2,FLRKRRRFF
961,1,4,2,1,FMGRLGPEY
965,1,4,0,2,FMKIGAHPI
966,1,4,0,2,FMKPGKVVL
970,1,4,2,0,FMNAVGHDW
1039,1,4,1,2,FQEALKKSL
1050,1,4,1,1,FQNWGIESI
1053,1,4,1,1,FQSDIPPLL
1061,1,4,3,0,FRAAVRAHF
1065,1,4,1,1,FRDEAGAIL
1071,1,4,3,1,FRHSVVVPY
1079,1,4,0,2,FRQCTGRPK
1086,1,4,2,2,FRWTQSLRR
1088,1,4,1,0,FRYKSRCYV
1100,1,4,3,0,FSKLASSAF
1111,1,4,2,1,FTDISMSLY
1137,1,4,1,1,FTWSGDVRY
1172,1,4,3,0,FVRSSPANF
1173,1,4,0,1,FVRTLFQQM
1174,1,4,1,0,FVSVYFSDY
1200,1,4,2,2,GAMYALANF
1211,1,4,1,3,GEGKLSPPL
1212,1,4,3,1,GEGPGINPI
1218,1,4,2,0,GEISPLPSL
1224,1,4,3,0,GEMLVATSL
1240,1,4,3,1,GHFPLQHAL
1242,1,4,3,1,GHLAASVTL
1243,1,4,3,1,GHLENNPAL
1244,1,4,3,1,GHMMVIFRL
1245,1,4,1,3,GIAACLMTY
1353,1,4,0,3,GPRGRHVVL
1374,1,4,1,1,GRADTKILF
1375,1,4,2,1,GRAGVVPRY
1376,1,4,1,0,GRAVSSATF
1379,1,4,2,2,GRFQEALKK
1382,1,4,0,1,GRGPIRFVL
1388,1,4,3,1,GRLKFSLSY
1389,1,4,1,1,GRLQSLQTY
1390,1,4,3,0,GRLVTVNPF
1392,1,4,0,1,GRNQFVDGL
1398,1,4,0,3,GRTFGKLPY
1401,1,4,0,0,GRWMLPQGM
1402,1,4,2,0,GRWMRELVL
1403,1,4,1,1,GRYIVYSSY
1406,1,4,0,1,GRYYVLQFV
1416,1,4,1,1,GSQYVSLAY
1423,1,4,1,0,GTDSGFAAY
1444,1,4,1,0,GTPFPTLYY
1448,1,4,4,0,GTTSIQTPW
1457,1,4,1,1,GVEPGHAFY
1492,1,4,2,0,HASHYTIPW
1497,1,4,2,2,HEIASVVQF
1499,1,4,4,0,HEMYYVSGA
1513,1,4,2,1,HHSLTHHQL
1514,1,4,3,1,HHYSQAAVL
1527,1,4,3,0,HLIQNPNPF
1545,1,4,0,3,HMRTRDGAL
1566,1,4,2,1,HQAIISDVL
1567,1,4,2,1,HQDDGQPRL
1568,1,4,0,2,HQDNLDTVI
1570,1,4,2,2,HQIWLALRY
1576,1,4,3,1,HRMNKILHY
1582,1,4,4,0,HSDTHGLYW
1601,1,4,2,1,HTQGFFPDW
1634,1,4,1,3,IAKRRSYMM
1636,1,4,3,0,IALYLQQNW
1657,1,4,3,1,IEDKNLYMF
1659,1,4,0,2,IEEVMNIVL
1664,1,4,0,2,IELEHLRGL
1665,1,4,2,1,IELITTIGF
1667,1,4,2,2,IESLALTLF
1668,1,4,1,0,IESNPLFPV
1683,1,4,3,1,IHAEFQASL
1726,1,4,2,1,ILKEHVSRY
1727,1,4,1,1,ILKERKQAL
1765,1,4,1,1,IMDEPTSSL
1775,1,4,0,2,IMRRRQYVL
1777,1,4,1,1,IMYDHLPGF
1824,1,4,1,2,IQNEIMKPL
1834,1,4,2,2,IRHVYHNLK
1839,1,4,2,2,IRSCWRYRK
1844,1,4,3,0,ISARGQELF
1855,1,4,3,0,ISIPGDGKF
1860,1,4,4,0,ISLQEVFTM
1870,1,4,3,0,ISTLPTEQF
1886,1,4,0,2,ITDYIVGYY
1895,1,4,4,0,ITLPISASL
1916,1,4,1,1,IVAQGIAAL
1923,1,4,0,2,IVIAPAMGM
1933,1,4,1,2,IVYLIDCER
1945,1,4,3,0,IYFPLCFQF
1967,1,4,3,0,KAFPLIQNM
1975,1,4,1,2,KARARLLSM
1981,1,4,3,0,KAVRGDLNF
1991,1,4,1,3,KEAENGDEL
1995,1,4,1,2,KEFNGPAML
1996,1,4,1,3,KEGENAASL
1997,1,4,1,3,KEGKLQCRI
2000,1,4,1,2,KELENEYYF
2001,1,4,2,1,KELGVHMSL
2002,1,4,1,2,KELNIGRTF
2003,1,4,3,0,KEMGFSPRL
2004,1,4,1,0,KENENLRVL
2005,1,4,1,1,KENGVDLSV
2006,1,4,1,3,KESSWPQGF
2007,1,4,1,2,KESSWPQGL
2008,1,4,1,3,KEVNSQLSL
2010,1,4,2,0,KEWCGNLIV
2086,1,4,4,0,KLIEGTNIW
2138,1,4,1,2,KLYGLSQGY
2142,1,4,2,1,KLYVNGKAY
2160,1,4,2,2,KMLEASTIY
2205,1,4,2,1,KQLPPLAAW
2219,1,4,2,2,KRAAAGIMK
2220,1,4,4,0,KRASPILRF
2222,1,4,3,0,KRFLNGAKY
2224,1,4,4,0,KRFQPFQQF
2225,1,4,4,0,KRFYQTVGF
2226,1,4,2,2,KRIAPMLYK
2227,1,4,2,0,KRIGASLAH
2228,1,4,2,1,KRINSLIKY
2229,1,4,3,0,KRIRLKHIF
2233,1,4,3,0,KRLGDVISV
2235,1,4,4,0,KRLQILGYL
2236,1,4,3,1,KRLSVNQKY
2239,1,4,3,0,KRMMMNLNY
2241,1,4,2,2,KRSTPFYTK
2242,1,4,3,0,KRVDWSVEY
2247,1,4,4,0,KRYEKSAMI
2249,1,4,0,1,KRYKNRVAS
2250,1,4,2,1,KRYKQMCTK
2265,1,4,4,0,KSFKLLCKL
2278,1,4,4,0,KSLVQYIKF
2280,1,4,3,0,KSNEKNMDF
2299,1,4,4,0,KTALTGAMR
2301,1,4,4,0,KTASSLQKW
2319,1,4,3,0,KTLSSYIDF
2328,1,4,4,0,KTSLVEMMW
2394,1,4,1,2,KYGVSVQDI
2417,1,4,0,4,LAKSVFNSL
2428,1,4,1,1,LASCMGLIY
2438,1,4,1,2,LEACYKRSV
2450,1,4,3,0,LEHGLYPQL
2452,1,4,4,0,LEMCHSTQI
2453,1,4,2,1,LEMNDAPTA
2457,1,4,2,2,LERPLAVQL
2459,1,4,2,1,LESASQQLF
2461,1,4,2,2,LETCHRNAF
2462,1,4,2,2,LEVNNPTPF
2476,1,4,0,2,LHHIWQNLL
2489,1,4,2,0,LITEQFLCY
2498,1,4,0,2,LLDGLLAWY
2533,1,4,4,0,LLRMFDHPF
2546,1,4,1,1,LMARRARSL
2557,1,4,3,0,LMNELGVPF
2595,1,4,2,0,LPFLKSLAI
2648,1,4,1,3,LQEEMAETL
2676,1,4,1,0,LRWLAKSFF
2677,1,4,0,1,LRWLVERRF
2678,1,4,1,3,LRYGNVLDV
2680,1,4,4,0,LSAERYTLF
2695,1,4,1,3,LSIIFGRSY
2699,1,4,0,2,LSNFGYPGY
2721,1,4,4,0,LTINAVASR
2729,1,4,2,1,LTNDAFCKY
2734,1,4,3,0,LTSMHFYGW
2739,1,4,3,1,LTVTLVWLY
2740,1,4,3,0,LTVVPLMAF
2753,1,4,3,0,LVLAVGPAY
2754,1,4,2,0,LVRGNSPVF
2757,1,4,1,0,LVSSGNTLY
2796,1,4,1,0,MANICWIYY
2804,1,4,1,2,MAWLFFWAI
2807,1,4,2,1,MEAQFLYLY
2809,1,4,2,1,MEEAGLCGL
2810,1,4,2,2,MEFEFGTNW
2821,1,4,1,2,MFAAGLILY
2828,1,4,0,4,MFRNTNRSL
2838,1,4,0,4,MGMEQTMSV
2841,1,4,3,1,MHDPHSIPL
2845,1,4,1,1,MHYKLDEVL
2852,1,4,0,3,MIRRRNQIL
2864,1,4,0,4,MLDQFGVSY
2869,1,4,1,2,MLKLRQARL
2877,1,4,0,3,MLRKKQITV
2896,1,4,0,2,MMKYLAFGL
2909,1,4,2,2,MMYASWGVH
2912,1,4,0,1,MNNGGDAMY
2948,1,4,3,1,MQALGHPIL
2951,1,4,1,1,MQESGVSKL
2975,1,4,1,2,MRMAWGGSY
2976,1,4,2,1,MRMGDLHLL
2977,1,4,2,1,MRMLWMANY
2978,1,4,2,2,MRNTIMASK
2991,1,4,1,1,MSPDNALIY
2995,1,4,0,2,MSRRRIYVL
3022,1,4,3,0,MTQRVVIAL
3024,1,4,1,2,MTRRRVLSV
3031,1,4,0,2,MTTCDFRWY
3043,1,4,0,3,MVEASGGRY
3068,1,4,3,0,MYLRTIYDL
3082,1,4,2,1,NEFKFALVA
3087,1,4,2,2,NELGYSGYF
3090,1,4,2,1,NERWFREVI
3092,1,4,1,2,NETANGYFL
3094,1,4,1,2,NETTQALQL
3096,1,4,2,2,NEVIISYLL
3105,1,4,2,2,NHMDGRTIL
3112,1,4,2,1,NLAAQTHLY
3153,1,4,2,1,NRWKSWFSY
3162,1,4,0,1,NSIPAVIGY
3174,1,4,1,1,NTFKFGVIY
3183,1,4,1,2,NVTDESYLY
3187,1,4,3,0,NYKWWWFSF
3223,1,4,0,2,QAKWRLQTL
3231,1,4,2,2,QENEIYTYF
3240,1,4,3,1,QHAWPLPPL
3242,1,4,1,1,QHLDIGNAL
3271,1,4,0,2,QMRVRYYGL
3281,1,4,1,1,QPRVRQQAL
3290,1,4,2,1,QQYHRFGLY
3292,1,4,0,3,QRASNVFDL
3294,1,4,2,2,QRIAVPVTK
3304,1,4,1,1,QTNLYNLLY
3305,1,4,0,4,QTSSIEGAW
3335,1,4,0,3,RAAHRRQSV
3355,1,4,2,0,RAPHLPPQW
3373,1,4,4,0,RAYWIHLMM
3385,1,4,4,0,REHSGNEIV
3388,1,4,3,0,REILFHNTM
3389,1,4,3,0,REILTKTTV
3398,1,4,4,0,REMINHYQV
3402,1,4,1,3,RERGLALHV
3411,1,4,2,0,REWSGLNYL
3419,1,4,2,2,RFVLALLAF
3424,1,4,0,3,RGRKRFHTL
3425,1,4,2,1,RHDITGFIL
3445,1,4,0,3,RIYKRSLKL
3452,1,4,3,0,RKIKAITSF
3454,1,4,3,0,RKLGWWLKL
3459,1,4,3,1,RKVCYNAVL
3475,1,4,3,1,RLFAGLMSY
3501,1,4,2,1,RLNAILLLY
3514,1,4,0,2,RLRRRRHPL
3539,1,4,0,3,RMKMRRPHL
3571,1,4,1,2,RPFPKLRIL
3610,1,4,1,2,RPRVKLASL
3636,1,4,3,0,RQLQKIERW
3644,1,4,0,3,RQQAIVDLL
3645,1,4,1,1,RQRAVRMVL
3648,1,4,2,1,RQVWWKALL
3653,1,4,4,0,RRAALSGHL
3656,1,4,1,1,RRAIRELNY
3657,1,4,3,0,RRARYWLTY
3659,1,4,3,1,RRAYSGKQY
3660,1,4,2,0,RRCLKPVIL
3664,1,4,3,0,RRFFPYYVY
3665,1,4,3,0,RRFGGTVIR
3666,1,4,4,0,RRFKYLLNV
3667,1,4,2,2,RRFLEPVGK
3668,1,4,2,0,RRFLPQILA
3670,1,4,3,0,RRFQHKDGH
3672,1,4,0,1,RRFTVRFHQ
3673,1,4,4,0,RRFWFRLRP
3674,1,4,0,0,RRFWVGYQQ
3677,1,4,1,1,RRHGMAWRQ
3678,1,4,3,0,RRHPMRLRK
3682,1,4,4,0,RRIGIYVGV
3684,1,4,3,0,RRKTNLYGF
3687,1,4,4,0,RRLHRLLLM
3688,1,4,4,0,RRLKAEAQM
3689,1,4,2,1,RRLLGTFTW
3690,1,4,2,0,RRLRTLVLA
3693,1,4,3,1,RRMGGLRKY
3694,1,4,0,0,RRMMMRITE
3695,1,4,2,2,RRMRRPTGK
3697,1,4,3,0,RRNDVARIF
3699,1,4,4,0,RRNRKALWL
3700,1,4,2,2,RRQGNIYPK
3702,1,4,1,0,RRRGACVVY
3703,1,4,2,1,RRRIGEIFK
3704,1,4,4,0,RRRKGWIPL
3707,1,4,4,0,RRRQWASCM
3709,1,4,1,1,RRRVLSVVV
3714,1,4,2,0,RRSRRSLTV
3715,1,4,2,2,RRTAAGIMK
3716,1,4,2,2,RRTKLPLTK
3717,1,4,2,2,RRTPRVSWK
3718,1,4,3,0,RRVAHSSLY
3719,1,4,2,2,RRVFHGVAK
3721,1,4,2,2,RRVRDNMTK
3722,1,4,2,0,RRVRRRVLV
3724,1,4,2,1,RRWCFDGPR
3728,1,4,4,0,RRYDKLMSF
3729,1,4,3,0,RRYGGGLVR
3730,1,4,2,0,RRYQIAQYK
3737,1,4,3,0,RSFPEWDYI
3756,1,4,4,0,RSVALAVLW
3798,1,4,3,0,RVCEKMALY
3824,1,4,2,0,RVLDCRTAF
3827,1,4,2,1,RVLGRVLPY
3845,1,4,1,1,RVRSMANVY
3846,1,4,0,2,RVRWRNYAL
3864,1,4,2,1,RVYLQGHGY
3870,1,4,2,1,RWASGVSEI
3907,1,4,3,0,SAFGGGNAF
3924,1,4,2,2,SEFNLLELL
3928,1,4,2,0,SEIINNITA
3930,1,4,1,0,SEIPSTFDL
3932,1,4,1,2,SELSLLSLL
3933,1,4,2,2,SELSLLSLY
3936,1,4,3,0,SENPLTRSI
3940,1,4,0,4,SESLPIWGI
3959,1,4,1,1,SHAAIGAYL
3965,1,4,1,1,SHGPFFNAL
3967,1,4,1,1,SHYSHNPKL
4004,1,4,2,2,SLGFLFLLY
4013,1,4,1,2,SLKHRQYVF
4025,1,4,1,3,SLRNWIATL
4029,1,4,0,2,SLSFPHPLY
4101,1,4,2,2,SQDDNYFTL
4105,1,4,3,1,SQFGGGSQY
4111,1,4,1,1,SQLPPACPV
4120,1,4,2,0,SQYHRFPIY
4126,1,4,0,4,SREGMFLPK
4128,1,4,0,4,SRFLRRPAQ
4130,1,4,0,2,SRIELGRGY
4131,1,4,1,2,SRIGAWASK
4133,1,4,0,2,SRKASNTIL
4137,1,4,2,1,SRLTYQWHK
4143,1,4,3,0,SRWGYQVKH
4194,1,4,0,2,STNTLPTEY
4203,1,4,3,0,SVAMCRTPF
4209,1,4,0,1,SVDSDHLGY
4223,1,4,1,0,SVKERGPAY
4242,1,4,3,0,SYAYMRNGW
4271,1,4,1,2,TEAEKWPFF
4286,1,4,2,2,TFFSGDHLY
4296,1,4,3,1,THADVPVVL
4309,1,4,2,1,TINAVASRK
4318,1,4,0,4,TKNTRFCVL
4334,1,4,0,2,TLKRRSWPL
4346,1,4,0,2,TLRFKTKAL
4347,1,4,0,3,TLRRRFAVA
4351,1,4,2,1,TLYAVATTF
4357,1,4,2,1,TLYNHHRQY
4358,1,4,2,0,TLYQNNHTY
4363,1,4,2,0,TMHQDVATF
4366,1,4,0,3,TMKRKRLFL
4372,1,4,3,1,TMRTPLFPW
4405,1,4,2,1,TQIPRQMVL
4412,1,4,0,3,TRALVRTGM
4414,1,4,1,2,TRAVGKPLL
4415,1,4,1,1,TRDHVNLVL
4416,1,4,0,3,TRIIGPVEL
4421,1,4,0,3,TRVTNNVYL
4424,1,4,0,3,TSADQQSLY
4431,1,4,3,0,TSSARSSEW
4433,1,4,3,0,TSYPTAVQF
4455,1,4,2,1,TTLSIYFLL
4526,1,4,3,0,VAFTSHEHF
4531,1,4,1,1,VAYGRQVYL
4540,1,4,2,2,VEIKTGFKL
4542,1,4,1,2,VEIWNLVFM
4544,1,4,2,2,VELENGDVM
4545,1,4,2,2,VELGSGNSF
4547,1,4,3,0,VEMQLAVVI
4552,1,4,0,4,VEYHYTFYI
4563,1,4,1,1,VIAAIHNAY
4566,1,4,1,0,VIGVGMGLY
4576,1,4,2,1,VLASGPGPF
4590,1,4,2,1,VLIEVNPPF
4599,1,4,3,1,VLMKQIPIW
4615,1,4,2,1,VLSDINAVF
4629,1,4,4,0,VMAASGAPF
4635,1,4,0,1,VMATRRNVL
4636,1,4,0,2,VMEPGTAQY
4690,1,4,1,1,VQHAPQVSL
4697,1,4,0,1,VQYRGLYQI
4701,1,4,0,3,VRHFPRIWL
4711,1,4,3,0,VSFIEFVGW
4714,1,4,4,0,VSGKLIHEW
4733,1,4,3,0,VSTAPTGSW
4749,1,4,1,0,VTIGNAYIY
4754,1,4,3,0,VTMMKYCSY
4755,1,4,4,0,VTNNDIGYW
4759,1,4,4,0,VTTDIQVKW
4761,1,4,0,0,VTTLGLPFY
4784,1,4,2,1,VVTVLWALY
4786,1,4,1,2,VVYGYFIWY
4818,1,4,0,1,WAWPFAAVL
4823,1,4,2,1,WEIEPGIRF
4824,1,4,0,4,WEITYLGTT
4826,1,4,1,2,WEKYCVLEI
4829,1,4,3,1,WESGAVLCV
4835,1,4,2,1,WFQRIPLQW
4838,1,4,2,0,WFYDNDNPY
4841,1,4,0,2,WHQARFEEL
4849,1,4,2,1,WKAIGAYIL
4859,1,4,1,0,WLKERLPGF
4864,1,4,0,2,WLRAHPVAI
4916,1,4,0,2,WQQWDRQSL
4920,1,4,0,1,WRLYSPPPV
4923,1,4,1,2,WRQEIGHPK
4941,1,4,3,1,WTLLVDLLW
4942,1,4,0,3,WTSGSSISF
4952,1,4,2,2,WYIKIFIII
4957,1,4,2,1,YAEISFMLW
4961,1,4,1,0,YALPSAGAF
4983,1,4,1,0,YELDLWGKI
5010,1,4,3,1,YHDPANWPL
5011,1,4,1,1,YHDPETAAA
5012,1,4,0,1,YHEDIHTYL
5013,1,4,2,1,YHENWSATL
5014,1,4,1,1,YHFDPVHHL
5016,1,4,2,1,YHHTAINVL
5022,1,4,0,0,YIDNTTSWY
5032,1,4,3,0,YIKGGNASF
5037,1,4,3,0,YIRGVCSAF
5049,1,4,3,1,YKACHNSEL
5053,1,4,1,2,YKSRCYVGL
5057,1,4,3,0,YLAGAGLAF
5093,1,4,1,2,YLKWRWLHF
5116,1,4,3,0,YLRNAGAAM
5119,1,4,0,2,YLRRRIGMI
5139,1,4,3,0,YLYYPGRAH
5162,1,4,1,2,YMRWRKHWL
5167,1,4,2,0,YMYAATNTH
5173,1,4,1,1,YNAELLVAL
5216,1,4,0,1,YQGSYGFRL
5236,1,4,3,0,YQYPRDTHY
5243,1,4,3,0,YRFRFRSVY
5248,1,4,3,0,YRHKVVKVM
5250,1,4,2,2,YRIWLEQNK
5252,1,4,1,2,YRLFKHGLK
5255,1,4,2,2,YRLVSAVEK
5259,1,4,3,0,YRSDIVGTY
5282,1,4,1,1,YSGTINLHF
5346,1,4,1,1,YVDHYYRDY
5354,1,4,4,0,YVIRAQLHV
5357,1,4,2,0,YVLNGYTEF
5363,1,4,1,1,YVSADATKW
491,2,3,0,0,DLLENLQAY;DLLENLQTY
809,2,3,3,0,FFSPFFFSL;FFSPVIASL
2471,2,3,3,0,LFPELDCFF;LFPELECFF
3479,2,3,1,0,RLGPGTLDF;RLGWRTLDF
4491,2,3,3,0,TVLDHILQK;TVLEFILQK
38,1,3,1,2,AELFVAHYM
68,1,3,2,0,AFHGLDVKF
97,1,3,1,0,AIYESNIGY
160,1,3,3,0,ALYEASTTY
162,1,3,1,0,ALYEKKLAL
189,1,3,2,1,AMRVGSSIM
233,1,3,0,0,APRGFRAAF
262,1,3,1,1,ARAFIESHY
263,1,3,1,2,ARFWVGLAK
271,1,3,0,0,ARNINLSLL
294,1,3,1,0,ASSSNYNTY
437,1,3,0,3,CRIKQIINM
439,1,3,0,2,CRRLNTKYL
462,1,3,1,2,DAMENPLSL
504,1,3,0,2,DQIRNMSVI
507,1,3,2,0,DSFAGSLIW
525,1,3,0,2,DTVLFNAGL
531,1,3,1,0,DVKFHTQAF
558,1,3,1,1,EEITPHCAL
580,1,3,2,1,EIARIVEQM
589,1,3,0,1,EIIWPDRQM
624,1,3,0,2,ELRQLAQSL
654,1,3,1,0,EQFPNATAF
662,1,3,1,1,ERKHRHLPV
723,1,3,1,1,EVDQTKIQY
769,1,3,3,0,FAFVTDNTY
790,1,3,0,2,FEAVYKNLI
802,1,3,1,0,FETMVFPAV
848,1,3,3,0,FIFPASKVY
855,1,3,2,0,FINMFLFNY
856,1,3,2,0,FIRDCSVAL
864,1,3,1,1,FKLVNTIYL
895,1,3,3,0,FLIGVYQQY
896,1,3,1,2,FLILGMLLM
905,1,3,2,0,FLLDGGAPF
913,1,3,0,3,FLLVRIHPL
978,1,3,0,1,FMTRLGPLL
1056,1,3,2,1,FQVNRFTGY
1062,1,3,2,0,FRAICTNGL
1081,1,3,1,1,FRRGNASTL
1084,1,3,0,2,FRWDYIPPT
1090,1,3,1,0,FRYNGLIHR
1093,1,3,2,0,FSDLLSMAW
1094,1,3,2,0,FSFEIALLK
1187,1,3,1,1,FYLPNIVDY
1203,1,3,2,0,GEAMDTISV
1227,1,3,1,2,GERQNATEI
1326,1,3,2,1,GMKRSFYVY
1360,1,3,3,0,GQFDSMLAK
1378,1,3,1,1,GRFGVGNRY
1380,1,3,1,1,GRFSPLLLY
1381,1,3,2,1,GRGLICLSL
1399,1,3,1,2,GRVIPRMLY
1405,1,3,2,1,GRYSVRYVR
1418,1,3,0,3,GSRAYRNAL
1468,1,3,0,2,GVQGFIFFF
1473,1,3,0,0,GWGNGCGLF
1486,1,3,3,0,HAAVRRNAF
1529,1,3,1,2,HLKRRKEPL
1538,1,3,1,1,HLTWSHAGY
1551,1,3,0,2,HPKLRPILL
1575,1,3,2,1,HRLMSAAIK
1578,1,3,0,3,HRTLLMNEL
1583,1,3,1,0,HSEEGSRAY
1671,1,3,0,0,IFFFLFNIL
1686,1,3,2,1,IHYAGWVSL
1701,1,3,1,1,IITANWLPF
1731,1,3,1,0,ILLRKGHVF
1785,1,3,0,3,IPDELIDVL
1821,1,3,1,1,IQMCTELKL
1825,1,3,1,1,IQNKLSSTF
1828,1,3,2,1,IQYDRRSFF
1831,1,3,1,1,IRFKDDSSF
1841,1,3,0,2,IRYLGVLLY
1842,1,3,1,2,IRYPLTFGW
1929,1,3,0,1,IVNMGNPDY
2027,1,3,1,2,KHNDNLWTV
2062,1,3,3,0,KLAQAVMEM
2097,1,3,2,1,KLLNRVIGY
2140,1,3,1,1,KLYPNVDFY
2141,1,3,2,0,KLYSYGIGY
2234,1,3,3,0,KRLLLKLDF
2243,1,3,3,0,KRVLHMLLL
2248,1,3,3,0,KRYGPALSI
2261,1,3,3,0,KSDPIMLLK
2324,1,3,2,0,KTNRTGLLM
2346,1,3,2,1,KVAQAAAAM
2363,1,3,2,1,KVHMGSWSY
2420,1,3,1,2,LAMYHGQTY
2448,1,3,1,2,LEFFLMVLL
2475,1,3,0,1,LHDAIMVEL
2503,1,3,2,0,LLFLPKAAY
2526,1,3,2,0,LLMTGGVTL
2548,1,3,1,2,LMIGTAAAV
2644,1,3,1,1,LPWSSPQLW
2649,1,3,1,1,LQIDTDDSL
2652,1,3,3,0,LQKGGVIVY
2659,1,3,1,0,LQPSDTLLF
2660,1,3,2,0,LQRFSVAPM
2679,1,3,1,2,LRYTSQLDL
2702,1,3,0,2,LSSIGIPAY
2707,1,3,2,1,LSVIPSNPY
2731,1,3,2,1,LTQAAGQAF
2733,1,3,0,1,LTSAQSGDY
2744,1,3,2,0,LVAYGGSWK
2749,1,3,1,0,LVGAAIHPF
2756,1,3,2,0,LVSMMIAMK
2772,1,3,2,0,LYKTIVNIW
2797,1,3,0,3,MANIFRGSY
2820,1,3,3,0,MEYDAVATT
2844,1,3,0,3,MHTLIFENL
2874,1,3,1,2,MLMFITSSH
2913,1,3,1,0,MNYAAAAAY
2972,1,3,1,2,MRFLFDLFK
2973,1,3,0,2,MRHNSREPY
2985,1,3,1,1,MSFQGRGVF
3083,1,3,0,2,NEGRHHLLV
3097,1,3,1,0,NEWYVQPQA
3104,1,3,0,2,NHIRIEYII
3155,1,3,2,1,NRYGVAYVY
3156,1,3,0,2,NRYLPHFPV
3179,1,3,0,1,NTSTCFQEY
3248,1,3,2,1,QIQAGNFHW
3255,1,3,0,2,QLKSRAAVL
3256,1,3,0,3,QLKYKYPAL
3263,1,3,0,3,QLSLRMLSL
3268,1,3,0,3,QMRACARRL
3286,1,3,1,0,QQLYTSPSF
3293,1,3,0,3,QRHPNFPSK
3364,1,3,1,1,RAVEPGTVL
3366,1,3,2,0,RAVPPNPTI
3382,1,3,3,0,REFEAQNVP
3393,1,3,1,1,RELPGRVLL
3422,1,3,1,0,RGRAATMAL
3456,1,3,2,1,RKMPHLFSK
3515,1,3,2,0,RLSSLSLAL
3534,1,3,1,1,RMGAAVTPY
3543,1,3,3,0,RMMATKDSF
3566,1,3,3,0,RPAPGGKAY
3638,1,3,0,3,RQMLHEIGR
3654,1,3,0,2,RRAAVSTLE
3655,1,3,0,1,RRAGERGAL
3680,1,3,1,2,RRIEEICMK
3683,1,3,1,2,RRKAKMLPK
3686,1,3,2,0,RRLAATTEK
3696,1,3,3,0,RRNDGVVQY
3698,1,3,2,1,RRNNRVFFR
3706,1,3,1,1,RRRPVTRPL
3710,1,3,3,0,RRRWCGLGL
3712,1,3,1,0,RRSHDVLTV
3720,1,3,2,0,RRVGEQVNL
3723,1,3,1,1,RRVVVSAVV
3747,1,3,2,0,RSNDTELNY
3772,1,3,2,0,RTHTLRDAK
3820,1,3,1,0,RVKLSALTL
3821,1,3,1,1,RVKQHMASM
3835,1,3,2,1,RVQFIPGQR
3910,1,3,2,1,SALGFTGVY
3923,1,3,1,1,SEEEGSLKL
3946,1,3,3,0,SEVTTCFFL
3973,1,3,1,0,SIIQEKLGY
3978,1,3,0,0,SIQDNQVAY
4027,1,3,1,2,SLRRELSGY
4123,1,3,1,2,SRALLLNKY
4134,1,3,2,1,SRLGIVVLR
4138,1,3,3,0,SRMEHQLGH
4140,1,3,1,1,SRQRQAIPY
4147,1,3,0,2,SRYGVKLKA
4201,1,3,0,0,STYWLMAGL
4202,1,3,1,0,SVAGRVDGL
4264,1,3,2,0,TAAIMLASY
4265,1,3,0,1,TAHLKRLWK
4269,1,3,2,0,TAYCPLQHW
4289,1,3,1,1,TFMDHVLRY
4290,1,3,2,0,TFMGMNVQF
4292,1,3,0,1,TFWMGSHEV
4298,1,3,0,1,THEGVVCAL
4371,1,3,0,2,TMRLRSEVL
4379,1,3,2,0,TPFGQQRVF
4410,1,3,1,0,TQSPVSVGF
4419,1,3,1,1,TRRFLPQIL
4422,1,3,1,1,TRYKGWPKV
4447,1,3,1,2,TTIEDILPK
4554,1,3,0,0,VFKVKLHEI
4603,1,3,1,0,VLNGLLPPY
4630,1,3,1,0,VMADFDLEM
4651,1,3,0,0,VMYNLWKMK
4699,1,3,3,0,VRFANELSF
4702,1,3,2,0,VRKCLQLIF
4703,1,3,0,1,VRKSIRIQL
4707,1,3,2,0,VSDTTVLLH
4735,1,3,1,0,VTALTIAYL
4820,1,3,0,1,WEALDTMYV
4821,1,3,1,1,WEEKAHFCL
4830,1,3,0,2,WEVVIGMEV
4842,1,3,2,1,WHTTKGAAL
4911,1,3,1,0,WQGPSAAAY
4925,1,3,1,2,WRTIMAVLF
4968,1,3,2,0,YARLRKEVL
4975,1,3,2,1,YECETYKEL
4998,1,3,0,1,YFKRELKSF
5004,1,3,2,0,YGIAAHWSY
5027,1,3,2,1,YIGGTTQAF
5044,1,3,2,1,YIYDGKVNY
5051,1,3,2,1,YKEPNSIIL
5052,1,3,2,1,YKSADHRTL
5091,1,3,1,0,YLKPKIWRF
5175,1,3,0,1,YNIDRLNAL
5241,1,3,1,0,YRFLSLDGY
5244,1,3,2,1,YRFRKSSKK
5245,1,3,1,0,YRFYGRFVA
5258,1,3,0,2,YRRVNGKWM
5268,1,3,1,1,YRYEFNNDW
5278,1,3,0,1,YSDIFNNVL
5304,1,3,2,0,YTDLTYQSF
5333,1,3,1,0,YTPLNYSKF
241,2,2,1,0,APSVLNLAF;APSYRNFSF
485,2,2,0,0,EIKDTEEAL;DIKDTKEAL
877,2,2,1,0,FLDPASIAA;FLDDASNSA
879,2,2,2,0,FLDGNELTL;FLDGNEMTL
1164,2,2,0,1,FVKDWMDRI;FVKDWMERI
1348,2,2,2,0,GPGHKARVL;GPSHKARVL
1387,2,2,2,0,GRVTVSTKR;GRITVSTKR
1693,2,2,1,0,IILKALYML;ILLKALYML
1710,2,2,2,0,ILDKKVEKV;ILDQKINEV
1746,2,2,1,1,ILRKATRRL;ILRHSTAHL
1747,2,2,2,0,ILRNPGFAL;ILRNPGYAL
2123,2,2,2,0,KLTPPHSAK;SLTPPHSAK
2124,2,2,1,1,KLTPPHSAR;SLTPPHSAR
2173,2,2,2,0,RPGPVKFSL;KPGPAKFSL
2176,2,2,0,0,KPKALSEAF;KPKVASEAF
2244,2,2,0,1,KRVQEVKGY;KRVQEVRGY
2499,2,2,2,0,LLDKQQFEL;LLDKRQFEL
2502,2,2,1,1,LLFLKDVEP;LLFLEDVEP
2510,2,2,2,0,LLHDIGKPV;LLHEVGITV
2518,2,2,0,1,LLLLISLVY;LLLLVAPAY
2576,2,2,2,0,LPATERQSH;LPAARRAAH
3142,2,2,0,2,NPVTIINEY;NPVTVINEY
3484,2,2,2,0,RLIGKTNEK;RLIEKTNEK
3509,2,2,2,0,RLRAEAQRK;RLRAEAQVK
3554,2,2,2,0,RPAADGKTV;RPAVGGKTV
3742,2,2,2,0,RSKAFSNCY;RSKAYSNCY
3927,2,2,2,0,SEHTGKEIV;SEHTGREIV
3982,2,2,0,0,SIYEVGIVL;SIYHTGVEL
4359,2,2,1,0,TMDVYVMIL;TMDPSVRVL
4497,2,2,1,0,TVMINNVKI;TVMINNVKL
4507,2,2,2,0,TVYHGAGTK;TVYHGAGAK
4607,2,2,0,0,VLPFDIKKL;VLPPEINSL
4664,2,2,2,0,VPGLPGTVL;VPGASGTVL
9,1,2,2,0,AAMVLLLRK
15,1,2,1,1,AARIAGRHM
37,1,2,1,1,AEKENVKTL
70,1,2,1,0,AFHQLVQVI
71,1,2,2,0,AFMRFDDQF
83,1,2,2,0,AIFGQTGPK
89,1,2,1,1,AIKCVDIVK
94,1,2,1,0,AITTSNCAK
132,1,2,1,1,ALLRAATYY
143,1,2,1,0,ALRLATVGY
164,1,2,2,0,ALYSYASAK
184,1,2,1,0,AMLVGQVTL
187,1,2,1,0,AMPKTIYEL
191,1,2,1,1,AMSAQAAAF
193,1,2,1,0,AMVDGVSVL
247,1,2,1,1,AQAVMEMTY
251,1,2,1,0,AQLYAYAGF
264,1,2,0,2,ARGVNLCLL
287,1,2,0,1,ASLIPDATY
289,1,2,2,0,ASLPTTIAK
328,1,2,0,0,ATPHSVWVF
329,1,2,0,0,ATPPSLVHF
338,1,2,2,0,ATVVIGTSK
355,1,2,0,2,AVFQNRSQY
361,1,2,1,0,AVLPRDMVF
362,1,2,2,0,AVLQSGFRK
370,1,2,1,1,AVRLVVGPL
377,1,2,2,0,AVTAALHRK
379,1,2,1,0,AVYKTYGQY
385,1,2,0,1,AWILTAGFL
396,1,2,2,0,AYLFTPLFK
400,1,2,1,0,AYQQGVKTL
401,1,2,0,0,AYRRRWRRL
418,1,2,1,0,CIIGTVSKF
429,1,2,0,0,CLYPWAIFH
435,1,2,1,0,CQATSQYYF
438,1,2,1,1,CRLSVQFSK
442,1,2,1,0,CSDAFYPFY
444,1,2,1,0,CSDETTLYY
459,1,2,2,0,CYPGYFADY
502,1,2,0,0,DPKKTGGPI
505,1,2,1,1,DSDDWLNKY
530,1,2,2,0,DVILPIGTR
537,1,2,0,0,DWSGYSGSF
538,1,2,0,1,DYKECEWPL
540,1,2,1,0,DYMPSMKRF
541,1,2,1,0,EAAGIAACL
547,1,2,2,0,EAQERISAL
565,1,2,1,0,EFFDGGLTF
573,1,2,1,0,EGIEGRIAY
620,1,2,1,0,ELNASFIVF
621,1,2,1,0,ELNITSATY
636,1,2,1,0,EMFGGTPAV
655,1,2,1,0,EQFWCGIPY
751,1,2,1,0,EYAPFARLL
754,1,2,1,0,EYKKFIATF
755,1,2,1,0,EYKKSLYKF
758,1,2,1,0,EYVGKTVWF
759,1,2,1,0,EYYFRNEVF
804,1,2,0,1,FFFLFNIKK
807,1,2,0,0,FFNVEIPEF
808,1,2,1,0,FFPMVTDAW
812,1,2,0,0,FGAQMGWPV
823,1,2,0,0,FHFNPLPNV
860,1,2,1,0,FIRYGDASL
876,1,2,2,0,FLCPTFTLK
891,1,2,1,0,FLHPKHWGT
898,1,2,2,0,FLIRRFFMF
907,1,2,1,0,FLLDYEGTL
920,1,2,1,0,FLPKAAYAL
922,1,2,2,0,FLPQILAEC
925,1,2,1,0,FLQMENLMY
927,1,2,1,0,FLQQSIFRF
951,1,2,1,1,FLYALALLL
1051,1,2,1,0,FQPQSGNAM
1067,1,2,0,1,FREVWKQLF
1068,1,2,1,1,FRFFGGVPR
1085,1,2,0,1,FRWLVRVYY
1114,1,2,0,1,FTERSDKSY
1130,1,2,2,0,FTRDTGATL
1131,1,2,1,0,FTRMVVAAL
1161,1,2,1,0,FVHTLLKTY
1179,1,2,2,0,FWPQHFGLI
1180,1,2,1,0,FYADPKRYF
1191,1,2,2,0,FYPEKSTVI
1208,1,2,0,0,GEELPTVVL
1232,1,2,1,0,GFKRGIFIF
1233,1,2,2,0,GFLKNYPEL
1236,1,2,0,0,GFPSLESSF
1273,1,2,1,0,GLHTDQSLY
1284,1,2,1,1,GLMVAGYFY
1322,1,2,1,1,GMHHLYREY
1327,1,2,0,0,GMLVGRLGK
1333,1,2,1,1,GMQIRGFVY
1334,1,2,2,0,GMRDVSFEL
1339,1,2,2,0,GMWCVTLGY
1344,1,2,1,0,GPASLPTAL
1371,1,2,2,0,GQTVEMSPF
1372,1,2,1,0,GQVQLKKPY
1373,1,2,2,0,GQWDGWVWL
1400,1,2,0,0,GRWLGFWNA
1419,1,2,0,2,GSVVASQIF
1424,1,2,1,0,GTDSNGMLW
1427,1,2,1,0,GTEMFRHGY
1436,1,2,1,0,GTHPFSRIR
1456,1,2,1,0,GVEGIGLQY
1467,1,2,2,0,GVNKQTAMK
1480,1,2,1,0,GYISTRVEL
1488,1,2,2,0,HADQLTPAW
1491,1,2,1,0,HAPWTQMAM
1502,1,2,1,1,HESHLVRSW
1573,1,2,1,0,HRDGKPRYL
1586,1,2,1,0,HSIPTLRDY
1598,1,2,2,0,HTKKEMRSF
1616,1,2,2,0,HWCTSTCQF
1621,1,2,0,0,HYGTEGQEF
1628,1,2,1,1,IADMGHLKY
1640,1,2,1,0,IAQLNRPAM
1658,1,2,1,0,IEEFGTGVF
1679,1,2,0,0,IFRRDQIWF
1690,1,2,1,1,IIKGIVNLY
1699,1,2,2,0,IISTNTLGK
1707,1,2,2,0,ILATDIAEM
1708,1,2,2,0,ILCGWHLLK
1744,1,2,1,0,ILQEMSETY
1749,1,2,2,0,ILRQNMIAL
1817,1,2,1,1,IQDEIVAAY
1823,1,2,2,0,IQNDLITEF
1837,1,2,1,0,IRMWNQAAL
1848,1,2,1,0,ISDEFMWRY
1850,1,2,1,1,ISDYDYYRY
1865,1,2,2,0,ISRDIMDAY
1879,1,2,1,1,ITASKDLCF
1889,1,2,0,0,ITGQIIFGF
1896,1,2,0,0,ITLYEYDHF
1902,1,2,2,0,ITRKEAEQF
1921,1,2,2,0,IVFMWAIHH
1943,1,2,1,0,IYDFYNAEY
1944,1,2,0,0,IYDHSRKPF
1947,1,2,0,0,IYKNKISDF
1955,1,2,2,0,IYQARFMKY
1976,1,2,1,0,KASQTNDSY
1980,1,2,2,0,KAVHADMGY
1993,1,2,2,0,KECVDGTLL
2013,1,2,1,0,KFHQIEKEF
2028,1,2,1,1,KICEYIRSY
2047,1,2,2,0,KINRSKTPY
2054,1,2,2,0,KITDFGIAK
2061,1,2,2,0,KLAETRMGY
2067,1,2,0,1,KLEYLAPSY
2068,1,2,2,0,KLFAAETLK
2076,1,2,2,0,KLGDQFGRK
2081,1,2,1,0,KLHRYIDSM
2084,1,2,2,0,KLIDIALSK
2110,1,2,1,1,KLQLKGMSY
2128,1,2,2,0,KLVGIELPK
2146,1,2,0,1,KMARLGKGY
2159,1,2,0,0,KMLDPRQGL
2169,1,2,2,0,KNYPASLHK
2177,1,2,1,0,KPKHLYVSM
2223,1,2,1,0,KRFNITVSK
2231,1,2,1,1,KRKLMYVSA
2259,1,2,2,0,KSDGTGTIY
2284,1,2,1,0,KSRCGSLGY
2286,1,2,1,1,KSSLEVYIY
2304,1,2,2,0,KTDIVNTTY
2306,1,2,2,0,KTDVIDLLY
2323,1,2,2,0,KTNDRKWCF
2327,1,2,0,0,KTRRFLPQI
2352,1,2,1,0,KVDWNQFTY
2365,1,2,2,0,KVIQPRVEK
2366,1,2,1,1,KVIVYCHYY
2370,1,2,2,0,KVMALPIPH
2372,1,2,0,2,KVMVICYAY
2375,1,2,0,0,KVRGRLLAL
2376,1,2,2,0,KVSDSNLHK
2378,1,2,1,0,KVSWRWMVY
2383,1,2,1,1,KVYTMDGEY
2385,1,2,1,0,KWFNNEKGF
2391,1,2,2,0,KYFDDVTAF
2399,1,2,2,0,KYMDNELVY
2405,1,2,0,0,KYYLAYTSY
2412,1,2,0,0,LAEQFSGEY
2421,1,2,0,0,LANETTQAL
2422,1,2,1,1,LANPTADDF
2440,1,2,0,2,LEARVNLSV
2472,1,2,0,1,LFQPLHTVM
2484,1,2,1,0,LIIDEIGYL
2495,1,2,2,0,LLARFGLEK
2496,1,2,0,1,LLASAQPLH
2506,1,2,1,0,LLGEHGVAF
2549,1,2,1,0,LMKAPGTYH
2550,1,2,1,0,LMLADHPEY
2567,1,2,1,0,LMTGGVTLV
2650,1,2,1,0,LQIPFAMQM
2656,1,2,1,1,LQLTAVFAY
2657,1,2,1,0,LQMLGENVL
2661,1,2,1,0,LQRNWSYGF
2666,1,2,1,0,LQYNTFLQY
2683,1,2,2,0,LSDDAVVCY
2689,1,2,2,0,LSDNLSLVY
2690,1,2,0,0,LSEEANWAF
2711,1,2,1,0,LTDDMIAAY
2720,1,2,2,0,LTINAVASK
2755,1,2,1,1,LVSLGAISF
2759,1,2,1,1,LVTGAGSGF
2765,1,2,0,0,LYDYKENRF
2766,1,2,0,0,LYEASTTYL
2768,1,2,2,0,LYIEFTDNM
2774,1,2,2,0,LYNTAIVGL
2780,1,2,1,0,LYTVKYPNL
2784,1,2,1,1,MACHRVLTY
2785,1,2,1,0,MAFLPCLII
2822,1,2,1,0,MFAVGTWMM
2829,1,2,0,0,MFSVYDYGF
2836,1,2,0,0,MGHPKNAYL
2839,1,2,0,0,MGMNAYFAY
2843,1,2,0,2,MHQVLDEAI
2850,1,2,0,0,MIPSWASVK
2872,1,2,0,0,MLLGELLTF
2883,1,2,2,0,MLVGQVTLL
2887,1,2,0,0,MLYPLLWMF
2910,1,2,1,0,MMYTVSLGH
2919,1,2,0,1,MPDTLFEGV
2950,1,2,1,1,MQDVFTFYV
2958,1,2,1,1,MQLPQGGAF
2983,1,2,1,0,MSDIFHALV
2984,1,2,0,0,MSDWGHITV
2992,1,2,1,1,MSQMPPHPY
2997,1,2,0,0,MSSAMSMMH
3049,1,2,0,0,MVGVGSLVK
3056,1,2,1,0,MVRQMRAAL
3062,1,2,0,0,MWHVTRGAF
3063,1,2,2,0,MYADDTAGW
3099,1,2,1,0,NFGRVKVHF
3106,1,2,2,0,NHYLCLNCL
3107,1,2,0,1,NIAAPYLPF
3118,1,2,1,0,NLKLYGAEF
3128,1,2,0,0,NMNNDSYYF
3154,1,2,0,2,NRYGLPEKM
3165,1,2,0,0,NSSKVSQNY
3202,1,2,0,1,PLKVKDIPF
3215,1,2,1,0,PYATGPLVF
3217,1,2,1,0,PYIDAADQF
3228,1,2,2,0,QEHDCLQIV
3247,1,2,1,1,QINELHHSK
3269,1,2,2,0,QMRAVGQPL
3276,1,2,1,0,QPEWFRNVL
3277,1,2,0,2,QPKKAAAAL
3296,1,2,1,0,QSAANMYIY
3320,1,2,0,2,QVVMTSLAL
3322,1,2,0,0,QWLIEPCKL
3324,1,2,0,0,QYDVPMVSF
3339,1,2,1,0,RADSMMLGY
3354,1,2,2,0,RANNNRLPK
3375,1,2,0,1,RDALGRTAL
3413,1,2,2,0,RFFKHFMSL
3427,1,2,1,0,RHYSASFKK
3430,1,2,1,1,RIARFHRPY
3435,1,2,1,1,RIHGLGFCY
3438,1,2,0,1,RIKTRLFTI
3441,1,2,2,0,RIRKLVAAL
3444,1,2,1,0,RIYCQENPY
3462,1,2,1,0,RLAEERGAF
3471,1,2,2,0,RLCYGGPWK
3476,1,2,1,0,RLFFIDWEY
3482,1,2,0,0,RLHRLLLMR
3485,1,2,2,0,RLIGHISTL
3489,1,2,1,0,RLKHIFLIF
3496,1,2,1,0,RLLRFTGLF
3497,1,2,1,1,RLMATKNIY
3531,1,2,2,0,RMFEKSTHH
3536,1,2,1,0,RMGVQMQRF
3549,1,2,1,0,RMVIGGVAL
3578,1,2,1,1,RPKPDYSAM
3618,1,2,2,0,RPVPHWPKY
3620,1,2,0,0,RPWMLDKYF
3623,1,2,2,0,RQAELSKAY
3627,1,2,1,0,RQGWARAML
3631,1,2,0,0,RQIQVEGLK
3647,1,2,2,0,RQVCFFSAT
3658,1,2,1,0,RRATAILRK
3739,1,2,0,0,RSGIDTNAY
3750,1,2,2,0,RSRLVSLAL
3759,1,2,2,0,RTADIGACM
3761,1,2,2,0,RTAKVRAFH
3764,1,2,2,0,RTEILGLVK
3800,1,2,2,0,RVDGLELKK
3818,1,2,2,0,RVITAPPYY
3834,1,2,2,0,RVPVSCAVY
3841,1,2,2,0,RVRQAWDTL
3853,1,2,1,1,RVVRPWGSY
3855,1,2,1,0,RVYAELAAL
3869,1,2,2,0,RVYVAQKRK
3898,1,2,2,0,RYRTAVCGL
3914,1,2,0,0,SASLAALFY
3919,1,2,1,1,SCRVKLSAL
3960,1,2,1,0,SHAKVLVTF
3979,1,2,2,0,SIRDGVRAY
3980,1,2,2,0,SIVADMVTY
3986,1,2,1,0,SLAIDAYPL
3994,1,2,1,0,SLFGAAVSL
4010,1,2,1,1,SLIVKCMPY
4023,1,2,1,0,SLPPNFSSL
4026,1,2,1,0,SLRPNDIVY
4044,1,2,2,0,SLYNTVATL
4088,1,2,1,1,SPSKRNQTF
4094,1,2,2,0,SPVIVNGAM
4103,1,2,1,0,SQEDNHFSL
4109,1,2,2,0,SQISNTEMY
4119,1,2,0,0,SQYDPKELL
4125,1,2,0,1,SRDYYRHKV
4127,1,2,1,0,SREVISHRL
4132,1,2,1,0,SRIRDGLQY
4139,1,2,1,1,SRPLVSFSF
4149,1,2,2,0,SSADLSLEK
4169,1,2,1,0,SSSLTSLLK
4177,1,2,1,1,STDDCFANK
4178,1,2,1,0,STDHIPILY
4241,1,2,0,0,SYAAAQRKL
4287,1,2,2,0,TFHLSIPNF
4288,1,2,1,0,TFMDGTPEL
4294,1,2,0,1,TGHPWITFK
4304,1,2,2,0,TIHLATAPK
4364,1,2,1,1,TMKEGWIVY
4389,1,2,0,0,TPRKKNYHF
4409,1,2,1,1,TQRKKTLGF
4417,1,2,0,1,TRLLWAEIL
4426,1,2,2,0,TSCAPMMQK
4429,1,2,0,1,TSGGLLLAW
4438,1,2,1,0,TTALVQCIY
4472,1,2,1,1,TVDHMAIIK
4528,1,2,1,0,VAGGTSSVY
4529,1,2,0,1,VALSEQGEF
4530,1,2,2,0,VASGVHCNY
4558,1,2,0,0,VFTSRIQVI
4565,1,2,1,0,VIGFLALAK
4578,1,2,2,0,VLDCRTAFK
4595,1,2,2,0,VLKPTTYKF
4617,1,2,1,0,VLSELPDFL
4638,1,2,0,0,VMGDAAWDF
4640,1,2,1,0,VMKRNFIDF
4648,1,2,1,0,VMSELFDTL
4665,1,2,0,1,VPGFHGWAT
4678,1,2,2,0,VPRLGDKTF
4700,1,2,0,2,VRGGMVAPL
4708,1,2,0,0,VSEHFSLLF
4723,1,2,1,1,VSNAAAVAY
4725,1,2,2,0,VSNRCPICK
4726,1,2,0,1,VSPLAVTWW
4730,1,2,1,1,VSSHKGWAK
4762,1,2,1,0,VTTPARTAF
4765,1,2,2,0,VVAANRSAF
4785,1,2,2,0,VVYCNGQRK
4788,1,2,1,0,VVYKEAKIK
4793,1,2,2,0,VWKQLFPEL
4801,1,2,1,0,VYSFDESSF
4848,1,2,2,0,WIYDPRNQK
4904,1,2,1,0,WPVLGSEVL
4909,1,2,1,1,WQFGPSTYY
4910,1,2,1,1,WQGDTGITY
4928,1,2,1,0,WSFLEDRVY
4932,1,2,0,1,WSILRQRCW
4950,1,2,0,0,WYDWQQVPF
4951,1,2,0,0,WYGMEIRPL
4953,1,2,2,0,WYMWLGARF
4956,1,2,0,0,YADHGANQL
4962,1,2,1,0,YALTEYHAM
4964,1,2,1,0,YAMMSLFDM
4985,1,2,1,0,YESSHWLVV
4991,1,2,1,1,YFDDVTAFL
4995,1,2,0,0,YFHAELNYL
5000,1,2,2,0,YFNTHDVYF
5024,1,2,1,0,YIFRNTINM
5064,1,2,1,1,YLDDPDLKY
5099,1,2,1,0,YLLLTTNGT
5102,1,2,1,0,YLNAVSLCI
5114,1,2,1,0,YLREHIRAM
5122,1,2,1,1,YLSGANLNL
5140,1,2,1,0,YMDAVFEYT
5142,1,2,1,0,YMHGSIHEV
5144,1,2,1,1,YMIKLAKEV
5158,1,2,1,1,YMQQVSEGL
5164,1,2,1,0,YMTLQAVTF
5210,1,2,1,0,YQCYNAVKM
5218,1,2,1,0,YQIEGAWRA
5219,1,2,2,0,YQKKNASVY
5227,1,2,1,0,YQSMIRPPY
5230,1,2,1,0,YQVEGATRV
5232,1,2,2,0,YQVLVMVPK
5274,1,2,0,0,YRYTYRCHR
5284,1,2,2,0,YSHYSHNPK
5292,1,2,2,0,YSQESPQSY
5294,1,2,1,1,YSRMLYIEF
5320,1,2,2,0,YTKIVTNIL
5334,1,2,0,1,YTQLRFPKK
5373,1,2,1,0,YYAFVGVMY
5385,1,2,2,0,YYPEDPVKL
5389,1,2,2,0,YYTEDQGQF
0,1,1,0,1,AAAAFEAAL
1,1,1,1,0,AAAANTTAL
3,1,1,0,0,AADFPGIAR
4,1,1,1,0,AADSFATSY
5,1,1,1,0,AAFLDDNAF
6,1,1,1,0,AAKHMSNTY
7,1,1,1,0,AAKKKGASL
13,1,1,1,0,AARAGGAAV
14,1,1,1,0,AARGRTGVL
16,1,1,0,0,AARISSCLK
18,1,1,0,0,AARTKGISI
24,1,1,0,0,AEDMGNGCF
66,1,1,0,1,AFFAERLYY
69,1,1,0,0,AFHHVAREL
74,1,1,0,0,AHAGARVNL
75,1,1,0,0,AHGWSTFYL
76,1,1,0,0,AHSTIMPRL
78,1,1,0,0,AHYEEDVNL
79,1,1,1,0,AIAPTRAVL
81,1,1,1,0,AIDDFCLFA
82,1,1,0,0,AIDLDPVVY
84,1,1,1,0,AIFQSSMTK
85,1,1,1,0,AIGRAFMKK
86,1,1,0,1,AIHPFALLL
88,1,1,1,0,AIIRILQQL
91,1,1,0,0,AINVEKIEL
93,1,1,1,0,AISRLRTQK
95,1,1,0,0,AIVGGLAEL
99,1,1,0,1,AKIALAVYK
100,1,1,1,0,AKIEAPLLL
105,1,1,1,0,ALALFDLLK
107,1,1,0,0,ALASFLFGF
108,1,1,1,0,ALAVLSKCY
109,1,1,1,0,ALCRWGLLL
110,1,1,0,0,ALDISFTGA
111,1,1,1,0,ALEEGRKYV
113,1,1,1,0,ALFDGDPHL
116,1,1,1,0,ALFEDYPGC
117,1,1,1,0,ALFGQALHK
120,1,1,0,0,ALFYKDGKL
121,1,1,0,0,ALHRRGPHR
124,1,1,0,0,ALIVAIWDK
125,1,1,1,0,ALKANNKVY
126,1,1,1,0,ALKEAIEMV
127,1,1,1,0,ALLDLGWTI
130,1,1,1,0,ALLKHRFEI
131,1,1,1,0,ALLNIKVKL
133,1,1,1,0,ALLTGSYTI
141,1,1,1,0,ALRANSAVK
142,1,1,1,0,ALRGVAVGR
145,1,1,0,1,ALRRRTGTR
147,1,1,1,0,ALSEFIKFA
150,1,1,1,0,ALSNLEVKL
151,1,1,0,0,ALSPPLLLL
152,1,1,1,0,ALSSDGDTV
154,1,1,1,0,ALTLNTMTK
155,1,1,1,0,ALTPPFHPY
156,1,1,0,0,ALTSAMLDR
157,1,1,1,0,ALVSEVTEV
161,1,1,1,0,ALYEENALK
165,1,1,1,0,ALYWALMES
168,1,1,1,0,AMCRTPFSL
169,1,1,1,0,AMDGGGFYA
170,1,1,1,0,AMDTISVFL
171,1,1,1,0,AMEDLVRAY
173,1,1,1,0,AMFIGHATA
174,1,1,1,0,AMGDAGGYK
175,1,1,1,0,AMHYIRHRA
176,1,1,1,0,AMIDRLHQT
177,1,1,0,0,AMISLAKKI
178,1,1,0,0,AMITYITRK
181,1,1,1,0,AMLDRILHH
182,1,1,1,0,AMLHWSLIL
188,1,1,1,0,AMQDPNPEV
192,1,1,0,0,AMSTWSFYH
194,1,1,0,1,AMVLDKKLY
195,1,1,0,1,AMVPLVMVI
199,1,1,1,0,AMYMALIAA
205,1,1,1,0,APAKHRAML
206,1,1,1,0,APAKKAAAK
208,1,1,1,0,APALRQANI
210,1,1,1,0,APDPSRLAF
211,1,1,1,0,APEEKYLSM
214,1,1,1,0,APGGAKKPL
215,1,1,0,0,APGGHGGWL
216,1,1,1,0,APGWLIWTY
217,1,1,1,0,APIANPGAL
219,1,1,1,0,APIFARSTL
220,1,1,1,0,APILVVSGI
221,1,1,1,0,APINSATAM
222,1,1,1,0,APKCDVSFL
223,1,1,1,0,APKEFRGAL
224,1,1,1,0,APLAHRLGM
226,1,1,0,0,APPHGGIAF
227,1,1,1,0,APPPFRLPL
228,1,1,1,0,APPPPGTNL
229,1,1,1,0,APPPQRAAM
230,1,1,1,0,APQLVSTAA
232,1,1,1,0,APRFSRTPA
235,1,1,1,0,APRQPGLMA
237,1,1,1,0,APRTLVLLL
238,1,1,1,0,APRTVALTA
239,1,1,1,0,APSAFGMLL
240,1,1,1,0,APSPYNSRF
242,1,1,1,0,APVESMALF
243,1,1,1,0,APVTSLTAA
246,1,1,1,0,AQAELDAAF
248,1,1,1,0,AQHAPDAAK
255,1,1,1,0,AQPAPQAPY
256,1,1,1,0,AQRAAGPSV
258,1,1,1,0,AQRPAKYSY
259,1,1,1,0,AQRWANQIR
260,1,1,1,0,AQSDFMSWV
266,1,1,1,0,ARIDARIDF
272,1,1,1,0,ARQKQKHPK
273,1,1,1,0,ARVAASLAK
276,1,1,0,1,ARYDVALSE
281,1,1,0,0,ASDDYDRLY
283,1,1,1,0,ASFKAGKLR
286,1,1,1,0,ASILSRMAY
291,1,1,0,1,ASRGLWDSF
295,1,1,0,0,ASSWAPTQK
307,1,1,0,0,ATEDPSSGY
308,1,1,1,0,ATENIAVRY
310,1,1,0,0,ATFLWWIPL
314,1,1,1,0,ATGFPFFDR
319,1,1,1,0,ATKDSFQSF
322,1,1,1,0,ATLTLSLKK
323,1,1,1,0,ATMATRRGY
324,1,1,1,0,ATNDGLIKK
327,1,1,0,0,ATNRLGSHR
330,1,1,0,0,ATQLSAVAK
332,1,1,1,0,ATREGKHGK
347,1,1,1,0,AVDPAKAYK
348,1,1,1,0,AVEGGLYPV
349,1,1,1,0,AVFDATGDK
353,1,1,0,1,AVFLSYIGY
356,1,1,1,0,AVGFFPTGV
357,1,1,0,0,AVGIGLRLV
360,1,1,1,0,AVLEDSVAK
368,1,1,1,0,AVRFTGVGI
369,1,1,0,0,AVRHAKAST
371,1,1,1,0,AVRPAVSAT
372,1,1,0,0,AVRQKSRWI
373,1,1,1,0,AVRWVQNAL
376,1,1,0,1,AVSRGTAKL
380,1,1,1,0,AVYQEALRK
381,1,1,0,1,AVYSICKFY
386,1,1,0,0,AWQRTLKWF
390,1,1,0,0,AYDHGNVIL
392,1,1,1,0,AYFLEAQEM
397,1,1,0,0,AYPELACAV
406,1,1,0,0,CADGTRHTY
409,1,1,1,0,CASSSDWFY
411,1,1,1,0,CELSSHGDL
417,1,1,0,0,CHKGWGVSV
419,1,1,1,0,CIIKLPTLF
420,1,1,1,0,CLGGLLTMV
421,1,1,1,0,CLLNYSGLK
423,1,1,1,0,CLMTYSHHA
425,1,1,1,0,CLSDEINHV
426,1,1,1,0,CLTEYILWV
427,1,1,0,1,CLTPKKNVY
428,1,1,1,0,CLVSGLSSL
431,1,1,1,0,CMLDGGNML
432,1,1,1,0,CPLNQLEQF
434,1,1,1,0,CPTLKKGFL
443,1,1,0,0,CSDDGFWSK
445,1,1,1,0,CSEYVKDIY
448,1,1,0,0,CTDPPLLSV
449,1,1,1,0,CTDPYSQMV
450,1,1,1,0,CTELKLSDY
460,1,1,0,0,CYPYDVPDY
464,1,1,0,0,DAVEDFLAF
466,1,1,0,1,DDKFPKISI
471,1,1,0,1,DESIVQAML
473,1,1,1,0,DEYVHITSA
474,1,1,0,0,DFIGFGAAY
475,1,1,0,0,DFIGKTIGF
476,1,1,0,0,DFISMYFPW
477,1,1,0,0,DGAEGINPY
478,1,1,0,0,DHIPIINTL
479,1,1,0,0,DHLKEKSSL
481,1,1,1,0,DIDEILEKV
483,1,1,0,1,DIIRAHPWF
484,1,1,0,0,DIIWHLNDL
487,1,1,0,1,DILASIIDY
494,1,1,0,0,DLNKVIQFL
497,1,1,0,0,DLYDYITRI
498,1,1,0,0,DLYRMYSRY
503,1,1,1,0,DPNPQEVVL
506,1,1,1,0,DSDGSFFLY
514,1,1,0,0,DTDPLPVVF
520,1,1,0,0,DTLKVGNTY
521,1,1,0,0,DTRAIDQFF
527,1,1,0,1,DTWHGFKNM
529,1,1,0,0,DVAKIEAPL
536,1,1,0,1,DVYVKIDNV
542,1,1,1,0,EADPTGHSY
544,1,1,0,0,EALAMCLPY
548,1,1,0,0,EEAIGKVLL
551,1,1,0,0,EEAPAAVSF
552,1,1,0,1,EECDSELEI
553,1,1,0,0,EEEQTLTIL
556,1,1,0,0,EEFLQCGRL
561,1,1,1,0,EEQTSVFSA
563,1,1,0,0,EETLLTTWL
564,1,1,0,1,EEVDISKDI
568,1,1,0,0,EFKQILTDF
569,1,1,0,0,EFKRRLKDL
571,1,1,1,0,EFVKLTMEY
572,1,1,0,1,EFVSANLAM
574,1,1,0,0,EGIYKLSSM
576,1,1,0,0,EHFLGIWGL
577,1,1,0,0,EHNGGDDPL
578,1,1,0,1,EHVQGDIDL
583,1,1,0,0,EIFWDKKAY
591,1,1,0,0,EIKSLFNTI
593,1,1,0,0,EINNELELV
597,1,1,1,0,EIQLKIDKL
604,1,1,1,0,EKDSNHNVL
608,1,1,0,0,ELDEIGEDV
610,1,1,0,1,ELFYILIAK
611,1,1,1,0,ELGNILSVY
617,1,1,1,0,ELIRRVRRY
618,1,1,0,0,ELISSAFKV
619,1,1,0,0,ELLNILTEL
622,1,1,0,1,ELPIVTPAL
627,1,1,0,0,ELRSLYNTV
631,1,1,0,0,ELVRKTRFL
632,1,1,0,0,ELVSEFSRM
633,1,1,1,0,ELYENKPDV
639,1,1,0,0,EMKLRQKQL
641,1,1,0,0,EMQLKIDKL
648,1,1,0,1,EPLELVRYI
649,1,1,0,1,EPLITKLIL
657,1,1,0,1,EQKRQNMVL
658,1,1,1,0,EQLGVPLHL
659,1,1,1,0,EQRAGYQAF
661,1,1,1,0,ERAFQNWSV
663,1,1,1,0,ERNPYENIL
664,1,1,1,0,ERTDLFFPV
668,1,1,1,0,ESDMEVFDY
669,1,1,0,0,ESDPEGALW
675,1,1,0,0,ESPSSIWVF
683,1,1,0,0,ETDDYMFFV
684,1,1,1,0,ETDQMDTIY
685,1,1,1,0,ETEQPTLDY
687,1,1,0,0,ETFKVIGGW
700,1,1,0,0,ETLETLLLL
715,1,1,0,0,ETYKELKAH
740,1,1,0,0,EVNKALYDL
745,1,1,0,0,EVSFKSVNF
752,1,1,1,0,EYARQVQMI
753,1,1,1,0,EYIWRSLKI
756,1,1,1,0,EYLDDRNTF
763,1,1,1,0,FADINGKLY
765,1,1,0,0,FAEGVVAFL
770,1,1,0,1,FAGDLYRMY
781,1,1,1,0,FATPAFFLI
782,1,1,1,0,FATTPVCEY
785,1,1,0,1,FCRVLCCYV
786,1,1,0,0,FCSNHFTEL
787,1,1,0,1,FDSIDIDVI
788,1,1,0,1,FDSLENSAF
806,1,1,0,0,FFLFPMAAY
813,1,1,0,0,FGGGPWWEV
815,1,1,0,0,FGLLPEHYV
816,1,1,1,0,FHAPPPSVC
818,1,1,0,1,FHAVNSVFF
819,1,1,1,0,FHDSNVKNL
821,1,1,0,0,FHERGYVKL
826,1,1,0,0,FHGIFYSIF
827,1,1,1,0,FHGVAKNPV
831,1,1,0,1,FHKRDMRLL
841,1,1,1,0,FHVPFDILL
853,1,1,1,0,FIKDYRYTY
862,1,1,1,0,FIYFGKKQY
874,1,1,1,0,FLAVGGVLL
882,1,1,1,0,FLEESHPGI
883,1,1,1,0,FLFDRLTNG
884,1,1,0,1,FLFLYWPHY
886,1,1,1,0,FLGLCAFLA
887,1,1,1,0,FLGQADFSL
888,1,1,0,1,FLGSHSEPL
892,1,1,0,0,FLHSGTAKS
897,1,1,0,1,FLILPQAKK
899,1,1,0,1,FLISEMLSK
900,1,1,1,0,FLIVSLCPT
904,1,1,1,0,FLKPEETFV
909,1,1,1,0,FLLLADARV
914,1,1,1,0,FLMGFNRDV
917,1,1,1,0,FLNEDHWAS
919,1,1,1,0,FLPGQYMNI
921,1,1,1,0,FLPPQIPVI
931,1,1,1,0,FLRFGDFKL
939,1,1,1,0,FLSPVIMNK
941,1,1,1,0,FLTKKMTEV
942,1,1,1,0,FLTQDLPLL
962,1,1,0,0,FMHSAAPIT
979,1,1,0,0,FMVAWGKEA
981,1,1,0,0,FMWAHPGKK
983,1,1,0,0,FMYEDALKS
986,1,1,0,0,FNCGGEFFY
987,1,1,0,1,FPAEFRDGY
1020,1,1,0,0,FPRSAERAG
1029,1,1,1,0,FPTQADAIG
1042,1,1,1,0,FQILHDRFF
1043,1,1,1,0,FQKDAKVLF
1044,1,1,1,0,FQLAAPSGF
1045,1,1,1,0,FQLYPPQIL
1046,1,1,1,0,FQLYSDLAH
1064,1,1,0,1,FRAQTKGKV
1070,1,1,0,0,FRGRGVFEL
1073,1,1,1,0,FRKGSSIGK
1078,1,1,1,0,FRNQVKIRR
1080,1,1,0,1,FRRFTQAIY
1091,1,1,0,0,FSDLCNFLI
1092,1,1,0,0,FSDLLRVSL
1096,1,1,0,0,FSFGDYFKK
1101,1,1,0,1,FSLGQGVKF
1104,1,1,0,0,FSVPLDEGF
1108,1,1,1,0,FTASVSTVV
1110,1,1,1,0,FTDGVCLFW
1112,1,1,0,1,FTDNNELEF
1117,1,1,0,1,FTFERSKIK
1120,1,1,0,0,FTFWTFANY
1122,1,1,0,0,FTHREQLFM
1125,1,1,0,0,FTLDADLGI
1150,1,1,1,0,FVDTMSIYI
1151,1,1,0,0,FVDVGVSAL
1152,1,1,1,0,FVDVIIIKV
1153,1,1,0,0,FVEPEELNL
1176,1,1,0,0,FVYHPDRLK
1178,1,1,0,0,FWLMVYEGL
1182,1,1,0,0,FYGAKEIAL
1183,1,1,0,0,FYHISTGGY
1186,1,1,1,0,FYLFTFTIY
1188,1,1,0,0,FYMASTWGA
1192,1,1,0,0,FYPINDDFY
1196,1,1,0,0,FYYNAFHWA
1197,1,1,1,0,GAAGARGAL
1198,1,1,1,0,GAGDFSHGW
1199,1,1,0,0,GAMLVVAAK
1201,1,1,1,0,GAWCYDYTV
1202,1,1,0,1,GDNLKGIVV
1204,1,1,1,0,GEDAKLIAV
1209,1,1,0,0,GEETIEERF
1210,1,1,1,0,GEGGVGSIL
1213,1,1,0,0,GEGSGARLL
1214,1,1,1,0,GEHVPEIIL
1215,1,1,1,0,GEIFGLLGP
1217,1,1,1,0,GEINGEHVP
1225,1,1,0,0,GENMAPEKV
1226,1,1,1,0,GEPDARYEI
1231,1,1,0,0,GFKLRSAVM
1235,1,1,0,0,GFPFFIMPK
1238,1,1,0,0,GGRAHRMAL
1239,1,1,0,0,GGTPAVEEW
1241,1,1,1,0,GHGTVVLEL
1246,1,1,1,0,GIADFIIFK
1247,1,1,1,0,GIALAVPCV
1248,1,1,1,0,GIFGAIAGF
1249,1,1,0,0,GILKSILKV
1250,1,1,1,0,GILTSTSPV
1252,1,1,0,0,GITGGHIPK
1253,1,1,1,0,GIVCYNEEV
1254,1,1,0,0,GIYCTVPFI
1255,1,1,1,0,GIYGAVIPL
1256,1,1,1,0,GIYHDICEI
1258,1,1,0,0,GLAGGAATA
1259,1,1,1,0,GLCTLVAML
1260,1,1,0,0,GLDDSALDA
1261,1,1,1,0,GLDPTGVAV
1262,1,1,1,0,GLDVLTAKV
1267,1,1,0,1,GLFVYLIRY
1268,1,1,0,1,GLFWGGIWY
1269,1,1,1,0,GLGSFVARK
1270,1,1,1,0,GLHAAAPHL
1272,1,1,1,0,GLHCYEQLV
1274,1,1,1,0,GLIPQWVTL
1275,1,1,0,0,GLIVLPFYK
1276,1,1,0,0,GLKISLCGI
1277,1,1,1,0,GLLASAPGI
1278,1,1,1,0,GLLDVTDNV
1279,1,1,0,0,GLLDWGMQQ
1280,1,1,1,0,GLLEAGNSL
1281,1,1,1,0,GLLPEQLLK
1282,1,1,0,0,GLLSSKFKA
1283,1,1,1,0,GLMLAFEPK
1287,1,1,1,0,GLNKLAGFK
1289,1,1,1,0,GLPESTPSL
1290,1,1,1,0,GLPPGTPAV
1291,1,1,0,0,GLPVEYLQV
1292,1,1,1,0,GLQADAPHL
1293,1,1,1,0,GLQGIYVLV
1296,1,1,0,0,GLSFLNPEK
1297,1,1,1,0,GLVECNNHY
1298,1,1,1,0,GLVGVLAGL
1299,1,1,1,0,GLVRALTAF
1300,1,1,1,0,GLYDGMEHL
1301,1,1,1,0,GLYEAIEEC
1303,1,1,0,0,GLYEWISEQ
1304,1,1,1,0,GLYGNGILV
1305,1,1,1,0,GLYKSAPRR
1307,1,1,1,0,GLYNRHRGR
1308,1,1,0,0,GLYPAQIKA
1309,1,1,1,0,GLYPQLSAI
1310,1,1,1,0,GLYQGIVGF
1312,1,1,1,0,GLYSLPHDL
1313,1,1,1,0,GMAEDLQSL
1315,1,1,0,0,GMDPRMCSL
1318,1,1,0,0,GMFNMLSTV
1320,1,1,1,0,GMGEAAAIF
1321,1,1,1,0,GMHDGTVGK
1324,1,1,1,0,GMIPFFDFA
1325,1,1,1,0,GMKAFTAAV
1332,1,1,1,0,GMPNWCVSI
1335,1,1,1,0,GMRVLGTNY
1336,1,1,1,0,GMSSRAIAR
1337,1,1,1,0,GMSWITQGL
1341,1,1,1,0,GPAEARKVC
1342,1,1,0,0,GPAFVRTKL
1345,1,1,1,0,GPATAQMAL
1346,1,1,1,0,GPGEVSAAM
1347,1,1,0,0,GPGGLSALL
1350,1,1,0,0,GPKVRTWLF
1351,1,1,0,1,GPLGILSNY
1355,1,1,1,0,GPRRAAWRI
1357,1,1,1,0,GPRWPRRMP
1359,1,1,1,0,GPVRPYFSL
1364,1,1,0,0,GQLASMVKL
1367,1,1,1,0,GQRDTDVPY
1368,1,1,1,0,GQRVYSWVY
1369,1,1,1,0,GQSTSRHKK
1370,1,1,1,0,GQTGVIADY
1383,1,1,0,0,GRGQILLGK
1384,1,1,1,0,GRIDKPILK
1385,1,1,0,1,GRIPVSDIF
1386,1,1,0,1,GRIQDLEKY
1391,1,1,1,0,GRMEKKTWK
1393,1,1,1,0,GRNSFEVRV
1394,1,1,0,1,GRQAPTADV
1396,1,1,0,0,GRRATAILR
1397,1,1,0,1,GRRGDQIKV
1407,1,1,1,0,GSASPTPPY
1408,1,1,1,0,GSDGGLDDY
1409,1,1,0,0,GSEDRDLLY
1410,1,1,0,0,GSEEIKSLY
1411,1,1,1,0,GSFAAPATK
1413,1,1,1,0,GSKYRGLPK
1414,1,1,0,0,GSNRPWVSF
1415,1,1,1,0,GSQPGGPLK
1421,1,1,1,0,GTAPPPLTR
1422,1,1,1,0,GTDHVVLAK
1426,1,1,1,0,GTEKLTITY
1433,1,1,1,0,GTGAGVPSK
1434,1,1,0,0,GTGDSRLTY
1435,1,1,1,0,GTHITNGGY
1440,1,1,1,0,GTLSYDNLK
1445,1,1,1,0,GTQDGGLMK
1446,1,1,0,0,GTRKIMKVV
1450,1,1,0,1,GTVPTDNPF
1459,1,1,0,0,GVFELSDEK
1461,1,1,1,0,GVFPINESF
1462,1,1,1,0,GVGAPTTTY
1463,1,1,1,0,GVIMPNGSY
1464,1,1,1,0,GVKGFSFKY
1465,1,1,0,1,GVLIGGLEW
1469,1,1,1,0,GVYGGLCLA
1474,1,1,1,0,GWPDNYCEW
1475,1,1,0,0,GWTETDSSF
1478,1,1,1,0,GYCLTRWML
1479,1,1,1,0,GYDFEREGY
1482,1,1,0,0,GYLIVPDEL
1485,1,1,0,0,GYTVARSQL
1487,1,1,0,0,HADDIPVPV
1489,1,1,0,1,HAEIESATL
1494,1,1,1,0,HCIDKTPGL
1509,1,1,1,0,HHAVPNGTL
1510,1,1,0,1,HHDPILNGL
1511,1,1,0,0,HHIPNGVVW
1512,1,1,0,0,HHSDDALFI
1517,1,1,0,1,HISWQGPGK
1519,1,1,1,0,HKADEVRAL
1520,1,1,1,0,HKELAITAL
1521,1,1,0,0,HLAGYSGVL
1524,1,1,0,0,HLEDGIYGI
1525,1,1,0,0,HLGNVKYLV
1526,1,1,1,0,HLIDYLVTS
1528,1,1,0,0,HLKRLWKML
1532,1,1,0,0,HLPELIWRS
1533,1,1,1,0,HLPGFGTAF
1537,1,1,1,0,HLTRVGPYL
1540,1,1,0,1,HLYYFITYY
1555,1,1,1,0,HPRARSMSS
1571,1,1,1,0,HQKKNEISF
1574,1,1,0,0,HRIQEELFY
1580,1,1,0,0,HSAARRLFH
1581,1,1,0,1,HSDDALFIY
1584,1,1,0,0,HSGDSSCAF
1590,1,1,0,0,HSRRSRRSL
1595,1,1,0,0,HTAWDSHWV
1603,1,1,1,0,HTSSGRTSL
1609,1,1,1,0,HVDGKILFV
1611,1,1,1,0,HVIQNAFRK
1613,1,1,1,0,HVPTRGTAM
1614,1,1,0,1,HVTGRWNWW
1626,1,1,1,0,IAAPNMIAV
1629,1,1,0,0,IAHGFEQYI
1630,1,1,1,0,IAHVRDVVM
1639,1,1,0,1,IAPWYAFAL
1645,1,1,1,0,IASVPTSRY
1647,1,1,0,0,IAVAARSTL
1648,1,1,1,0,ICSAVPVHW
1649,1,1,0,1,IDLINNDQI
1650,1,1,0,1,IDNENKTLL
1651,1,1,0,1,IDVDKRTKL
1652,1,1,0,1,IDVSPEIML
1653,1,1,0,1,IDVTKVNPL
1655,1,1,0,0,IEAGDEVFF
1656,1,1,1,0,IEDAMPGVL
1678,1,1,0,0,IFRKKRLTI
1680,1,1,0,1,IGILHLILW
1681,1,1,0,1,IGKLFTQTM
1682,1,1,0,0,IGYRLGMGK
1684,1,1,0,0,IHDFVDKTL
1685,1,1,0,0,IHTVFGSAF
1689,1,1,0,0,IIGLLKIFR
1691,1,1,1,0,IIKNKKSIF
1698,1,1,0,1,IISLKYTRK
1711,1,1,1,0,ILDSFDPLV
1712,1,1,1,0,ILDTGTIQL
1713,1,1,1,0,ILFDRLPIA
1714,1,1,1,0,ILFGHENRV
1715,1,1,0,0,ILGETAWDF
1716,1,1,1,0,ILGLPTQTV
1717,1,1,1,0,ILGPPGSVY
1718,1,1,1,0,ILGTVSWNL
1719,1,1,1,0,ILGVFRRPF
1721,1,1,1,0,ILHNGAYSL
1722,1,1,0,0,ILHRLAPWI
1728,1,1,1,0,ILKEYPQVY
1730,1,1,0,1,ILLFPLPSF
1732,1,1,1,0,ILLSCIHTT
1733,1,1,1,0,ILLWEIPDV
1735,1,1,1,0,ILMDTICGT
1738,1,1,1,0,ILNDEQLNL
1739,1,1,1,0,ILNDSGETV
1740,1,1,0,0,ILNHKFCNL
1741,1,1,0,1,ILPIGTRSV
1742,1,1,0,0,ILQDMRNTI
1743,1,1,1,0,ILQDRIRMY
1745,1,1,1,0,ILRDGQRWY
1750,1,1,1,0,ILSDENYLL
1752,1,1,0,0,ILSPHNVVT
1753,1,1,1,0,ILTDGPERV
1754,1,1,1,0,ILTLANWCL
1755,1,1,1,0,ILVGDNSFV
1759,1,1,1,0,ILYMLSWGK
1760,1,1,1,0,ILYNEYNFV
1761,1,1,0,0,IMALKQAGL
1763,1,1,1,0,IMAVGLVSL
1766,1,1,1,0,IMGAVLIWV
1767,1,1,1,0,IMGIPYCNY
1768,1,1,1,0,IMKDKNTPF
1769,1,1,1,0,IMKQAASMK
1770,1,1,0,1,IMKVVNRWL
1780,1,1,0,0,IMYPSPNGH
1788,1,1,0,1,IPISDYTGY
1798,1,1,0,1,IPPGERQLI
1802,1,1,1,0,IPRNRDNLL
1803,1,1,0,0,IPRQWHPFA
1804,1,1,1,0,IPRRIRQGF
1805,1,1,1,0,IPRRIRQGL
1807,1,1,1,0,IPSINVHHY
1810,1,1,1,0,IPTAAGKNL
1812,1,1,1,0,IPVEPAFQV
1813,1,1,0,1,IPVRRGYTT
1815,1,1,1,0,IQAGVDRFY
1818,1,1,1,0,IQFMHEQGY
1819,1,1,1,0,IQGTLAKAY
1820,1,1,0,0,IQKGMFVVK
1822,1,1,1,0,IQNALEKAL
1826,1,1,1,0,IQRDQVTDY
1827,1,1,1,0,IQVNKGVAY
1829,1,1,1,0,IQYVIRAQL
1830,1,1,1,0,IRDGLQYGW
1835,1,1,0,0,IRLRPGGKK
1838,1,1,0,0,IRSAEVVSR
1840,1,1,0,0,IRTDSGNIL
1847,1,1,0,1,ISCQIYNAL
1849,1,1,1,0,ISDPLTSGL
1851,1,1,1,0,ISELSRLRY
1852,1,1,0,0,ISFDVSEKY
1854,1,1,0,1,ISGSNIVIF
1857,1,1,1,0,ISKANWMTY
1861,1,1,0,0,ISLWGSLLK
1868,1,1,1,0,ISTFYKSNY
1882,1,1,1,0,ITDFNIDTY
1884,1,1,1,0,ITDQVPFSV
1885,1,1,1,0,ITDWLNFTL
1892,1,1,1,0,ITLAKKYIY
1900,1,1,1,0,ITPTIYLLL
1905,1,1,0,0,ITSYKFESV
1908,1,1,0,1,ITTQWHLDM
1917,1,1,1,0,IVAWTRTAT
1925,1,1,0,0,IVKQRRWKL
1927,1,1,1,0,IVLSHILPL
1928,1,1,0,0,IVMRYVLDH
1930,1,1,0,1,IVRTNRNEL
1936,1,1,0,0,IWEVEDYGF
1956,1,1,1,0,IYTDEVYDY
1957,1,1,0,0,IYTLEYDGF
1964,1,1,1,0,KAAGAAVAL
1965,1,1,1,0,KACDLAMCY
1968,1,1,0,1,KAFPSNMMV
1969,1,1,0,1,KAFQDVLYV
1979,1,1,0,0,KAVETPILV
1989,1,1,1,0,KCNPNLHYW
1990,1,1,0,1,KCYGVSATK
1994,1,1,1,0,KEDPGDHIF
1998,1,1,1,0,KEHKGVGFL
2019,1,1,0,0,KGDTTTGVY
2021,1,1,1,0,KGGTGGWLW
2023,1,1,0,0,KGNVSALVK
2024,1,1,0,1,KGYVFGSFH
2025,1,1,0,0,KHDFIDNPL
2026,1,1,0,0,KHIKPIVEF
2030,1,1,1,0,KIDDMIEEV
2031,1,1,1,0,KIDVVGIEW
2033,1,1,0,0,KIEAPLLLH
2034,1,1,0,0,KIEDLINQL
2035,1,1,1,0,KIEIERKKL
2038,1,1,1,0,KIFKVTGEF
2039,1,1,1,0,KIGEVIGPK
2040,1,1,1,0,KIGPPTVTL
2041,1,1,1,0,KIGVICSSY
2042,1,1,1,0,KIIQRVQDL
2045,1,1,1,0,KIMQVDRPM
2046,1,1,0,0,KINIFMAFL
2048,1,1,0,0,KIPATVIAR
2049,1,1,0,0,KIQNFRVYY
2051,1,1,0,1,KIRNRIERL
2052,1,1,0,0,KISGSFSPH
2053,1,1,1,0,KISNTTFEV
2055,1,1,0,1,KIVPLPPMY
2056,1,1,0,1,KIYKSILFQ
2057,1,1,0,0,KKNHWFILK
2058,1,1,1,0,KLADMSIYC
2059,1,1,0,0,KLADYLLLQ
2063,1,1,1,0,KLAQRRVFH
2064,1,1,1,0,KLAQVRRAM
2065,1,1,1,0,KLDFIRNTK
2066,1,1,1,0,KLDPTNTLW
2071,1,1,1,0,KLFGFGAQF
2072,1,1,1,0,KLFIRQEEV
2074,1,1,1,0,KLFTHDIML
2077,1,1,0,0,KLGEGFKSL
2079,1,1,1,0,KLGIGNSPV
2080,1,1,0,0,KLHCTERSL
2082,1,1,1,0,KLIADSIDF
2083,1,1,1,0,KLIAVPHTK
2085,1,1,1,0,KLIDVSKCI
2087,1,1,1,0,KLIIHNPEL
2090,1,1,1,0,KLITQPLPA
2093,1,1,1,0,KLKSLYNTV
2094,1,1,1,0,KLLEPVLLL
2105,1,1,1,0,KLNENIIRF
2109,1,1,1,0,KLQDLTLRC
2111,1,1,1,0,KLQPSDTLL
2112,1,1,0,0,KLQWLFAAL
2113,1,1,1,0,KLRETGAPL
2114,1,1,1,0,KLRMVTGLR
2115,1,1,1,0,KLRSNALSL
2116,1,1,1,0,KLSDSKITV
2117,1,1,1,0,KLSSEQLSH
2118,1,1,0,0,KLSSMAAER
2119,1,1,1,0,KLTEEIIKL
2120,1,1,1,0,KLTELNAEL
2121,1,1,1,0,KLTFLDVEV
2122,1,1,1,0,KLTPLCVTL
2125,1,1,1,0,KLTQGRQTY
2126,1,1,1,0,KLTSYSAGL
2127,1,1,1,0,KLVANNTRL
2129,1,1,1,0,KLVGKTVKV
2130,1,1,1,0,KLWAQCVQL
2131,1,1,0,0,KLWASFFQG
2133,1,1,1,0,KLWTSISCA
2137,1,1,0,0,KLYFWIPWS
2143,1,1,0,0,KLYVPLSRH
2144,1,1,1,0,KMARAGLGH
2145,1,1,1,0,KMARAGLGK
2147,1,1,1,0,KMCTDKMSF
2148,1,1,1,0,KMDIGVPLL
2149,1,1,0,1,KMDVTPLDY
2152,1,1,0,0,KMFNSVGGA
2154,1,1,1,0,KMFTYLMES
2156,1,1,1,0,KMIDGIGRF
2158,1,1,1,0,KMKEIAEAY
2164,1,1,0,0,KMTLFKSIL
2167,1,1,1,0,KMVGTVQRV
2172,1,1,1,0,KPFNNILNL
2175,1,1,1,0,KPITYPKAL
2178,1,1,0,1,KPKLARGEL
2179,1,1,1,0,KPKLKVATL
2180,1,1,0,1,KPKTDYAGY
2181,1,1,1,0,KPRDDAAAL
2182,1,1,1,0,KPRNKGLRF
2183,1,1,1,0,KPRSPVVEL
2185,1,1,1,0,KPTGSASSL
2188,1,1,0,1,KPVYSYVLY
2190,1,1,1,0,KPYASKVFF
2191,1,1,1,0,KPYFPPRIL
2195,1,1,1,0,KQFKQDAKY
2196,1,1,1,0,KQIAEHATI
2197,1,1,1,0,KQINPPTVY
2209,1,1,1,0,KQNMRIRSK
2210,1,1,0,0,KQPNRPLFI
2211,1,1,1,0,KQRCALPSL
2212,1,1,1,0,KQRGGYAQF
2213,1,1,1,0,KQRKPGGPW
2214,1,1,1,0,KQSSFLSSL
2216,1,1,0,0,KQWIVAGAI
2217,1,1,0,0,KQWRGDKML
2232,1,1,0,0,KRKMARTAR
2240,1,1,0,1,KRPYVFVAA
2245,1,1,1,0,KRVVASLMR
2251,1,1,0,1,KRYLQAKSE
2258,1,1,1,0,KSAYPFDEL
2260,1,1,1,0,KSDLQPPNY
2262,1,1,0,0,KSEIEKATY
2268,1,1,1,0,KSFSAGMFH
2281,1,1,1,0,KSNGAQQWL
2283,1,1,0,1,KSPDVHEDF
2303,1,1,1,0,KTDEPRPAK
2305,1,1,1,0,KTDNDTILY
2320,1,1,1,0,KTMMQAHDL
2325,1,1,0,0,KTPWDRFCK
2326,1,1,1,0,KTRMEDYYL
2329,1,1,1,0,KTTARHLGH
2333,1,1,1,0,KTTKSWLQK
2337,1,1,0,0,KTVLFGRVM
2349,1,1,1,0,KVCRSPAQK
2357,1,1,1,0,KVGFIMLFH
2358,1,1,1,0,KVGHVGLYR
2360,1,1,0,0,KVHADDIPV
2362,1,1,0,0,KVHLTPAQL
2364,1,1,1,0,KVIDIDLER
2368,1,1,0,0,KVLDIDEIL
2379,1,1,1,0,KVVKLTPQV
2387,1,1,0,0,KWKKKLNQL
2393,1,1,0,1,KYFVRSTEK
2407,1,1,1,0,KYYTSYTLK
2411,1,1,1,0,LADKRPTAW
2415,1,1,0,1,LAILIWMYY
2416,1,1,1,0,LAIVTTPLV
2424,1,1,1,0,LARETGADL
2425,1,1,0,0,LARLFLYAL
2436,1,1,1,0,LAYEHDVPI
2437,1,1,1,0,LDVLSILKL
2442,1,1,1,0,LEDSHNGKL
2446,1,1,0,0,LEESHPGIF
2456,1,1,0,0,LEPRVFGWM
2460,1,1,1,0,LESLTDREL
2467,1,1,1,0,LFAGSIAAY
2469,1,1,1,0,LFLDKLWLW
2473,1,1,0,0,LGFGAYMSK
2474,1,1,1,0,LGTIYGFIW
2477,1,1,0,0,LHTVMRETL
2478,1,1,1,0,LIAATAITK
2480,1,1,1,0,LIDGRTSFY
2481,1,1,0,0,LIDNPDNNL
2482,1,1,0,0,LIGANYLGK
2485,1,1,1,0,LILDPKINV
2487,1,1,0,1,LINDQLIMK
2490,1,1,1,0,LITNTIAGV
2492,1,1,1,0,LLADGLAKA
2494,1,1,1,0,LLANILSEK
2497,1,1,1,0,LLCPAGHAV
2500,1,1,1,0,LLFDSNEPI
2504,1,1,0,0,LLFRMILNY
2505,1,1,1,0,LLGATCMFV
2507,1,1,1,0,LLGPVIGML
2508,1,1,1,0,LLGQNTPAI
2509,1,1,1,0,LLGRNSFEV
2511,1,1,0,1,LLHLKRPYR
2512,1,1,1,0,LLIENVASL
2513,1,1,1,0,LLIQGLKTV
2515,1,1,1,0,LLKLWIDKV
2516,1,1,0,0,LLKTRFRGL
2517,1,1,1,0,LLLKERGLK
2519,1,1,1,0,LLLPIAPEL
2522,1,1,1,0,LLLTLLATV
2525,1,1,0,0,LLMPKTASS
2527,1,1,1,0,LLNNSLGSV
2528,1,1,1,0,LLPDSDVFV
2529,1,1,1,0,LLPGVAHSI
2530,1,1,0,0,LLPRRGPRL
2531,1,1,1,0,LLQGVPFHV
2532,1,1,1,0,LLRDKDGVY
2537,1,1,1,0,LLTQSNAGF
2538,1,1,1,0,LLVAPAYSF
2543,1,1,1,0,LLYYWVHLF
2551,1,1,0,1,LMLASSAGH
2552,1,1,1,0,LMLASSAGK
2558,1,1,1,0,LMQCWQLLA
2559,1,1,0,0,LMQDCAIKA
2561,1,1,0,0,LMQSLYDWI
2564,1,1,0,0,LMRTNFLIK
2566,1,1,1,0,LMTAISQGI
2571,1,1,1,0,LMWDNVGLV
2574,1,1,1,0,LNIMNKLNI
2575,1,1,1,0,LNRPDIGLY
2585,1,1,1,0,LPAQLTATA
2587,1,1,0,1,LPASLKKNI
2591,1,1,1,0,LPEDIKRVY
2592,1,1,1,0,LPEFERRTL
2594,1,1,1,0,LPFHNVHPL
2599,1,1,1,0,LPIRTTRHF
2608,1,1,1,0,LPLTDRRHL
2612,1,1,1,0,LPNLITPRY
2616,1,1,0,0,LPPERRQPF
2617,1,1,0,0,LPPFTQHLL
2618,1,1,1,0,LPQANRDTL
2623,1,1,1,0,LPRDASQIT
2624,1,1,0,0,LPRERFRKT
2625,1,1,1,0,LPRPDTRHL
2633,1,1,1,0,LPSSSSYSY
2635,1,1,1,0,LPTKLRPSA
2651,1,1,1,0,LQIVRFTDY
2653,1,1,1,0,LQKIPLQWF
2654,1,1,1,0,LQKVPHTRY
2655,1,1,1,0,LQLARDGMF
2658,1,1,1,0,LQNFCQHLV
2662,1,1,1,0,LQSLENVAY
2663,1,1,1,0,LQSSSYPGY
2664,1,1,1,0,LQYAIRSVF
2665,1,1,0,1,LQYFNEWWK
2668,1,1,0,0,LRFDLTRDK
2669,1,1,0,1,LRGVAVGRK
2672,1,1,0,0,LRNIYETEF
2673,1,1,0,1,LRQKRKAGV
2675,1,1,0,1,LRWASGVSE
2681,1,1,1,0,LSARHASGK
2682,1,1,0,0,LSDAARLFL
2684,1,1,0,0,LSDDSGLMV
2685,1,1,1,0,LSDHQDLKW
2686,1,1,1,0,LSDLCNFLV
2687,1,1,1,0,LSDLKKTIY
2688,1,1,1,0,LSDLPGLGY
2691,1,1,0,0,LSELLYSPF
2692,1,1,0,0,LSFNVDFTH
2694,1,1,0,0,LSIDQKKSY
2696,1,1,1,0,LSKKGYILY
2701,1,1,0,0,LSPDDIEQW
2703,1,1,1,0,LSSKNNEHY
2705,1,1,1,0,LSSSVPSQK
2708,1,1,1,0,LSVSSRCPI
2712,1,1,1,0,LTDKSGSEY
2714,1,1,0,0,LTDRELLLL
2715,1,1,1,0,LTDSDSPTY
2716,1,1,1,0,LTEAQDQFY
2717,1,1,0,1,LTFGWCFKL
2724,1,1,1,0,LTIVFVPEV
2732,1,1,1,0,LTQRRTTPR
2736,1,1,0,1,LTSSSKYTY
2738,1,1,0,0,LTVNGRPLK
2745,1,1,1,0,LVEKVLKIL
2750,1,1,0,1,LVGGREWSY
2752,1,1,0,0,LVKSAWLSL
2795,1,1,1,0,MAMTGLPQA
2800,1,1,1,0,MASTPASRY
2827,1,1,1,0,MFMMIFHFV
2833,1,1,0,0,MGAGLVFPI
2837,1,1,0,1,MGKTITDVK
2842,1,1,1,0,MHGHGKHIL
2848,1,1,1,0,MIKPCCERV
2858,1,1,0,0,MKYVWPPIM
2859,1,1,0,0,MLAAPWVIM
2865,1,1,0,0,MLEEMQSAV
2871,1,1,0,0,MLKRRGFHL
2878,1,1,0,1,MLRLWWIPY
2893,1,1,1,0,MMGIILSKY
2897,1,1,0,0,MMLAQAYYG
2931,1,1,1,0,MPQMKKILK
2935,1,1,0,0,MPTVDEDLF
2947,1,1,0,0,MQACPVDAI
2949,1,1,0,1,MQDGRFDGI
2954,1,1,0,0,MQIDGGEGV
2956,1,1,1,0,MQLAKEHNF
2959,1,1,1,0,MQLQLNCAY
2964,1,1,1,0,MQQSGDEAF
2966,1,1,1,0,MQYEVTQHA
2970,1,1,1,0,MRDGGSATV
2971,1,1,1,0,MRDLRQHEV
2980,1,1,0,0,MSADNAGAL
2982,1,1,0,1,MSDIFASEV
2993,1,1,0,1,MSRAFGFTV
3001,1,1,0,0,MTACGRIVV
3005,1,1,1,0,MTDLSKKGY
3007,1,1,0,0,MTFPLHFRS
3021,1,1,0,1,MTQNISNDK
3040,1,1,0,0,MVAKYDLLV
3042,1,1,0,0,MVAWRVTMH
3061,1,1,1,0,MWGICNDWF
3065,1,1,1,0,MYGGRIVEK
3075,1,1,1,0,NADTGHSIY
3076,1,1,0,1,NAFGWENAY
3085,1,1,1,0,NEIRINIGA
3098,1,1,0,1,NFFHASLAY
3101,1,1,1,0,NGNFNFERV
3102,1,1,0,1,NHDGIQAGV
3103,1,1,0,1,NHHPRARSM
3109,1,1,1,0,NIMEFCKAY
3110,1,1,0,0,NISLPLYTV
3111,1,1,1,0,NIVFSPFGY
3114,1,1,0,0,NLEKKITNV
3116,1,1,0,0,NLIDWFNQT
3117,1,1,0,0,NLKDEQFPV
3119,1,1,0,0,NLPSKPVWL
3120,1,1,0,1,NLQPPALSK
3121,1,1,0,0,NLTAKQYIY
3123,1,1,1,0,NLWNGIVPT
3126,1,1,0,0,NMKWKFNAL
3129,1,1,1,0,NMQESSKSF
3130,1,1,1,0,NMVADLWHA
3133,1,1,0,0,NPALRMKWM
3136,1,1,0,1,NPKLRNCRI
3138,1,1,0,1,NPNSDLIKI
3139,1,1,1,0,NPQGERRAF
3140,1,1,0,0,NPSVLKILL
3141,1,1,0,1,NPVKTIKMF
3143,1,1,1,0,NQATTKTTF
3144,1,1,0,1,NQECWDSVF
3147,1,1,0,0,NQNDNEETV
3148,1,1,1,0,NQQGITPNY
3149,1,1,1,0,NQQVTNSKY
3150,1,1,0,1,NRDGDSYYY
3151,1,1,0,0,NRDVSFQDL
3152,1,1,0,1,NRLKPRDFK
3157,1,1,1,0,NSDEQSLEY
3158,1,1,0,0,NSDPEFNVL
3159,1,1,0,0,NSDPNTPDK
3160,1,1,0,0,NSDTVDWSW
3163,1,1,0,0,NSKVTIISY
3164,1,1,0,0,NSPVFNYNK
3166,1,1,0,0,NSSYWRQGY
3170,1,1,1,0,NTDAFSREY
3171,1,1,1,0,NTDIKTLKF
3172,1,1,1,0,NTDNKFISY
3186,1,1,1,0,NYIDKVRFL
3192,1,1,0,1,PECTLFESL
3193,1,1,0,0,PEDPVEIAL
3194,1,1,1,0,PEDVLKSLL
3195,1,1,0,1,PEGPLGQLL
3196,1,1,1,0,PFFFGFSHF
3197,1,1,1,0,PFGQWDQTF
3198,1,1,0,0,PILPKLFIL
3199,1,1,0,0,PLDGEYFTL
3200,1,1,1,0,PLFKRGWRL
3201,1,1,1,0,PLFPGITRV
3203,1,1,1,0,PLMALLTPV
3204,1,1,0,1,PLSRLFYPK
3205,1,1,1,0,PLWESATEV
3206,1,1,1,0,PLYRLSPKK
3207,1,1,0,0,PPIPVGDIY
3208,1,1,0,1,PPRARDRAL
3209,1,1,1,0,PQVLGGLSF
3210,1,1,0,0,PSDFFYLLF
3211,1,1,1,0,PSEKRIGAY
3213,1,1,1,0,PTDYAKPQY
3214,1,1,1,0,PVDEYITTY
3216,1,1,0,0,PYENLLYKL
3220,1,1,1,0,PYWQGIWDK
3221,1,1,1,0,PYWQVTGNW
3222,1,1,1,0,QAFEAGIDF
3225,1,1,1,0,QATAQAAAY
3233,1,1,0,0,QEPGPVGPL
3234,1,1,0,0,QEQLSDTPL
3241,1,1,0,0,QHFGLIPQW
3243,1,1,0,0,QHSFMANRM
3244,1,1,1,0,QHTRRVSVL
3245,1,1,1,0,QIDVEKKIV
3246,1,1,1,0,QIFNIISYI
3249,1,1,1,0,QLAFFVAGK
3250,1,1,1,0,QLAFTYCQV
3252,1,1,1,0,QLFKPLTKK
3253,1,1,1,0,QLKGMSYSM
3254,1,1,1,0,QLKQRDALF
3259,1,1,1,0,QLNMEKREV
3260,1,1,1,0,QLQANRRAY
3261,1,1,1,0,QLQCHQIAI
3262,1,1,0,1,QLQKIERWF
3270,1,1,1,0,QMRDVLGTF
3272,1,1,1,0,QMSWLPLCV
3273,1,1,1,0,QPAFMVASF
3278,1,1,0,0,QPQQSPQFF
3279,1,1,1,0,QPRAPIRPI
3280,1,1,0,0,QPREFNMML
3283,1,1,0,0,QQDTNSAGL
3284,1,1,0,0,QQLEADYTF
3288,1,1,0,1,QQSEARRML
3291,1,1,1,0,QQYTDEAPY
3295,1,1,1,0,QRTDLSYIK
3297,1,1,1,0,QSRKEFMSM
3299,1,1,0,0,QTDDGVRFT
3300,1,1,1,0,QTDNDIWFW
3301,1,1,0,0,QTDNQLAVF
3302,1,1,1,0,QTEENLLDF
3311,1,1,1,0,QVCERIPTI
3312,1,1,1,0,QVDQGIEYY
3314,1,1,1,0,QVKDEKLNL
3315,1,1,1,0,QVLSYAAPK
3316,1,1,1,0,QVNDVLHSV
3317,1,1,0,0,QVSIIQEKL
3325,1,1,1,0,QYLFSLTYV
3331,1,1,0,0,QYSPHSFMA
3334,1,1,1,0,RAAHRAGHL
3337,1,1,1,0,RAAQRRTAA
3338,1,1,0,0,RADEINAIL
3344,1,1,1,0,RAGAGVMPK
3345,1,1,0,1,RAIEAQQHL
3346,1,1,1,0,RAIMTTWTV
3353,1,1,0,0,RANESATIL
3356,1,1,1,0,RAPKVRLSL
3357,1,1,1,0,RARIKTRLF
3359,1,1,1,0,RARLVALAV
3362,1,1,1,0,RASHFRKLF
3367,1,1,1,0,RAWDPQPAM
3374,1,1,1,0,RCYPGYTLK
3376,1,1,0,0,RDITAFEGL
3390,1,1,0,1,REITFHGAK
3391,1,1,1,0,REKIDGVKL
3394,1,1,0,1,RELVRKTRF
3400,1,1,1,0,RENHTEGLL
3406,1,1,1,0,REVFDYLLP
3412,1,1,1,0,RFEAYGWQV
3417,1,1,0,0,RFSFNCSMK
3420,1,1,1,0,RGINDRNFW
3421,1,1,0,0,RGKLKRRAI
3423,1,1,0,0,RGRIGRTYL
3426,1,1,0,0,RHSDTAKAF
3428,1,1,1,0,RIAGRHMAV
3429,1,1,1,0,RIAQGVLQR
3436,1,1,0,0,RIIYIIRFL
3440,1,1,1,0,RIRAANLPI
3442,1,1,1,0,RIRSERPAF
3443,1,1,0,0,RISSIPVEY
3446,1,1,1,0,RIYKTIKQY
3450,1,1,1,0,RKAGVNQAK
3451,1,1,1,0,RKHGGMLVR
3453,1,1,0,0,RKKGGWFGK
3455,1,1,0,0,RKLLESQGR
3457,1,1,0,0,RKNGGNFLL
3458,1,1,0,0,RKRLMSMVK
3460,1,1,0,0,RKWGLDFCY
3461,1,1,1,0,RLADTTGAR
3470,1,1,1,0,RLCRFRKSK
3472,1,1,1,0,RLDARLQVL
3474,1,1,0,0,RLEDVFAGK
3480,1,1,1,0,RLGPQGWRV
3481,1,1,1,0,RLHDAWWTL
3491,1,1,1,0,RLKTTENSF
3492,1,1,1,0,RLLHRTTRH
3495,1,1,1,0,RLLQETELV
3503,1,1,1,0,RLNLKTSFH
3505,1,1,1,0,RLNSLGEAW
3508,1,1,1,0,RLPRIFCSC
3510,1,1,1,0,RLRDAVAQL
3511,1,1,1,0,RLRDLNQAV
3513,1,1,1,0,RLRQLPKKK
3516,1,1,1,0,RLSVKTFVH
3518,1,1,0,0,RLTGREGAV
3519,1,1,1,0,RLTRFLSRV
3520,1,1,0,0,RLVPLGCVK
3521,1,1,0,0,RLVTLKDIV
3523,1,1,0,0,RLWNGRRCR
3525,1,1,1,0,RLYEAIIHH
3527,1,1,1,0,RLYEWQHVS
3533,1,1,0,1,RMFLAMITY
3541,1,1,0,0,RMLHLSQMH
3552,1,1,1,0,RNMSRIFPY
3553,1,1,1,0,RNRDQSNAL
3559,1,1,1,0,RPAGPPIRL
3561,1,1,1,0,RPALHGSVE
3563,1,1,0,0,RPANRRRRR
3568,1,1,1,0,RPATKEQPF
3569,1,1,1,0,RPATTRGVE
3570,1,1,1,0,RPEAAAGQL
3573,1,1,1,0,RPGRFGSSA
3574,1,1,1,0,RPGSSDRVL
3575,1,1,1,0,RPIDDRFGL
3576,1,1,1,0,RPIVSTQLL
3577,1,1,1,0,RPKLRSAVV
3579,1,1,0,0,RPLLARMPE
3580,1,1,0,0,RPLMKNTYL
3586,1,1,1,0,RPNPDFNTF
3587,1,1,0,0,RPNRQLGSM
3588,1,1,0,0,RPPGCTFPA
3589,1,1,1,0,RPPIFIRRL
3590,1,1,1,0,RPPRRGDKF
3591,1,1,1,0,RPQASHQLL
3592,1,1,1,0,RPQVAKTLL
3594,1,1,1,0,RPRDAIRFL
3595,1,1,1,0,RPRDRCARI
3596,1,1,1,0,RPREATIIY
3597,1,1,1,0,RPRGHREFC
3598,1,1,1,0,RPRHQGVMV
3600,1,1,1,0,RPRIRLSAP
3601,1,1,1,0,RPRLDSITY
3603,1,1,0,1,RPRLWRSVI
3605,1,1,1,0,RPRQLRWSE
3607,1,1,0,1,RPRRASSPF
3609,1,1,0,0,RPRVAQLTF
3611,1,1,1,0,RPRWADARV
3612,1,1,1,0,RPRWLGADI
3613,1,1,1,0,RPSPPNPEL
3614,1,1,1,0,RPTEHRGEF
3615,1,1,1,0,RPTFDTRLM
3625,1,1,1,0,RQEKWMTGR
3642,1,1,1,0,RQNLSSSEL
3643,1,1,0,0,RQPLNIQAI
3646,1,1,1,0,RQRHYFDSA
3651,1,1,0,0,RQWRWPLGE
3662,1,1,1,0,RREGGGAVR
3671,1,1,0,0,RRFTQAIYD
3675,1,1,1,0,RRGKANKPR
3676,1,1,0,1,RRGLSQFTQ
3691,1,1,0,0,RRLVKVLNN
3701,1,1,0,1,RRQKRAAPP
3734,1,1,1,0,RSADLELER
3735,1,1,1,0,RSDEYVAYY
3736,1,1,0,0,RSFAERLDR
3749,1,1,1,0,RSPDGRLYK
3751,1,1,0,0,RSSKLVMRY
3752,1,1,0,0,RSSMKLLSY
3753,1,1,0,1,RSSPRETMK
3754,1,1,0,0,RSTLANGWY
3762,1,1,0,0,RTCSNWVPL
3770,1,1,1,0,RTGTRLLGR
3771,1,1,0,0,RTHEESLRL
3775,1,1,1,0,RTLDKVLEV
3783,1,1,0,1,RTMGWTEYQ
3787,1,1,0,0,RTQRSVRAL
3788,1,1,1,0,RTRAGRHAF
3795,1,1,0,0,RVACRDVEV
3796,1,1,1,0,RVARARRTL
3797,1,1,1,0,RVATDATAL
3799,1,1,1,0,RVDEIILFK
3801,1,1,0,1,RVERIKSEY
3804,1,1,0,0,RVFNGDDVK
3808,1,1,0,1,RVFYFAIFY
3813,1,1,1,0,RVIDSRKSV
3816,1,1,1,0,RVIRTVREK
3823,1,1,0,0,RVLDALTAL
3830,1,1,0,0,RVMAPRALL
3832,1,1,1,0,RVNKGTGVK
3837,1,1,1,0,RVRDNMTKK
3838,1,1,1,0,RVRGAVTGM
3839,1,1,1,0,RVRLSMLTV
3840,1,1,1,0,RVRPKKEVL
3842,1,1,0,0,RVRRLNWAA
3843,1,1,1,0,RVRSAHSTV
3844,1,1,1,0,RVRSLAKSL
3848,1,1,1,0,RVSSDQSAL
3849,1,1,0,0,RVSTGLYRY
3851,1,1,1,0,RVTIGSIVK
3854,1,1,1,0,RVWRGEQGK
3856,1,1,1,0,RVYAHDAQH
3866,1,1,1,0,RVYPNPEVY
3868,1,1,1,0,RVYSDHQAL
3876,1,1,0,0,RYDKSAADL
3895,1,1,1,0,RYQRMTGGY
3906,1,1,0,1,SADPLASLL
3908,1,1,1,0,SAHSADGHY
3918,1,1,1,0,SCINGQCPY
3920,1,1,0,0,SDACMMTMY
3921,1,1,0,1,SDDQLRLLK
3922,1,1,0,0,SDRLHHDPL
3937,1,1,1,0,SEPCEALDL
3943,1,1,1,0,SETQGTEKL
3948,1,1,0,1,SFGAGTLAK
3955,1,1,0,0,SFYGYGFNV
3957,1,1,0,0,SGFGGETPV
3958,1,1,0,1,SGIDTNAYY
3961,1,1,0,0,SHDLAPQFL
3962,1,1,0,1,SHDVLTVQF
3963,1,1,0,0,SHEGEGIPL
3964,1,1,0,0,SHEQGDIAL
3966,1,1,0,0,SHSIPNGLL
3968,1,1,1,0,SIDSSVDRY
3969,1,1,1,0,SIFERIREA
3970,1,1,0,0,SIFFDYMAI
3974,1,1,0,0,SILEYAKSI
3976,1,1,1,0,SINDLGCGY
3983,1,1,0,1,SIYFLRGNH
3984,1,1,0,0,SKGETVNPL
3985,1,1,0,0,SKLRALLTL
3991,1,1,1,0,SLDISLETV
3992,1,1,1,0,SLDQSVVEL
3993,1,1,0,0,SLFDVGKFT
3997,1,1,1,0,SLFKNVRLL
3998,1,1,1,0,SLFNRGRLK
3999,1,1,0,0,SLFNWLWYE
4003,1,1,0,0,SLGDPLHQA
4005,1,1,0,0,SLGQYIYET
4009,1,1,0,0,SLIPDATHL
4012,1,1,1,0,SLKERIDML
4014,1,1,0,0,SLLFREVWK
4015,1,1,1,0,SLLHESTLK
4016,1,1,1,0,SLLLELEEV
4019,1,1,0,1,SLLRGLIFY
4024,1,1,1,0,SLQECVKMA
4030,1,1,1,0,SLSNLDFRL
4031,1,1,0,0,SLSRFSWGA
4032,1,1,1,0,SLSSPDSAY
4033,1,1,1,0,SLTDRELLL
4034,1,1,1,0,SLTECPTFL
4035,1,1,1,0,SLTPSPLDL
4038,1,1,0,1,SLWAWVLLF
4040,1,1,0,1,SLYDIITVM
4041,1,1,1,0,SLYEKSGSV
4042,1,1,1,0,SLYGRYNCK
4049,1,1,0,0,SMFYGIFPS
4051,1,1,1,0,SMHYKLDEV
4053,1,1,1,0,SMIFSVLDA
4056,1,1,1,0,SMLLDNMEV
4062,1,1,1,0,SMQKTIPLV
4063,1,1,1,0,SMRFESSPH
4064,1,1,0,0,SMRSRARHI
4067,1,1,1,0,SMVKLPIFL
4068,1,1,1,0,SMYQLMITI
4070,1,1,1,0,SPADERAVA
4072,1,1,1,0,SPEMVRAAA
4073,1,1,1,0,SPGRKNGSF
4076,1,1,0,0,SPKIDRGWV
4082,1,1,1,0,SPRARRRSM
4083,1,1,1,0,SPRERLVLT
4084,1,1,1,0,SPRIKFLDL
4085,1,1,0,0,SPRSRNRSF
4086,1,1,1,0,SPRTLNAWV
4090,1,1,0,0,SPSPGVGDI
4091,1,1,1,0,SPSSKYVKL
4095,1,1,1,0,SPVMGVIGF
4102,1,1,1,0,SQEAEFTGY
4104,1,1,0,0,SQEVQNSIL
4106,1,1,1,0,SQHNYRPGY
4110,1,1,1,0,SQLEMCEKY
4113,1,1,1,0,SQMPPQKIM
4116,1,1,1,0,SQRVEFLEY
4117,1,1,1,0,SQRWCSLRY
4118,1,1,1,0,SQVRVPTVF
4129,1,1,1,0,SRGDRGLIL
4135,1,1,1,0,SRLKPSSFK
4136,1,1,0,0,SRLLMRRMR
4141,1,1,0,1,SRSKPAAMY
4148,1,1,0,0,SRYWAIRTR
4150,1,1,0,1,SSARYDVAL
4151,1,1,0,0,SSDDFALIV
4152,1,1,0,0,SSEADCFTY
4157,1,1,0,0,SSKLGGLWK
4162,1,1,0,0,SSMVNGVVR
4165,1,1,1,0,SSNVANYQK
4167,1,1,0,1,SSSFSFGGF
4171,1,1,0,0,SSVSSFERF
4173,1,1,1,0,SSYAAAQRK
4184,1,1,0,0,STGKSIKFK
4185,1,1,0,0,STGPLHGCK
4187,1,1,0,0,STHMENILK
4190,1,1,1,0,STLRTLKPY
4204,1,1,1,0,SVANIDRIK
4205,1,1,1,0,SVAPELVSK
4211,1,1,0,0,SVFELSNFA
4215,1,1,0,0,SVFQGALFA
4218,1,1,1,0,SVHSNAYGK
4226,1,1,1,0,SVMSTFFWE
4228,1,1,0,0,SVPFQTLGK
4237,1,1,0,0,SVYSWAIML
4238,1,1,0,0,SWHHTSDDF
4260,1,1,0,0,SYTLKLGEY
4262,1,1,0,1,SYYCAGLKK
4263,1,1,0,0,SYYPDQKSL
4266,1,1,0,0,TATPAWDAL
4270,1,1,0,1,TDYDTLIDV
4274,1,1,1,0,TEDNVPPWL
4276,1,1,1,0,TEEAFKIGL
4278,1,1,1,0,TEGEGRVIL
4281,1,1,1,0,TERDSFSLA
4293,1,1,0,0,TFYAEFPKK
4295,1,1,1,0,THADAHTQL
4297,1,1,0,0,THEANTMAM
4299,1,1,0,0,THYPTQNRF
4300,1,1,1,0,THYSGNIVH
4301,1,1,0,0,TIDGFAPFK
4302,1,1,1,0,TIDKSSPLY
4303,1,1,1,0,TIEELKQKL
4305,1,1,1,0,TIHSSGAAK
4308,1,1,0,0,TIKRRIRQL
4310,1,1,0,0,TINDLKMML
4311,1,1,0,1,TIPTNIPTL
4312,1,1,0,0,TISEAGQAM
4313,1,1,0,1,TIVTKVNNY
4314,1,1,0,0,TKAGMAQYL
4315,1,1,1,0,TKDETREQL
4316,1,1,0,0,TKDTNDNNL
4317,1,1,1,0,TKEAEHAPL
4319,1,1,1,0,TLAAAANSY
4321,1,1,1,0,TLAQSLIDV
4322,1,1,0,1,TLATANKIY
4323,1,1,1,0,TLDSQVMSL
4326,1,1,0,1,TLFPGDDDL
4327,1,1,0,0,TLHFKQYEF
4328,1,1,0,0,TLHFLTRGK
4329,1,1,0,0,TLKDAMLQL
4330,1,1,0,0,TLKDGDFIL
4331,1,1,0,1,TLKGTSYKM
4332,1,1,0,0,TLKPGTMSV
4333,1,1,0,0,TLKQRLTNL
4335,1,1,1,0,TLLCGAATA
4340,1,1,1,0,TLLMNELGV
4341,1,1,0,0,TLMFGFFGF
4343,1,1,1,0,TLNAWVKVV
4345,1,1,0,0,TLRAAMISL
4348,1,1,0,0,TLRVLQDQL
4354,1,1,1,0,TLYDRYLIH
4355,1,1,1,0,TLYDRYLIK
4356,1,1,1,0,TLYEAVRKV
4360,1,1,1,0,TMDVNHPIY
4361,1,1,0,0,TMGAASITL
4362,1,1,1,0,TMGPHPAGV
4374,1,1,1,0,TPANQAISM
4376,1,1,1,0,TPATDGATF
4378,1,1,1,0,TPFDVEDTF
4382,1,1,0,0,TPKIRFWHV
4384,1,1,0,0,TPPKSFKSL
4385,1,1,1,0,TPPVDRMAV
4386,1,1,1,0,TPRDLGACI
4388,1,1,1,0,TPRIEGGTF
4390,1,1,0,0,TPRPRYNAT
4391,1,1,1,0,TPSGKRLQI
4392,1,1,0,1,TPSHYSGNI
4400,1,1,0,0,TQDLFLPFY
4402,1,1,1,0,TQFESLKIY
4406,1,1,1,0,TQIQTRRSF
4407,1,1,0,0,TQLPSKPHY
4411,1,1,1,0,TQWCSRSVY
4427,1,1,0,0,TSDGFINGW
4430,1,1,1,0,TSKFLMGTY
4440,1,1,1,0,TTDDSTSYY
4445,1,1,1,0,TTHSKGATK
4458,1,1,1,0,TTNTQNNDW
4463,1,1,1,0,TTTYKAFDW
4467,1,1,1,0,TVADVRHCL
4473,1,1,1,0,TVDSLSPLK
4474,1,1,1,0,TVEESTLKY
4479,1,1,0,0,TVGYMYIMK
4482,1,1,0,0,TVHIGPTAF
4483,1,1,0,0,TVIDVNTGK
4484,1,1,1,0,TVIEGLDKL
4492,1,1,0,0,TVLDINIDK
4493,1,1,0,0,TVLDVGDAY
4501,1,1,0,0,TVQKDGMYF
4502,1,1,0,1,TVRPGNKGY
4511,1,1,1,0,TWVIALGYF
4525,1,1,0,0,VAAKGAPAL
4532,1,1,0,0,VAYHFHEPL
4533,1,1,0,1,VDDIDNGIV
4534,1,1,1,0,VDKVKQLLA
4535,1,1,0,1,VDLKPSFLV
4549,1,1,0,0,VERLKHGTF
4556,1,1,0,0,VFMDNAFKK
4559,1,1,0,0,VGYRQAWEY
4561,1,1,0,1,VHAVYDSML
4562,1,1,0,0,VHDTNATKL
4564,1,1,0,1,VIARTHTAL
4567,1,1,1,0,VIKPDYLEY
4568,1,1,1,0,VILNYIPVL
4569,1,1,1,0,VIMWYNYLF
4577,1,1,1,0,VLCPYMPKV
4579,1,1,1,0,VLDEPSIGL
4580,1,1,1,0,VLDKWNTNY
4581,1,1,1,0,VLDRRLHLV
4582,1,1,0,0,VLESCWPDV
4583,1,1,1,0,VLFKTESGF
4584,1,1,1,0,VLFMVAWGK
4585,1,1,0,0,VLFRLENHA
4586,1,1,1,0,VLFSSDFRI
4587,1,1,0,0,VLGSWPVDL
4588,1,1,0,0,VLGYSRMLY
4589,1,1,1,0,VLIDAGLPK
4592,1,1,1,0,VLIRRCHYL
4593,1,1,0,0,VLISPVSIL
4594,1,1,0,0,VLKLRFWLI
4596,1,1,1,0,VLLAFLNSM
4597,1,1,1,0,VLLEARQAY
4600,1,1,1,0,VLNDQYAKV
4601,1,1,1,0,VLNETTNWL
4606,1,1,1,0,VLPDVFIRC
4608,1,1,1,0,VLPFDIKYI
4609,1,1,0,0,VLPPLSADL
4610,1,1,1,0,VLQSAANMY
4611,1,1,1,0,VLRACWNEK
4612,1,1,1,0,VLRKRWTAK
4613,1,1,1,0,VLRQAALSL
4614,1,1,0,0,VLRRGALAH
4616,1,1,1,0,VLSDLCNFL
4619,1,1,1,0,VLSLELPEV
4620,1,1,0,0,VLSPLPSQA
4621,1,1,1,0,VLSPTIGHV
4623,1,1,0,0,VLVKSPNHV
4628,1,1,1,0,VLYHRYNLV
4633,1,1,0,1,VMAPDKPSL
4639,1,1,0,0,VMGVIGFGF
4642,1,1,1,0,VMLQQQAMK
4645,1,1,1,0,VMNPLGLNV
4649,1,1,0,0,VMTDGPANK
4650,1,1,1,0,VMTEGRHAV
4652,1,1,0,1,VNRWLFRHL
4660,1,1,1,0,VPAQNAIST
4666,1,1,0,0,VPGLSPEAL
4667,1,1,1,0,VPGSETMCY
4668,1,1,1,0,VPHVIEEVM
4670,1,1,0,1,VPKEDYYFI
4675,1,1,0,0,VPPGRVWVM
4679,1,1,1,0,VPRPLMGSL
4682,1,1,1,0,VPRVHNQPQ
4685,1,1,0,0,VPVQVKGRF
4688,1,1,0,1,VQGFIFFFL
4689,1,1,1,0,VQGPGGSTY
4691,1,1,1,0,VQHPELTGL
4692,1,1,1,0,VQLDWQGDY
4695,1,1,1,0,VQTAAAVVF
4696,1,1,1,0,VQTVRTQVY
4698,1,1,0,0,VRDVVMPAL
4705,1,1,1,0,VSDGGPNLY
4706,1,1,1,0,VSDRPVMRY
4709,1,1,1,0,VSEKYTDMY
4715,1,1,1,0,VSHCRATEY
4717,1,1,1,0,VSIRGSHHK
4727,1,1,1,0,VSRDFDDVY
4732,1,1,1,0,VSSQESLEY
4736,1,1,1,0,VTDEGTSSF
4738,1,1,1,0,VTDTALAYF
4739,1,1,1,0,VTECKLIYY
4740,1,1,1,0,VTEHDTLLY
4746,1,1,0,0,VTGCASLYV
4747,1,1,0,0,VTGKMIDDY
4752,1,1,1,0,VTLGGTMAK
4756,1,1,1,0,VTNRHEEKF
4760,1,1,1,0,VTTEVAFGL
4763,1,1,1,0,VTTQRQSVY
4767,1,1,0,0,VVAVGGLAI
4768,1,1,1,0,VVDKYFDCY
4772,1,1,1,0,VVKQLPASF
4774,1,1,0,0,VVLLRAYAK
4778,1,1,0,0,VVNYDNSTK
4780,1,1,0,0,VVPYEPPEV
4782,1,1,1,0,VVSYEAGEW
4783,1,1,1,0,VVTLIPLCR
4789,1,1,1,0,VVYKTGAIR
4791,1,1,1,0,VVYPDGYDK
4800,1,1,0,0,VYRIMTRGL
4806,1,1,0,0,WADMPLHQW
4808,1,1,0,1,WAKLLKQKW
4812,1,1,1,0,WAQIGHIPY
4813,1,1,0,0,WAQSGRRAL
4814,1,1,0,1,WASGVPAAT
4817,1,1,1,0,WASRELERF
4819,1,1,1,0,WCMQHLPSY
4831,1,1,0,0,WFGHLASDW
4836,1,1,0,1,WFREDRSPV
4839,1,1,0,0,WGKEAVNHF
4840,1,1,0,0,WHDWQQVPF
4847,1,1,0,0,WIPKRNRSI
4855,1,1,1,0,WLGNHGFEV
4856,1,1,1,0,WLHRGPKEF
4858,1,1,0,0,WLKEKHEEL
4860,1,1,1,0,WLKGNISPV
4863,1,1,0,0,WLQKIPLQW
4865,1,1,0,1,WLRAMPPRM
4866,1,1,1,0,WLSLLVPFV
4867,1,1,0,1,WLSVIAFGK
4868,1,1,1,0,WLVNTYQNY
4869,1,1,0,1,WLWVSSSDM
4870,1,1,0,0,WLYDLWGQL
4883,1,1,0,0,WMQELRAGA
4917,1,1,1,0,WQRRYRRIY
4921,1,1,0,0,WRMGYRTHN
4930,1,1,1,0,WSHRVTSPK
4940,1,1,1,0,WTLETLPRV
4945,1,1,0,0,WVSRFGERK
4946,1,1,1,0,WVWDTWPLA
4949,1,1,0,0,WYDALCVLL
4954,1,1,0,0,WYYDFHFFV
4959,1,1,0,0,YAKKFKTGM
4966,1,1,0,0,YARAGSSSH
4971,1,1,0,1,YARYVLQKL
4974,1,1,0,1,YDKILSYIY
4977,1,1,1,0,YEEAGRGSM
4992,1,1,1,0,YFDPANGKF
4993,1,1,0,0,YFENSDLNL
4997,1,1,1,0,YFIFVRAIL
5001,1,1,1,0,YFRNSGMTY
5002,1,1,0,0,YFVPNLKDM
5005,1,1,1,0,YGIGVGSGY
5006,1,1,0,0,YGIPFPGSL
5008,1,1,1,0,YGVKNLFDW
5009,1,1,0,1,YHDDDNTTT
5019,1,1,0,1,YHRFGLYRL
5021,1,1,0,0,YIDISDVKV
5028,1,1,0,0,YIIKKNDIV
5029,1,1,1,0,YIIPCILIL
5031,1,1,1,0,YIITCCLFA
5036,1,1,1,0,YINNNIEEI
5040,1,1,0,0,YITDYSNDI
5041,1,1,1,0,YITNRLELL
5050,1,1,1,0,YKDANISMY
5066,1,1,0,0,YLDLIKCNW
5068,1,1,0,0,YLEGTRTLL
5069,1,1,1,0,YLEPGPVTA
5072,1,1,1,0,YLGLTQPFL
5073,1,1,0,0,YLGSWATGK
5074,1,1,1,0,YLGTALMGA
5075,1,1,1,0,YLGTPNNTY
5077,1,1,1,0,YLHIHPFKI
5078,1,1,1,0,YLHPKDKYL
5079,1,1,1,0,YLHRDIFDI
5082,1,1,1,0,YLIIGILTL
5089,1,1,1,0,YLKKLDDFY
5092,1,1,1,0,YLKPPTAPH
5098,1,1,1,0,YLLLALSLA
5104,1,1,1,0,YLNGGRRGY
5107,1,1,0,0,YLPEDSDIL
5109,1,1,1,0,YLPLSVFII
5113,1,1,1,0,YLQYSISTA
5124,1,1,1,0,YLSGTDDEV
5132,1,1,1,0,YLYDETQDV
5138,1,1,1,0,YLYQPCDLL
5151,1,1,1,0,YMLKDSAPT
5153,1,1,1,0,YMLSWGKEA
5154,1,1,1,0,YMLWNSWLS
5155,1,1,1,0,YMNGTMSQV
5157,1,1,0,0,YMQFAKQCY
5174,1,1,0,1,YNDWEGNEL
5189,1,1,0,0,YPIYGLQFH
5192,1,1,1,0,YPLHEQHGM
5193,1,1,1,0,YPLTFGWCF
5195,1,1,0,1,YPNQEYDYF
5206,1,1,1,0,YQAFRTKVH
5214,1,1,1,0,YQFTGIKKY
5220,1,1,1,0,YQKVGMQKY
5224,1,1,1,0,YQPEREKVY
5228,1,1,1,0,YQTDSGCWY
5229,1,1,1,0,YQTYVSPGA
5235,1,1,0,1,YQYIFLSFF
5237,1,1,0,0,YRAKVKPWA
5246,1,1,0,1,YRGEYRQSR
5257,1,1,0,0,YRRGTFVGR
5260,1,1,1,0,YRSGVPVEK
5271,1,1,0,1,YRYKMPVME
5277,1,1,0,1,YSAWGGYNL
5279,1,1,1,0,YSDIPRLKK
5290,1,1,1,0,YSLMSRYQF
5302,1,1,0,0,YTDDYPMYK
5305,1,1,0,0,YTDYLTVMD
5325,1,1,1,0,YTLNDAPYI
5345,1,1,1,0,YTYSKVLGV
5356,1,1,1,0,YVKQNTLKL
5358,1,1,1,0,YVLSFQVTF
5360,1,1,1,0,YVRALGDAV
5369,1,1,0,0,YWKYEIVRI
5387,1,1,1,0,YYSNKAYQY
5392,1,1,0,0,YYWPRPRRY
